-- 				*** Statistical Summary of Data Inserts	***            
-- ----------------------------------------------------------------------
						-- Table-wise Record Counts:
-- ----------------------------------------------------------------------
--   addresses             : 100 records
--   star_ratings          : 5 records
--   hotel_chains          : 20 records
--   hotels                : 50 records
--   room_types            : 4 records
--   rooms                 : 400 records
--   guests                : 200 records
--   reservation_statuses  : 5 records
--   discounts             : 20 records
--   bookings              : 1005 records
--   booked_rooms          : 1003 records
--   hotel_services        : 100 records
--   hotel_service_usages  : 500 records
--   invoices              : 1003 records
--   feedbacks             : 300 records
--   maintenances          : 150 records
--   hotel_chain_hotels    : 20 records
--   room_rate_discounts   : 20 records
-- ----------------------------------------------------------------------

-- addresses
INSERT INTO addresses (address_id, street, city, state, zip_code, country, created_at, updated_at) VALUES
(1, '43321 Brittany Bypass', 'North Jefferyhaven', 'Rhode Island', '03979', 'Moldova', '2025-04-19 04:49:24', '2025-04-19 04:49:24'),
(2, '863 Lawrence Valleys', 'Port Lindachester', 'Michigan', '36922', 'Cape Verde', '2025-04-19 04:49:24', '2025-04-19 04:49:24'),
(3, '1161 Abbott Rapids', 'Lindsaymouth', 'Ohio', '16862', 'Uzbekistan', '2025-04-19 04:49:24', '2025-04-19 04:49:24'),
(4, '84959 Janet Cape Apt. 413', 'South Joshuastad', 'Hawaii', '49021', 'Guinea', '2025-04-19 04:49:24', '2025-04-19 04:49:24'),
(5, '419 Amanda Gardens', 'South Noah', 'South Dakota', '90699', 'Micronesia', '2025-04-19 04:49:24', '2025-04-19 04:49:24'),
(6, '503 Linda Locks', 'Carlshire', 'Virginia', '41746', 'Croatia', '2025-04-19 04:49:24', '2025-04-19 04:49:24'),
(7, '7242 Julie Plain Suite 969', 'Coxberg', 'North Carolina', '65187', 'Bermuda', '2025-04-19 04:49:24', '2025-04-19 04:49:24'),
(8, '22691 James Mountain', 'Tashatown', 'Utah', '94967', 'Brazil', '2025-04-19 04:49:24', '2025-04-19 04:49:24'),
(9, '514 Moore Alley Suite 828', 'Port Colleenhaven', 'Rhode Island', '26572', 'Cape Verde', '2025-04-19 04:49:24', '2025-04-19 04:49:24'),
(10, '88095 Smith Lake Suite 303', 'North Jessicaland', 'Wisconsin', '70323', 'Seychelles', '2025-04-19 04:49:24', '2025-04-19 04:49:24'),
(11, '78248 Brandt Plains', 'Lake Larry', 'Texas', '85681', 'Holy See (Vatican City State)', '2025-04-19 04:49:24', '2025-04-19 04:49:24'),
(12, '713 Caleb Brooks Apt. 930', 'Lake Crystalbury', 'California', '04618', 'Tokelau', '2025-04-19 04:49:24', '2025-04-19 04:49:24'),
(13, '83473 Jennifer Ports Suite 376', 'North Collin', 'Nevada', '46939', 'Jamaica', '2025-04-19 04:49:24', '2025-04-19 04:49:24'),
(14, '0106 Mcbride Coves Apt. 338', 'Taylorburgh', 'Louisiana', '61138', 'Egypt', '2025-04-19 04:49:24', '2025-04-19 04:49:24'),
(15, '8108 Tanya Terrace', 'East Richard', 'New Mexico', '28517', 'Tonga', '2025-04-19 04:49:24', '2025-04-19 04:49:24'),
(16, '26064 Mitchell Square Suite 234', 'North Beth', 'Ohio', '08490', 'San Marino', '2025-04-19 04:49:24', '2025-04-19 04:49:24'),
(17, '09788 Brian Pass Apt. 219', 'Lake Michellefurt', 'Delaware', '75169', 'Egypt', '2025-04-19 04:49:24', '2025-04-19 04:49:24'),
(18, '169 Donovan Ford', 'Johnfurt', 'Florida', '88540', 'Oman', '2025-04-19 04:49:24', '2025-04-19 04:49:24'),
(19, '5107 Charles Forest Suite 251', 'West Justin', 'New Hampshire', '71701', 'Romania', '2025-04-19 04:49:24', '2025-04-19 04:49:24'),
(20, '808 Huynh Cove Apt. 411', 'West Juan', 'Indiana', '94559', 'Guam', '2025-04-19 04:49:24', '2025-04-19 04:49:24'),
(21, '487 Whitehead Vista', 'North Cynthiaview', 'Arizona', '00965', 'Grenada', '2025-04-19 04:49:24', '2025-04-19 04:49:24'),
(22, '427 Hoffman Creek', 'Lake Rebeccaside', 'Arizona', '48894', 'Mozambique', '2025-04-19 04:49:24', '2025-04-19 04:49:24'),
(23, '2045 Rachel Fords', 'Lake Curtis', 'Wyoming', '73886', 'Turks and Caicos Islands', '2025-04-19 04:49:24', '2025-04-19 04:49:24'),
(24, '232 Nicole Burg Apt. 563', 'Erikville', 'Missouri', '05576', 'Togo', '2025-04-19 04:49:24', '2025-04-19 04:49:24'),
(25, '37543 Andrew Fields Suite 541', 'Michaelhaven', 'Montana', '89566', 'Tajikistan', '2025-04-19 04:49:24', '2025-04-19 04:49:24'),
(26, '14294 Daniel Mews Suite 569', 'South Rachelborough', 'Kentucky', '06318', 'Russian Federation', '2025-04-19 04:49:24', '2025-04-19 04:49:24'),
(27, '88356 Stacy Isle Suite 148', 'Elizabethmouth', 'Montana', '91885', 'French Polynesia', '2025-04-19 04:49:24', '2025-04-19 04:49:24'),
(28, '66299 Sullivan Village', 'West Justinchester', 'Pennsylvania', '80017', 'Palau', '2025-04-19 04:49:24', '2025-04-19 04:49:24'),
(29, '7738 Leon Underpass Apt. 148', 'Clarencebury', 'Utah', '41188', 'Czech Republic', '2025-04-19 04:49:24', '2025-04-19 04:49:24'),
(30, '00379 Stanley Roads', 'Lake Heather', 'New York', '52884', 'Ecuador', '2025-04-19 04:49:24', '2025-04-19 04:49:24'),
(31, '016 Gregory Square', 'Williamsbury', 'Delaware', '60330', 'Burkina Faso', '2025-04-19 04:49:24', '2025-04-19 04:49:24'),
(32, '889 Dodson Mills Suite 872', 'Colebury', 'South Dakota', '36848', 'Seychelles', '2025-04-19 04:49:24', '2025-04-19 04:49:24'),
(33, '347 Jennifer Freeway Suite 558', 'East Edwardfurt', 'Vermont', '20529', 'Romania', '2025-04-19 04:49:24', '2025-04-19 04:49:24'),
(34, '66587 Brown Village', 'Priceshire', 'Vermont', '03061', 'Togo', '2025-04-19 04:49:24', '2025-04-19 04:49:24'),
(35, '0546 Medina Street Apt. 734', 'Tuckerfurt', 'Michigan', '88171', 'Philippines', '2025-04-19 04:49:24', '2025-04-19 04:49:24'),
(36, '272 Rebecca Ramp Apt. 162', 'Whiteview', 'Missouri', '43407', 'Croatia', '2025-04-19 04:49:24', '2025-04-19 04:49:24'),
(37, '5646 Conley Mountains Apt. 805', 'Lake Casey', 'Tennessee', '05777', 'Saudi Arabia', '2025-04-19 04:49:24', '2025-04-19 04:49:24'),
(38, '30923 Thomas Crescent', 'South Holly', 'Wyoming', '48852', 'Chad', '2025-04-19 04:49:24', '2025-04-19 04:49:24'),
(39, '41904 Sanders Stravenue', 'North Brittany', 'South Dakota', '32331', 'Bosnia and Herzegovina', '2025-04-19 04:49:24', '2025-04-19 04:49:24'),
(40, '919 Michael Meadow Suite 185', 'Port Robertfort', 'Connecticut', '57323', 'Guyana', '2025-04-19 04:49:24', '2025-04-19 04:49:24'),
(41, '262 Gilbert Plain Suite 769', 'Marcusbury', 'Colorado', '37060', 'Turkmenistan', '2025-04-19 04:49:24', '2025-04-19 04:49:24'),
(42, '79965 Troy Islands Apt. 735', 'Matthewview', 'Oklahoma', '01831', 'Malaysia', '2025-04-19 04:49:24', '2025-04-19 04:49:24'),
(43, '36783 Brewer Overpass', 'Mcguireland', 'Maine', '29546', 'Iraq', '2025-04-19 04:49:24', '2025-04-19 04:49:24'),
(44, '9578 Coleman Summit', 'Michaelmouth', 'Louisiana', '40690', 'El Salvador', '2025-04-19 04:49:24', '2025-04-19 04:49:24'),
(45, '35182 Javier Orchard', 'Jennyhaven', 'Rhode Island', '37594', 'Bolivia', '2025-04-19 04:49:24', '2025-04-19 04:49:24'),
(46, '3524 Jean Crossroad', 'Brandonton', 'Oklahoma', '38791', 'Qatar', '2025-04-19 04:49:24', '2025-04-19 04:49:24'),
(47, '710 Harrison Mill', 'Jackton', 'Kentucky', '63117', 'Brazil', '2025-04-19 04:49:24', '2025-04-19 04:49:24'),
(48, '7190 Edward Port', 'Christopherbury', 'Delaware', '73648', 'Serbia', '2025-04-19 04:49:24', '2025-04-19 04:49:24'),
(49, '993 Hayes Mills Suite 964', 'New Susanville', 'Wisconsin', '27736', 'Nigeria', '2025-04-19 04:49:24', '2025-04-19 04:49:24'),
(50, '1232 Eric Lodge', 'Norrisfort', 'Maine', '04779', 'Djibouti', '2025-04-19 04:49:24', '2025-04-19 04:49:24'),
(51, '471 Sandra Turnpike Apt. 618', 'Lake Edward', 'Louisiana', '19144', 'Barbados', '2025-04-19 04:49:24', '2025-04-19 04:49:24'),
(52, '49947 Taylor Hollow', 'Benderhaven', 'Ohio', '65223', 'Kazakhstan', '2025-04-19 04:49:24', '2025-04-19 04:49:24'),
(53, '065 Johnson Forks', 'Port Emilyview', 'Oregon', '05774', 'Serbia', '2025-04-19 04:49:24', '2025-04-19 04:49:24'),
(54, '8742 Walters Overpass', 'South Michaelmouth', 'Massachusetts', '88336', 'Bosnia and Herzegovina', '2025-04-19 04:49:24', '2025-04-19 04:49:24'),
(55, '6746 Shawn Island', 'Marcusfurt', 'North Carolina', '00651', 'Palestinian Territory', '2025-04-19 04:49:24', '2025-04-19 04:49:24'),
(56, '0385 Garrett Trace Apt. 348', 'West Samuel', 'Vermont', '64033', 'British Virgin Islands', '2025-04-19 04:49:24', '2025-04-19 04:49:24'),
(57, '932 Pierce Plaza', 'Davisville', 'New Jersey', '15897', 'Oman', '2025-04-19 04:49:24', '2025-04-19 04:49:24'),
(58, '4846 Baird Gardens', 'Arnoldfurt', 'Illinois', '79062', 'Madagascar', '2025-04-19 04:49:24', '2025-04-19 04:49:24'),
(59, '46584 Justin Hills', 'Grimesmouth', 'Ohio', '63984', 'Guatemala', '2025-04-19 04:49:24', '2025-04-19 04:49:24'),
(60, '867 Kane Square Apt. 963', 'Williamsfort', 'Virginia', '50469', 'Hungary', '2025-04-19 04:49:24', '2025-04-19 04:49:24'),
(61, '0289 Kane Well', 'Garciamouth', 'Alabama', '95193', 'Cambodia', '2025-04-19 04:49:24', '2025-04-19 04:49:24'),
(62, '217 Morgan Square Suite 158', 'Finleyfort', 'Ohio', '05206', 'Nicaragua', '2025-04-19 04:49:24', '2025-04-19 04:49:24'),
(63, '43161 Scott Square', 'Rebeccaton', 'Massachusetts', '07856', 'French Polynesia', '2025-04-19 04:49:24', '2025-04-19 04:49:24'),
(64, '6238 Knight Turnpike Apt. 221', 'Harveybury', 'New York', '76936', 'Cambodia', '2025-04-19 04:49:24', '2025-04-19 04:49:24'),
(65, '4740 Santana Springs', 'North Scott', 'Minnesota', '77515', 'French Southern Territories', '2025-04-19 04:49:24', '2025-04-19 04:49:24'),
(66, '474 Yvonne Walk Suite 136', 'Baileyport', 'Alaska', '86776', 'Indonesia', '2025-04-19 04:49:24', '2025-04-19 04:49:24'),
(67, '90974 Catherine Knoll Apt. 394', 'Lake Colton', 'South Dakota', '85218', 'Armenia', '2025-04-19 04:49:24', '2025-04-19 04:49:24'),
(68, '0952 Renee Islands Suite 232', 'Alyssaview', 'Hawaii', '34182', 'United States Minor Outlying Islands', '2025-04-19 04:49:24', '2025-04-19 04:49:24'),
(69, '5171 Karen Fork Suite 851', 'Smithside', 'Delaware', '60110', 'Heard Island and McDonald Islands', '2025-04-19 04:49:24', '2025-04-19 04:49:24'),
(70, '651 Thomas River Suite 931', 'Blankenshipport', 'Tennessee', '54017', 'Brazil', '2025-04-19 04:49:24', '2025-04-19 04:49:24'),
(71, '04711 Paige Dale', 'Chavezside', 'Nebraska', '77484', 'Samoa', '2025-04-19 04:49:24', '2025-04-19 04:49:24'),
(72, '1796 Johnson Land', 'South Sean', 'Kansas', '48038', 'Bolivia', '2025-04-19 04:49:24', '2025-04-19 04:49:24'),
(73, '506 Lopez Crossing Suite 139', 'North Kristinbury', 'Florida', '74501', 'Costa Rica', '2025-04-19 04:49:24', '2025-04-19 04:49:24'),
(74, '393 Mark Drive', 'West Micheleberg', 'Florida', '71308', 'El Salvador', '2025-04-19 04:49:24', '2025-04-19 04:49:24'),
(75, '02053 Smith Greens', 'East Judyhaven', 'Delaware', '98236', 'Bahrain', '2025-04-19 04:49:24', '2025-04-19 04:49:24'),
(76, '5891 Gordon Ridges Apt. 847', 'North Yolandafurt', 'Nevada', '90429', 'Botswana', '2025-04-19 04:49:24', '2025-04-19 04:49:24'),
(77, '711 Franklin Circles Apt. 499', 'Oscarhaven', 'Maine', '59970', 'Macedonia', '2025-04-19 04:49:24', '2025-04-19 04:49:24'),
(78, '18367 Robert Views Suite 661', 'Ronaldview', 'Mississippi', '20507', 'Poland', '2025-04-19 04:49:24', '2025-04-19 04:49:24'),
(79, '11161 Cain Point Apt. 988', 'Elizabethchester', 'Minnesota', '87708', 'Wallis and Futuna', '2025-04-19 04:49:24', '2025-04-19 04:49:24'),
(80, '049 Bell Ports Apt. 273', 'West Meganstad', 'Delaware', '37013', 'Montenegro', '2025-04-19 04:49:24', '2025-04-19 04:49:24'),
(81, '8998 Chelsea Shoals', 'Anthonyview', 'Vermont', '41000', 'Uruguay', '2025-04-19 04:49:24', '2025-04-19 04:49:24'),
(82, '0229 Jones Streets Apt. 183', 'Barnesmouth', 'Hawaii', '49004', 'Georgia', '2025-04-19 04:49:24', '2025-04-19 04:49:24'),
(83, '910 Eric River Apt. 147', 'Tuckermouth', 'Nebraska', '36305', 'Cuba', '2025-04-19 04:49:24', '2025-04-19 04:49:24'),
(84, '6149 Rose Inlet', 'East Randallton', 'Alabama', '27295', 'Gabon', '2025-04-19 04:49:24', '2025-04-19 04:49:24'),
(85, '44510 Burgess Extensions', 'South Amanda', 'Iowa', '66071', 'Moldova', '2025-04-19 04:49:24', '2025-04-19 04:49:24'),
(86, '60607 Michelle Ports Suite 966', 'Dariustown', 'Massachusetts', '23028', 'Spain', '2025-04-19 04:49:24', '2025-04-19 04:49:24'),
(87, '516 John Radial Suite 816', 'Juliebury', 'Michigan', '22538', 'Belarus', '2025-04-19 04:49:24', '2025-04-19 04:49:24'),
(88, '835 Luna Viaduct', 'East Curtis', 'Kentucky', '26357', 'China', '2025-04-19 04:49:24', '2025-04-19 04:49:24'),
(89, '127 Webster Trace', 'Maldonadoshire', 'Tennessee', '83770', 'Niger', '2025-04-19 04:49:24', '2025-04-19 04:49:24'),
(90, '527 Taylor Roads Suite 490', 'Williamport', 'New Jersey', '59734', 'Argentina', '2025-04-19 04:49:24', '2025-04-19 04:49:24'),
(91, '4119 Ford Plaza', 'South Reginashire', 'Tennessee', '25173', 'Gibraltar', '2025-04-19 04:49:24', '2025-04-19 04:49:24'),
(92, '207 Lisa Villages Suite 182', 'East Jasminemouth', 'North Dakota', '69018', 'New Caledonia', '2025-04-19 04:49:24', '2025-04-19 04:49:24'),
(93, '5466 Shelton Center', 'Cameronville', 'Oklahoma', '89417', 'Hungary', '2025-04-19 04:49:24', '2025-04-19 04:49:24'),
(94, '9251 Sabrina Inlet Suite 291', 'Angelicamouth', 'Florida', '88334', 'Reunion', '2025-04-19 04:49:24', '2025-04-19 04:49:24'),
(95, '685 Michael Falls', 'West Stacey', 'New York', '25667', 'Czech Republic', '2025-04-19 04:49:24', '2025-04-19 04:49:24'),
(96, '14188 Ebony Wells', 'New Nicholas', 'Hawaii', '24204', 'Switzerland', '2025-04-19 04:49:24', '2025-04-19 04:49:24'),
(97, '706 Rhodes Freeway', 'Bishopmouth', 'Iowa', '70494', 'Dominican Republic', '2025-04-19 04:49:24', '2025-04-19 04:49:24'),
(98, '3597 Hammond Tunnel Suite 886', 'Port James', 'Rhode Island', '18641', 'Tunisia', '2025-04-19 04:49:24', '2025-04-19 04:49:24'),
(99, '75818 Justin Track Apt. 478', 'Port Samuel', 'Iowa', '59631', 'Turks and Caicos Islands', '2025-04-19 04:49:24', '2025-04-19 04:49:24'),
(100, '60685 Paul Common Suite 305', 'Port Jennifermouth', 'Georgia', '18536', 'Argentina', '2025-04-19 04:49:24', '2025-04-19 04:49:24');

-- star_ratings
INSERT INTO star_ratings (rating_id, rating_value, description, created_at, updated_at) VALUES
(1, 1, 'Basic level', '2025-04-19 04:49:24', '2025-04-19 04:49:24'),
(2, 2, 'Standard level', '2025-04-19 04:49:24', '2025-04-19 04:49:24'),
(3, 3, 'Comfort level', '2025-04-19 04:49:24', '2025-04-19 04:49:24'),
(4, 4, 'Superior level', '2025-04-19 04:49:24', '2025-04-19 04:49:24'),
(5, 5, 'Luxury level', '2025-04-19 04:49:24', '2025-04-19 04:49:24');

-- hotel_chains
INSERT INTO hotel_chains (chain_id, chain_name, headquarters_address_id, contact_email, contact_phone, created_at, updated_at) VALUES
(1, 'Lowery-Kennedy', 82, 'awest@smith.com', '+1-986-143-4103', '2025-04-19 04:49:24', '2025-04-19 04:49:24'),
(2, 'Fowler-Dean', 15, 'copelandvincent@smith.com', '609-539-6218x5188', '2025-04-19 04:49:24', '2025-04-19 04:49:24'),
(3, 'Hartman, Romero and Smith', 4, 'reidtina@yahoo.com', '001-051-531-9520x585', '2025-04-19 04:49:24', '2025-04-19 04:49:24'),
(4, 'Marshall, Dominguez and Welch', 95, 'baldwinsherry@carter.com', '5486874034', '2025-04-19 04:49:24', '2025-04-19 04:49:24'),
(5, 'Atkins-Williams', 36, 'david56@yahoo.com', '001-765-277-5841x616', '2025-04-19 04:49:24', '2025-04-19 04:49:24'),
(6, 'Gardner LLC', 32, 'murphykenneth@morrison-simmons.info', '(705)964-0165x820', '2025-04-19 04:49:24', '2025-04-19 04:49:24'),
(7, 'Allison Ltd', 29, 'martinezjoel@hotmail.com', '(569)092-7557x192', '2025-04-19 04:49:24', '2025-04-19 04:49:24'),
(8, 'Richardson, Edwards and Ramirez', 18, 'fitzgeraldvictor@mcintyre-wilson.com', '001-739-473-1217x271', '2025-04-19 04:49:24', '2025-04-19 04:49:24'),
(9, 'Ponce, Downs and Contreras', 95, 'patricia22@hicks-martinez.com', '(370)589-5782', '2025-04-19 04:49:24', '2025-04-19 04:49:24'),
(10, 'Henson, Jones and Sanders', 14, 'khammond@gmail.com', '(517)785-2892', '2025-04-19 04:49:24', '2025-04-19 04:49:24'),
(11, 'Reynolds Inc', 87, 'kevinmartin@perez.com', '438-424-9818', '2025-04-19 04:49:24', '2025-04-19 04:49:24'),
(12, 'Jackson, David and Moore', 95, 'bryananthony@gmail.com', '+1-943-969-0784x4736', '2025-04-19 04:49:24', '2025-04-19 04:49:24'),
(13, 'Chavez-Barker', 70, 'dperry@peterson.com', '001-556-258-8153x714', '2025-04-19 04:49:24', '2025-04-19 04:49:24'),
(14, 'Wright-Davis', 12, 'alin@gmail.com', '(595)327-8774', '2025-04-19 04:49:24', '2025-04-19 04:49:24'),
(15, 'Johnson-Landry', 76, 'jasongomez@gmail.com', '797-480-1624x5650', '2025-04-19 04:49:24', '2025-04-19 04:49:24'),
(16, 'Williams-Hoffman', 55, 'charles87@hotmail.com', '991-216-5585x239', '2025-04-19 04:49:24', '2025-04-19 04:49:24'),
(17, 'Morales, Williams and Williams', 5, 'jstone@hotmail.com', '259.526.9495x88879', '2025-04-19 04:49:24', '2025-04-19 04:49:24'),
(18, 'Wells-Smith', 4, 'whitneybrandy@hotmail.com', '001-097-499-3097x289', '2025-04-19 04:49:24', '2025-04-19 04:49:24'),
(19, 'Hernandez-Becker', 12, 'leescott@hernandez-vaughn.biz', '970.283.8578x65278', '2025-04-19 04:49:24', '2025-04-19 04:49:24'),
(20, 'Payne-Lowe', 28, 'plee@yahoo.com', '+1-434-437-5758', '2025-04-19 04:49:24', '2025-04-19 04:49:24');

-- hotels
INSERT INTO hotels (hotel_id, hotel_name, address_id, rating_id, contact_email, contact_phone, has_pool, has_gym, has_spa, has_restaurant, chain_id, created_at, updated_at) VALUES
(1, 'Hill, Martinez and Rhodes Hotel', 30, 5, 'xcardenas@gmail.com', '041-574-7338x4842', TRUE, TRUE, FALSE, TRUE, 15, '2025-04-19 04:49:24', '2025-04-19 04:49:24'),
(2, 'Gilbert PLC Hotel', 76, 3, 'brentstein@little.com', '(571)208-2677x34540', TRUE, TRUE, FALSE, FALSE, 9, '2025-04-19 04:49:24', '2025-04-19 04:49:24'),
(3, 'Pearson and Sons Hotel', 20, 2, 'robertmonroe@osborn.info', '(400)499-1547', FALSE, TRUE, TRUE, FALSE, 4, '2025-04-19 04:49:24', '2025-04-19 04:49:24'),
(4, 'Daniels, Snyder and Mays Hotel', 46, 3, 'james15@gmail.com', '001-742-054-9329x668', FALSE, TRUE, FALSE, TRUE, 13, '2025-04-19 04:49:24', '2025-04-19 04:49:24'),
(5, 'Morales Inc Hotel', 11, 5, 'thomasboyle@green.info', '001-454-990-4530x174', FALSE, FALSE, TRUE, TRUE, 2, '2025-04-19 04:49:24', '2025-04-19 04:49:24'),
(6, 'Shaw, Jacobson and Padilla Hotel', 85, 2, 'fowlershelia@yahoo.com', '+1-332-727-9568x783', FALSE, TRUE, TRUE, TRUE, 13, '2025-04-19 04:49:24', '2025-04-19 04:49:24'),
(7, 'Becker PLC Hotel', 36, 4, 'xrice@stark.com', '+1-839-822-5871', FALSE, TRUE, FALSE, FALSE, 7, '2025-04-19 04:49:24', '2025-04-19 04:49:24'),
(8, 'Harris, Aguilar and Davis Hotel', 86, 3, 'chavezwilliam@yahoo.com', '001-087-406-4039', TRUE, TRUE, TRUE, TRUE, 15, '2025-04-19 04:49:24', '2025-04-19 04:49:24'),
(9, 'Williams LLC Hotel', 49, 3, 'michaelcesar@johnson-ortiz.com', '001-656-766-1825x128', TRUE, FALSE, TRUE, TRUE, 2, '2025-04-19 04:49:24', '2025-04-19 04:49:24'),
(10, 'Luna and Sons Hotel', 41, 4, 'goodsteven@stephens.com', '524.310.6903x311', FALSE, TRUE, TRUE, FALSE, 7, '2025-04-19 04:49:24', '2025-04-19 04:49:24'),
(11, 'Johnson, Harper and Warner Hotel', 84, 4, 'joymorales@fernandez.com', '439.599.5342x83644', FALSE, FALSE, TRUE, FALSE, 5, '2025-04-19 04:49:24', '2025-04-19 04:49:24'),
(12, 'Hawkins PLC Hotel', 32, 5, 'dpeters@david-powers.net', '662-462-8733x42708', FALSE, FALSE, FALSE, FALSE, 8, '2025-04-19 04:49:24', '2025-04-19 04:49:24'),
(13, 'Faulkner-Grant Hotel', 18, 5, 'nsanchez@lucas-nielsen.com', '830-469-9013', FALSE, TRUE, TRUE, TRUE, 5, '2025-04-19 04:49:24', '2025-04-19 04:49:24'),
(14, 'Ramsey, Hansen and Mendoza Hotel', 81, 2, 'susan03@gmail.com', '001-173-936-3854x678', FALSE, TRUE, FALSE, FALSE, 20, '2025-04-19 04:49:24', '2025-04-19 04:49:24'),
(15, 'Green-Hunt Hotel', 60, 5, 'ugarcia@yahoo.com', '001-535-560-9320x489', FALSE, TRUE, TRUE, FALSE, 11, '2025-04-19 04:49:24', '2025-04-19 04:49:24'),
(16, 'Hernandez-Rivera Hotel', 15, 3, 'victorpena@hotmail.com', '477-725-2287x28080', FALSE, TRUE, FALSE, TRUE, 9, '2025-04-19 04:49:24', '2025-04-19 04:49:24'),
(17, 'Landry Ltd Hotel', 65, 2, 'gutierrezmegan@jones.com', '875.099.7700', TRUE, FALSE, TRUE, TRUE, 12, '2025-04-19 04:49:24', '2025-04-19 04:49:24'),
(18, 'Arnold, Smith and Moreno Hotel', 98, 2, 'andre62@gmail.com', '823-398-4546', TRUE, FALSE, FALSE, TRUE, 4, '2025-04-19 04:49:24', '2025-04-19 04:49:24'),
(19, 'Watson Group Hotel', 47, 3, 'veronicaperez@hotmail.com', '016-668-7002', TRUE, TRUE, TRUE, TRUE, 3, '2025-04-19 04:49:24', '2025-04-19 04:49:24'),
(20, 'Porter Group Hotel', 94, 4, 'jacobsonsamantha@gmail.com', '974.014.8902', TRUE, TRUE, TRUE, FALSE, 18, '2025-04-19 04:49:24', '2025-04-19 04:49:24'),
(21, 'Smith-Clark Hotel', 22, 3, 'thickman@elliott.biz', '+1-856-218-5016x3159', FALSE, TRUE, TRUE, FALSE, 13, '2025-04-19 04:49:24', '2025-04-19 04:49:24'),
(22, 'Sanders, Ayala and Johnson Hotel', 86, 3, 'whenry@hotmail.com', '(629)619-4311x4262', FALSE, FALSE, TRUE, TRUE, 8, '2025-04-19 04:49:24', '2025-04-19 04:49:24'),
(23, 'Price, Ward and Davis Hotel', 9, 3, 'rward@gmail.com', '(126)788-8610', TRUE, TRUE, TRUE, TRUE, 3, '2025-04-19 04:49:24', '2025-04-19 04:49:24'),
(24, 'Gomez Inc Hotel', 91, 1, 'asmith@yahoo.com', '001-183-982-6224x447', TRUE, TRUE, TRUE, FALSE, 3, '2025-04-19 04:49:24', '2025-04-19 04:49:24'),
(25, 'Hamilton Group Hotel', 66, 2, 'xpatton@yahoo.com', '799.371.2406', FALSE, FALSE, TRUE, TRUE, 19, '2025-04-19 04:49:24', '2025-04-19 04:49:24'),
(26, 'Skinner-James Hotel', 74, 4, 'pcook@hotmail.com', '(459)375-2654', TRUE, FALSE, FALSE, TRUE, 4, '2025-04-19 04:49:24', '2025-04-19 04:49:24'),
(27, 'Neal, Henry and Johnston Hotel', 13, 4, 'nicholas65@frederick.org', '+1-280-737-4167', FALSE, FALSE, FALSE, FALSE, 2, '2025-04-19 04:49:24', '2025-04-19 04:49:24'),
(28, 'Schultz and Sons Hotel', 87, 1, 'jennifermccormick@gmail.com', '979.688.6805x891', TRUE, FALSE, FALSE, TRUE, 8, '2025-04-19 04:49:24', '2025-04-19 04:49:24'),
(29, 'Mack Ltd Hotel', 25, 2, 'deborahwilliams@hotmail.com', '+1-656-101-4388x8993', FALSE, TRUE, FALSE, TRUE, 9, '2025-04-19 04:49:24', '2025-04-19 04:49:24'),
(30, 'Myers-Barton Hotel', 60, 2, 'whitney71@perry-nixon.com', '001-254-573-8757x177', TRUE, FALSE, TRUE, TRUE, 18, '2025-04-19 04:49:24', '2025-04-19 04:49:24'),
(31, 'Evans Ltd Hotel', 2, 1, 'sweeneydeborah@marsh.net', '(825)867-3622', TRUE, TRUE, FALSE, FALSE, 16, '2025-04-19 04:49:24', '2025-04-19 04:49:24'),
(32, 'Sandoval, Foster and Mclaughlin Hotel', 28, 4, 'yvargas@bush.com', '001-191-825-5371x478', TRUE, TRUE, FALSE, TRUE, 13, '2025-04-19 04:49:24', '2025-04-19 04:49:24'),
(33, 'Carr-Matthews Hotel', 34, 4, 'megan92@hotmail.com', '001-499-125-1341x252', FALSE, FALSE, FALSE, TRUE, 7, '2025-04-19 04:49:24', '2025-04-19 04:49:24'),
(34, 'Price, Carlson and Andrews Hotel', 38, 2, 'tommymedina@hotmail.com', '(827)422-5790', TRUE, TRUE, FALSE, TRUE, 2, '2025-04-19 04:49:24', '2025-04-19 04:49:24'),
(35, 'Crane-Washington Hotel', 75, 4, 'gmaynard@simpson.info', '219.034.0438x4279', TRUE, TRUE, TRUE, TRUE, 3, '2025-04-19 04:49:24', '2025-04-19 04:49:24'),
(36, 'Barton, Simpson and Dixon Hotel', 77, 1, 'kimberly58@wolf.net', '613.407.4517', TRUE, FALSE, TRUE, TRUE, 19, '2025-04-19 04:49:24', '2025-04-19 04:49:24'),
(37, 'Rowe and Sons Hotel', 77, 1, 'michelle96@jensen.com', '9584982544', TRUE, FALSE, FALSE, FALSE, 7, '2025-04-19 04:49:24', '2025-04-19 04:49:24'),
(38, 'Adams, Hodge and Duke Hotel', 86, 3, 'sydneyfloyd@riddle.com', '001-232-536-7294x667', TRUE, FALSE, FALSE, TRUE, 10, '2025-04-19 04:49:24', '2025-04-19 04:49:24'),
(39, 'Schultz Inc Hotel', 59, 3, 'heather57@yahoo.com', '901-751-8636x37454', TRUE, TRUE, FALSE, TRUE, 3, '2025-04-19 04:49:24', '2025-04-19 04:49:24'),
(40, 'Kelley-Anderson Hotel', 69, 2, 'patricia00@gmail.com', '+1-701-277-0632x4241', FALSE, TRUE, FALSE, TRUE, 8, '2025-04-19 04:49:24', '2025-04-19 04:49:24'),
(41, 'Ward, Miller and Beck Hotel', 48, 3, 'sanderskevin@fischer.com', '3712938700', TRUE, FALSE, FALSE, TRUE, 18, '2025-04-19 04:49:24', '2025-04-19 04:49:24'),
(42, 'Cooper, Martinez and Dalton Hotel', 39, 1, 'yjones@cross.com', '542-622-1890x92753', TRUE, FALSE, TRUE, TRUE, 18, '2025-04-19 04:49:24', '2025-04-19 04:49:24'),
(43, 'Goodman, Gillespie and Jensen Hotel', 20, 3, 'christophergarcia@gmail.com', '001-656-523-4138', FALSE, TRUE, FALSE, TRUE, 9, '2025-04-19 04:49:24', '2025-04-19 04:49:24'),
(44, 'Greene, Lawson and Maxwell Hotel', 65, 4, 'jamie98@adkins.com', '761.379.1805', FALSE, TRUE, TRUE, FALSE, 9, '2025-04-19 04:49:24', '2025-04-19 04:49:24'),
(45, 'Anderson-Valencia Hotel', 6, 1, 'amy27@gmail.com', '9104300684', FALSE, TRUE, FALSE, TRUE, 15, '2025-04-19 04:49:24', '2025-04-19 04:49:24'),
(46, 'Marquez, Wang and Henderson Hotel', 71, 4, 'davidsonamanda@gmail.com', '141-832-8569x146', TRUE, TRUE, TRUE, TRUE, 18, '2025-04-19 04:49:24', '2025-04-19 04:49:24'),
(47, 'Ashley, Allen and Sanchez Hotel', 5, 3, 'chavezchelsea@yahoo.com', '+1-210-202-7588x4252', TRUE, FALSE, TRUE, TRUE, 10, '2025-04-19 04:49:24', '2025-04-19 04:49:24'),
(48, 'Tanner, Wise and Johnson Hotel', 47, 1, 'alexandria49@hotmail.com', '778-507-9252', FALSE, TRUE, TRUE, TRUE, 12, '2025-04-19 04:49:24', '2025-04-19 04:49:24'),
(49, 'Ayala-Shannon Hotel', 100, 5, 'joycesmith@sanchez.com', '(220)863-5365x4195', FALSE, TRUE, TRUE, TRUE, 6, '2025-04-19 04:49:24', '2025-04-19 04:49:24'),
(50, 'Shaw Inc Hotel', 53, 1, 'lindajarvis@jones-marshall.com', '001-451-870-5349x493', TRUE, FALSE, FALSE, TRUE, 9, '2025-04-19 04:49:24', '2025-04-19 04:49:24');

-- room_types
INSERT INTO room_types (type_id, type_name, description, standard_capacity, max_capacity, base_price, created_at, updated_at) VALUES
(1, 'Single', 'Single description', 1, 4, 66.21, '2025-04-19 04:49:24', '2025-04-19 04:49:24'),
(2, 'Double', 'Double description', 1, 3, 83.37, '2025-04-19 04:49:24', '2025-04-19 04:49:24'),
(3, 'Suite', 'Suite description', 2, 3, 95.78, '2025-04-19 04:49:24', '2025-04-19 04:49:24'),
(4, 'Family', 'Family description', 1, 2, 53.55, '2025-04-19 04:49:24', '2025-04-19 04:49:24');

-- rooms
INSERT INTO rooms (room_id, hotel_id, type_id, room_number, floor, availability_status, created_at, updated_at) VALUES
(1, 1, 2, '285', 5, 'occupied', '2025-04-19 04:49:24', '2025-04-19 04:49:24'),
(2, 1, 1, '873', 2, 'maintenance', '2025-04-19 04:49:24', '2025-04-19 04:49:24'),
(3, 1, 1, '780', 5, 'occupied', '2025-04-19 04:49:24', '2025-04-19 04:49:24'),
(4, 1, 4, '412', 4, 'available', '2025-04-19 04:49:24', '2025-04-19 04:49:24'),
(5, 1, 1, '484', 2, 'maintenance', '2025-04-19 04:49:24', '2025-04-19 04:49:24'),
(6, 1, 4, '287', 3, 'occupied', '2025-04-19 04:49:24', '2025-04-19 04:49:24'),
(7, 1, 2, '196', 2, 'occupied', '2025-04-19 04:49:24', '2025-04-19 04:49:24'),
(8, 1, 1, '518', 4, 'maintenance', '2025-04-19 04:49:24', '2025-04-19 04:49:24'),
(9, 2, 3, '937', 5, 'available', '2025-04-19 04:49:24', '2025-04-19 04:49:24'),
(10, 2, 2, '793', 3, 'occupied', '2025-04-19 04:49:24', '2025-04-19 04:49:24'),
(11, 2, 3, '947', 5, 'maintenance', '2025-04-19 04:49:24', '2025-04-19 04:49:24'),
(12, 2, 1, '459', 4, 'available', '2025-04-19 04:49:24', '2025-04-19 04:49:24'),
(13, 2, 1, '234', 1, 'maintenance', '2025-04-19 04:49:24', '2025-04-19 04:49:24'),
(14, 2, 1, '783', 3, 'maintenance', '2025-04-19 04:49:24', '2025-04-19 04:49:24'),
(15, 2, 1, '695', 2, 'occupied', '2025-04-19 04:49:24', '2025-04-19 04:49:24'),
(16, 2, 4, '653', 3, 'maintenance', '2025-04-19 04:49:24', '2025-04-19 04:49:24'),
(17, 3, 4, '721', 3, 'occupied', '2025-04-19 04:49:24', '2025-04-19 04:49:24'),
(18, 3, 4, '669', 5, 'maintenance', '2025-04-19 04:49:24', '2025-04-19 04:49:24'),
(19, 3, 2, '531', 2, 'occupied', '2025-04-19 04:49:24', '2025-04-19 04:49:24'),
(20, 3, 1, '488', 1, 'maintenance', '2025-04-19 04:49:24', '2025-04-19 04:49:24'),
(21, 3, 3, '638', 3, 'occupied', '2025-04-19 04:49:24', '2025-04-19 04:49:24'),
(22, 3, 1, '365', 5, 'maintenance', '2025-04-19 04:49:24', '2025-04-19 04:49:24'),
(23, 3, 4, '336', 5, 'available', '2025-04-19 04:49:24', '2025-04-19 04:49:24'),
(24, 3, 1, '678', 5, 'available', '2025-04-19 04:49:24', '2025-04-19 04:49:24'),
(25, 4, 3, '602', 5, 'maintenance', '2025-04-19 04:49:24', '2025-04-19 04:49:24'),
(26, 4, 1, '233', 4, 'occupied', '2025-04-19 04:49:24', '2025-04-19 04:49:24'),
(27, 4, 1, '144', 4, 'maintenance', '2025-04-19 04:49:24', '2025-04-19 04:49:24'),
(28, 4, 2, '854', 4, 'maintenance', '2025-04-19 04:49:24', '2025-04-19 04:49:24'),
(29, 4, 2, '847', 2, 'occupied', '2025-04-19 04:49:24', '2025-04-19 04:49:24'),
(30, 4, 3, '335', 5, 'occupied', '2025-04-19 04:49:24', '2025-04-19 04:49:24'),
(31, 4, 4, '622', 3, 'occupied', '2025-04-19 04:49:24', '2025-04-19 04:49:24'),
(32, 4, 2, '140', 1, 'available', '2025-04-19 04:49:24', '2025-04-19 04:49:24'),
(33, 5, 4, '687', 3, 'occupied', '2025-04-19 04:49:24', '2025-04-19 04:49:24'),
(34, 5, 2, '542', 2, 'maintenance', '2025-04-19 04:49:24', '2025-04-19 04:49:24'),
(35, 5, 1, '976', 2, 'available', '2025-04-19 04:49:24', '2025-04-19 04:49:24'),
(36, 5, 2, '270', 4, 'maintenance', '2025-04-19 04:49:24', '2025-04-19 04:49:24'),
(37, 5, 2, '860', 1, 'occupied', '2025-04-19 04:49:24', '2025-04-19 04:49:24'),
(38, 5, 1, '436', 2, 'available', '2025-04-19 04:49:24', '2025-04-19 04:49:24'),
(39, 5, 1, '102', 1, 'available', '2025-04-19 04:49:24', '2025-04-19 04:49:24'),
(40, 5, 4, '661', 2, 'occupied', '2025-04-19 04:49:24', '2025-04-19 04:49:24'),
(41, 6, 4, '861', 4, 'available', '2025-04-19 04:49:24', '2025-04-19 04:49:24'),
(42, 6, 1, '707', 5, 'available', '2025-04-19 04:49:24', '2025-04-19 04:49:24'),
(43, 6, 1, '103', 1, 'occupied', '2025-04-19 04:49:24', '2025-04-19 04:49:24'),
(44, 6, 4, '221', 1, 'available', '2025-04-19 04:49:24', '2025-04-19 04:49:24'),
(45, 6, 1, '693', 4, 'maintenance', '2025-04-19 04:49:24', '2025-04-19 04:49:24'),
(46, 6, 2, '871', 2, 'available', '2025-04-19 04:49:24', '2025-04-19 04:49:24'),
(47, 6, 4, '801', 2, 'occupied', '2025-04-19 04:49:24', '2025-04-19 04:49:24'),
(48, 6, 4, '859', 5, 'available', '2025-04-19 04:49:24', '2025-04-19 04:49:24'),
(49, 7, 1, '497', 5, 'maintenance', '2025-04-19 04:49:24', '2025-04-19 04:49:24'),
(50, 7, 3, '444', 5, 'available', '2025-04-19 04:49:24', '2025-04-19 04:49:24'),
(51, 7, 4, '975', 4, 'occupied', '2025-04-19 04:49:24', '2025-04-19 04:49:24'),
(52, 7, 1, '350', 1, 'available', '2025-04-19 04:49:24', '2025-04-19 04:49:24'),
(53, 7, 3, '711', 2, 'available', '2025-04-19 04:49:24', '2025-04-19 04:49:24'),
(54, 7, 1, '544', 1, 'maintenance', '2025-04-19 04:49:24', '2025-04-19 04:49:24'),
(55, 7, 2, '955', 4, 'available', '2025-04-19 04:49:24', '2025-04-19 04:49:24'),
(56, 7, 1, '198', 3, 'available', '2025-04-19 04:49:24', '2025-04-19 04:49:24'),
(57, 8, 3, '778', 3, 'occupied', '2025-04-19 04:49:24', '2025-04-19 04:49:24'),
(58, 8, 2, '613', 5, 'occupied', '2025-04-19 04:49:24', '2025-04-19 04:49:24'),
(59, 8, 1, '253', 2, 'maintenance', '2025-04-19 04:49:24', '2025-04-19 04:49:24'),
(60, 8, 1, '366', 1, 'occupied', '2025-04-19 04:49:24', '2025-04-19 04:49:24'),
(61, 8, 3, '308', 2, 'occupied', '2025-04-19 04:49:24', '2025-04-19 04:49:24'),
(62, 8, 4, '522', 1, 'occupied', '2025-04-19 04:49:24', '2025-04-19 04:49:24'),
(63, 8, 4, '429', 5, 'maintenance', '2025-04-19 04:49:24', '2025-04-19 04:49:24'),
(64, 8, 3, '711', 3, 'maintenance', '2025-04-19 04:49:24', '2025-04-19 04:49:24'),
(65, 9, 3, '820', 4, 'occupied', '2025-04-19 04:49:24', '2025-04-19 04:49:24'),
(66, 9, 2, '552', 1, 'available', '2025-04-19 04:49:24', '2025-04-19 04:49:24'),
(67, 9, 2, '159', 3, 'maintenance', '2025-04-19 04:49:24', '2025-04-19 04:49:24'),
(68, 9, 1, '838', 2, 'maintenance', '2025-04-19 04:49:24', '2025-04-19 04:49:24'),
(69, 9, 1, '888', 5, 'available', '2025-04-19 04:49:24', '2025-04-19 04:49:24'),
(70, 9, 2, '241', 5, 'occupied', '2025-04-19 04:49:24', '2025-04-19 04:49:24'),
(71, 9, 3, '710', 1, 'available', '2025-04-19 04:49:24', '2025-04-19 04:49:24'),
(72, 9, 2, '500', 1, 'maintenance', '2025-04-19 04:49:24', '2025-04-19 04:49:24'),
(73, 10, 1, '454', 4, 'occupied', '2025-04-19 04:49:24', '2025-04-19 04:49:24'),
(74, 10, 3, '805', 2, 'occupied', '2025-04-19 04:49:24', '2025-04-19 04:49:24'),
(75, 10, 3, '332', 2, 'occupied', '2025-04-19 04:49:24', '2025-04-19 04:49:24'),
(76, 10, 2, '419', 2, 'occupied', '2025-04-19 04:49:24', '2025-04-19 04:49:24'),
(77, 10, 1, '565', 1, 'occupied', '2025-04-19 04:49:24', '2025-04-19 04:49:24'),
(78, 10, 2, '189', 5, 'available', '2025-04-19 04:49:24', '2025-04-19 04:49:24'),
(79, 10, 2, '890', 5, 'maintenance', '2025-04-19 04:49:24', '2025-04-19 04:49:24'),
(80, 10, 1, '439', 5, 'available', '2025-04-19 04:49:24', '2025-04-19 04:49:24'),
(81, 11, 4, '803', 1, 'maintenance', '2025-04-19 04:49:24', '2025-04-19 04:49:24'),
(82, 11, 3, '280', 3, 'maintenance', '2025-04-19 04:49:24', '2025-04-19 04:49:24'),
(83, 11, 3, '118', 4, 'available', '2025-04-19 04:49:24', '2025-04-19 04:49:24'),
(84, 11, 1, '132', 4, 'maintenance', '2025-04-19 04:49:24', '2025-04-19 04:49:24'),
(85, 11, 2, '277', 1, 'occupied', '2025-04-19 04:49:24', '2025-04-19 04:49:24'),
(86, 11, 4, '536', 1, 'available', '2025-04-19 04:49:24', '2025-04-19 04:49:24'),
(87, 11, 2, '187', 5, 'available', '2025-04-19 04:49:24', '2025-04-19 04:49:24'),
(88, 11, 2, '634', 4, 'available', '2025-04-19 04:49:24', '2025-04-19 04:49:24'),
(89, 12, 1, '130', 2, 'available', '2025-04-19 04:49:24', '2025-04-19 04:49:24'),
(90, 12, 4, '230', 1, 'occupied', '2025-04-19 04:49:24', '2025-04-19 04:49:24'),
(91, 12, 2, '191', 1, 'maintenance', '2025-04-19 04:49:24', '2025-04-19 04:49:24'),
(92, 12, 3, '370', 1, 'occupied', '2025-04-19 04:49:24', '2025-04-19 04:49:24'),
(93, 12, 4, '853', 4, 'occupied', '2025-04-19 04:49:24', '2025-04-19 04:49:24'),
(94, 12, 3, '329', 3, 'occupied', '2025-04-19 04:49:24', '2025-04-19 04:49:24'),
(95, 12, 1, '842', 3, 'maintenance', '2025-04-19 04:49:24', '2025-04-19 04:49:24'),
(96, 12, 2, '281', 4, 'occupied', '2025-04-19 04:49:24', '2025-04-19 04:49:24'),
(97, 13, 3, '324', 4, 'available', '2025-04-19 04:49:24', '2025-04-19 04:49:24'),
(98, 13, 1, '209', 3, 'available', '2025-04-19 04:49:24', '2025-04-19 04:49:24'),
(99, 13, 3, '107', 4, 'maintenance', '2025-04-19 04:49:24', '2025-04-19 04:49:24'),
(100, 13, 2, '861', 3, 'occupied', '2025-04-19 04:49:24', '2025-04-19 04:49:24'),
(101, 13, 2, '965', 3, 'available', '2025-04-19 04:49:24', '2025-04-19 04:49:24'),
(102, 13, 4, '458', 1, 'occupied', '2025-04-19 04:49:24', '2025-04-19 04:49:24'),
(103, 13, 2, '519', 2, 'occupied', '2025-04-19 04:49:24', '2025-04-19 04:49:24'),
(104, 13, 1, '875', 2, 'occupied', '2025-04-19 04:49:24', '2025-04-19 04:49:24'),
(105, 14, 2, '784', 4, 'occupied', '2025-04-19 04:49:24', '2025-04-19 04:49:24'),
(106, 14, 4, '103', 4, 'maintenance', '2025-04-19 04:49:24', '2025-04-19 04:49:24'),
(107, 14, 4, '928', 3, 'maintenance', '2025-04-19 04:49:24', '2025-04-19 04:49:24'),
(108, 14, 4, '901', 2, 'available', '2025-04-19 04:49:24', '2025-04-19 04:49:24'),
(109, 14, 1, '382', 5, 'occupied', '2025-04-19 04:49:24', '2025-04-19 04:49:24'),
(110, 14, 4, '518', 5, 'occupied', '2025-04-19 04:49:24', '2025-04-19 04:49:24'),
(111, 14, 3, '909', 4, 'occupied', '2025-04-19 04:49:24', '2025-04-19 04:49:24'),
(112, 14, 1, '949', 2, 'maintenance', '2025-04-19 04:49:24', '2025-04-19 04:49:24'),
(113, 15, 2, '161', 3, 'available', '2025-04-19 04:49:24', '2025-04-19 04:49:24'),
(114, 15, 4, '137', 1, 'maintenance', '2025-04-19 04:49:24', '2025-04-19 04:49:24'),
(115, 15, 4, '410', 3, 'available', '2025-04-19 04:49:24', '2025-04-19 04:49:24'),
(116, 15, 2, '228', 3, 'occupied', '2025-04-19 04:49:24', '2025-04-19 04:49:24'),
(117, 15, 2, '931', 3, 'available', '2025-04-19 04:49:24', '2025-04-19 04:49:24'),
(118, 15, 4, '414', 4, 'maintenance', '2025-04-19 04:49:24', '2025-04-19 04:49:24'),
(119, 15, 1, '256', 2, 'available', '2025-04-19 04:49:24', '2025-04-19 04:49:24'),
(120, 15, 4, '444', 3, 'maintenance', '2025-04-19 04:49:24', '2025-04-19 04:49:24'),
(121, 16, 3, '855', 2, 'occupied', '2025-04-19 04:49:24', '2025-04-19 04:49:24'),
(122, 16, 2, '362', 1, 'occupied', '2025-04-19 04:49:24', '2025-04-19 04:49:24'),
(123, 16, 3, '775', 3, 'maintenance', '2025-04-19 04:49:24', '2025-04-19 04:49:24'),
(124, 16, 1, '938', 1, 'available', '2025-04-19 04:49:24', '2025-04-19 04:49:24'),
(125, 16, 4, '786', 2, 'maintenance', '2025-04-19 04:49:24', '2025-04-19 04:49:24'),
(126, 16, 1, '663', 5, 'available', '2025-04-19 04:49:24', '2025-04-19 04:49:24'),
(127, 16, 2, '574', 1, 'maintenance', '2025-04-19 04:49:24', '2025-04-19 04:49:24'),
(128, 16, 2, '539', 3, 'available', '2025-04-19 04:49:24', '2025-04-19 04:49:24'),
(129, 17, 3, '445', 5, 'maintenance', '2025-04-19 04:49:24', '2025-04-19 04:49:24'),
(130, 17, 2, '925', 1, 'maintenance', '2025-04-19 04:49:24', '2025-04-19 04:49:24'),
(131, 17, 3, '629', 5, 'occupied', '2025-04-19 04:49:24', '2025-04-19 04:49:24'),
(132, 17, 1, '649', 4, 'occupied', '2025-04-19 04:49:24', '2025-04-19 04:49:24'),
(133, 17, 1, '365', 3, 'available', '2025-04-19 04:49:24', '2025-04-19 04:49:24'),
(134, 17, 1, '936', 1, 'available', '2025-04-19 04:49:24', '2025-04-19 04:49:24'),
(135, 17, 2, '193', 3, 'occupied', '2025-04-19 04:49:24', '2025-04-19 04:49:24'),
(136, 17, 3, '300', 1, 'maintenance', '2025-04-19 04:49:24', '2025-04-19 04:49:24'),
(137, 18, 2, '290', 1, 'available', '2025-04-19 04:49:24', '2025-04-19 04:49:24'),
(138, 18, 4, '825', 1, 'occupied', '2025-04-19 04:49:24', '2025-04-19 04:49:24'),
(139, 18, 4, '725', 1, 'available', '2025-04-19 04:49:24', '2025-04-19 04:49:24'),
(140, 18, 2, '608', 1, 'maintenance', '2025-04-19 04:49:24', '2025-04-19 04:49:24'),
(141, 18, 4, '847', 1, 'available', '2025-04-19 04:49:24', '2025-04-19 04:49:24'),
(142, 18, 2, '307', 1, 'maintenance', '2025-04-19 04:49:24', '2025-04-19 04:49:24'),
(143, 18, 1, '306', 5, 'occupied', '2025-04-19 04:49:24', '2025-04-19 04:49:24'),
(144, 18, 1, '663', 1, 'available', '2025-04-19 04:49:24', '2025-04-19 04:49:24'),
(145, 19, 3, '926', 1, 'available', '2025-04-19 04:49:24', '2025-04-19 04:49:24'),
(146, 19, 3, '314', 4, 'available', '2025-04-19 04:49:24', '2025-04-19 04:49:24'),
(147, 19, 1, '346', 4, 'maintenance', '2025-04-19 04:49:24', '2025-04-19 04:49:24'),
(148, 19, 4, '201', 5, 'occupied', '2025-04-19 04:49:24', '2025-04-19 04:49:24'),
(149, 19, 1, '146', 4, 'available', '2025-04-19 04:49:24', '2025-04-19 04:49:24'),
(150, 19, 3, '878', 5, 'available', '2025-04-19 04:49:24', '2025-04-19 04:49:24'),
(151, 19, 3, '839', 1, 'maintenance', '2025-04-19 04:49:24', '2025-04-19 04:49:24'),
(152, 19, 3, '763', 4, 'maintenance', '2025-04-19 04:49:24', '2025-04-19 04:49:24'),
(153, 20, 3, '436', 1, 'maintenance', '2025-04-19 04:49:24', '2025-04-19 04:49:24'),
(154, 20, 1, '223', 2, 'occupied', '2025-04-19 04:49:24', '2025-04-19 04:49:24'),
(155, 20, 2, '448', 3, 'maintenance', '2025-04-19 04:49:24', '2025-04-19 04:49:24'),
(156, 20, 1, '269', 1, 'occupied', '2025-04-19 04:49:24', '2025-04-19 04:49:24'),
(157, 20, 4, '270', 5, 'maintenance', '2025-04-19 04:49:24', '2025-04-19 04:49:24'),
(158, 20, 4, '103', 2, 'occupied', '2025-04-19 04:49:24', '2025-04-19 04:49:24'),
(159, 20, 1, '713', 2, 'occupied', '2025-04-19 04:49:24', '2025-04-19 04:49:24'),
(160, 20, 4, '214', 1, 'occupied', '2025-04-19 04:49:24', '2025-04-19 04:49:24'),
(161, 21, 1, '128', 5, 'occupied', '2025-04-19 04:49:24', '2025-04-19 04:49:24'),
(162, 21, 2, '954', 2, 'available', '2025-04-19 04:49:24', '2025-04-19 04:49:24'),
(163, 21, 4, '793', 3, 'occupied', '2025-04-19 04:49:24', '2025-04-19 04:49:24'),
(164, 21, 1, '602', 5, 'available', '2025-04-19 04:49:24', '2025-04-19 04:49:24'),
(165, 21, 3, '596', 2, 'available', '2025-04-19 04:49:24', '2025-04-19 04:49:24'),
(166, 21, 4, '558', 5, 'available', '2025-04-19 04:49:24', '2025-04-19 04:49:24'),
(167, 21, 2, '107', 3, 'maintenance', '2025-04-19 04:49:24', '2025-04-19 04:49:24'),
(168, 21, 3, '115', 3, 'occupied', '2025-04-19 04:49:24', '2025-04-19 04:49:24'),
(169, 22, 1, '987', 1, 'available', '2025-04-19 04:49:24', '2025-04-19 04:49:24'),
(170, 22, 3, '766', 3, 'available', '2025-04-19 04:49:24', '2025-04-19 04:49:24'),
(171, 22, 2, '917', 2, 'occupied', '2025-04-19 04:49:24', '2025-04-19 04:49:24'),
(172, 22, 2, '290', 1, 'occupied', '2025-04-19 04:49:24', '2025-04-19 04:49:24'),
(173, 22, 1, '699', 4, 'maintenance', '2025-04-19 04:49:24', '2025-04-19 04:49:24'),
(174, 22, 4, '784', 5, 'occupied', '2025-04-19 04:49:24', '2025-04-19 04:49:24'),
(175, 22, 4, '967', 3, 'occupied', '2025-04-19 04:49:24', '2025-04-19 04:49:24'),
(176, 22, 4, '782', 1, 'occupied', '2025-04-19 04:49:24', '2025-04-19 04:49:24'),
(177, 23, 4, '920', 3, 'available', '2025-04-19 04:49:24', '2025-04-19 04:49:24'),
(178, 23, 1, '547', 2, 'maintenance', '2025-04-19 04:49:24', '2025-04-19 04:49:24'),
(179, 23, 3, '970', 2, 'available', '2025-04-19 04:49:24', '2025-04-19 04:49:24'),
(180, 23, 1, '429', 1, 'occupied', '2025-04-19 04:49:24', '2025-04-19 04:49:24'),
(181, 23, 2, '405', 4, 'available', '2025-04-19 04:49:24', '2025-04-19 04:49:24'),
(182, 23, 4, '104', 1, 'available', '2025-04-19 04:49:24', '2025-04-19 04:49:24'),
(183, 23, 3, '302', 1, 'maintenance', '2025-04-19 04:49:24', '2025-04-19 04:49:24'),
(184, 23, 3, '635', 2, 'occupied', '2025-04-19 04:49:24', '2025-04-19 04:49:24'),
(185, 24, 2, '968', 1, 'maintenance', '2025-04-19 04:49:24', '2025-04-19 04:49:24'),
(186, 24, 2, '651', 5, 'available', '2025-04-19 04:49:24', '2025-04-19 04:49:24'),
(187, 24, 3, '395', 5, 'available', '2025-04-19 04:49:24', '2025-04-19 04:49:24'),
(188, 24, 1, '325', 1, 'occupied', '2025-04-19 04:49:24', '2025-04-19 04:49:24'),
(189, 24, 4, '209', 5, 'available', '2025-04-19 04:49:24', '2025-04-19 04:49:24'),
(190, 24, 1, '933', 3, 'available', '2025-04-19 04:49:24', '2025-04-19 04:49:24'),
(191, 24, 2, '147', 1, 'occupied', '2025-04-19 04:49:24', '2025-04-19 04:49:24'),
(192, 24, 4, '172', 4, 'maintenance', '2025-04-19 04:49:24', '2025-04-19 04:49:24'),
(193, 25, 4, '473', 3, 'occupied', '2025-04-19 04:49:24', '2025-04-19 04:49:24'),
(194, 25, 2, '830', 2, 'maintenance', '2025-04-19 04:49:24', '2025-04-19 04:49:24'),
(195, 25, 3, '988', 2, 'occupied', '2025-04-19 04:49:24', '2025-04-19 04:49:24'),
(196, 25, 1, '663', 1, 'available', '2025-04-19 04:49:24', '2025-04-19 04:49:24'),
(197, 25, 1, '433', 1, 'occupied', '2025-04-19 04:49:24', '2025-04-19 04:49:24'),
(198, 25, 4, '610', 3, 'available', '2025-04-19 04:49:24', '2025-04-19 04:49:24'),
(199, 25, 4, '602', 1, 'occupied', '2025-04-19 04:49:24', '2025-04-19 04:49:24'),
(200, 25, 2, '583', 5, 'occupied', '2025-04-19 04:49:24', '2025-04-19 04:49:24'),
(201, 26, 1, '428', 2, 'maintenance', '2025-04-19 04:49:24', '2025-04-19 04:49:24'),
(202, 26, 1, '888', 4, 'occupied', '2025-04-19 04:49:24', '2025-04-19 04:49:24'),
(203, 26, 1, '437', 2, 'available', '2025-04-19 04:49:24', '2025-04-19 04:49:24'),
(204, 26, 3, '706', 5, 'occupied', '2025-04-19 04:49:24', '2025-04-19 04:49:24'),
(205, 26, 1, '618', 3, 'occupied', '2025-04-19 04:49:24', '2025-04-19 04:49:24'),
(206, 26, 2, '365', 4, 'maintenance', '2025-04-19 04:49:24', '2025-04-19 04:49:24'),
(207, 26, 4, '146', 2, 'available', '2025-04-19 04:49:24', '2025-04-19 04:49:24'),
(208, 26, 4, '851', 1, 'available', '2025-04-19 04:49:24', '2025-04-19 04:49:24'),
(209, 27, 3, '402', 4, 'maintenance', '2025-04-19 04:49:24', '2025-04-19 04:49:24'),
(210, 27, 3, '962', 3, 'occupied', '2025-04-19 04:49:24', '2025-04-19 04:49:24'),
(211, 27, 4, '891', 4, 'available', '2025-04-19 04:49:24', '2025-04-19 04:49:24'),
(212, 27, 3, '137', 1, 'occupied', '2025-04-19 04:49:24', '2025-04-19 04:49:24'),
(213, 27, 1, '204', 4, 'available', '2025-04-19 04:49:24', '2025-04-19 04:49:24'),
(214, 27, 4, '162', 1, 'occupied', '2025-04-19 04:49:24', '2025-04-19 04:49:24'),
(215, 27, 3, '493', 4, 'maintenance', '2025-04-19 04:49:24', '2025-04-19 04:49:24'),
(216, 27, 2, '756', 4, 'maintenance', '2025-04-19 04:49:24', '2025-04-19 04:49:24'),
(217, 28, 1, '840', 2, 'available', '2025-04-19 04:49:24', '2025-04-19 04:49:24'),
(218, 28, 3, '598', 3, 'available', '2025-04-19 04:49:24', '2025-04-19 04:49:24'),
(219, 28, 1, '642', 2, 'occupied', '2025-04-19 04:49:24', '2025-04-19 04:49:24'),
(220, 28, 1, '403', 3, 'maintenance', '2025-04-19 04:49:24', '2025-04-19 04:49:24'),
(221, 28, 3, '966', 4, 'maintenance', '2025-04-19 04:49:24', '2025-04-19 04:49:24'),
(222, 28, 4, '285', 1, 'available', '2025-04-19 04:49:24', '2025-04-19 04:49:24'),
(223, 28, 2, '676', 3, 'occupied', '2025-04-19 04:49:24', '2025-04-19 04:49:24'),
(224, 28, 4, '889', 5, 'occupied', '2025-04-19 04:49:24', '2025-04-19 04:49:24'),
(225, 29, 4, '251', 2, 'maintenance', '2025-04-19 04:49:24', '2025-04-19 04:49:24'),
(226, 29, 3, '628', 1, 'occupied', '2025-04-19 04:49:24', '2025-04-19 04:49:24'),
(227, 29, 4, '526', 3, 'available', '2025-04-19 04:49:24', '2025-04-19 04:49:24'),
(228, 29, 4, '110', 4, 'maintenance', '2025-04-19 04:49:24', '2025-04-19 04:49:24'),
(229, 29, 2, '311', 4, 'available', '2025-04-19 04:49:24', '2025-04-19 04:49:24'),
(230, 29, 2, '980', 3, 'available', '2025-04-19 04:49:24', '2025-04-19 04:49:24'),
(231, 29, 4, '844', 4, 'occupied', '2025-04-19 04:49:24', '2025-04-19 04:49:24'),
(232, 29, 2, '808', 3, 'maintenance', '2025-04-19 04:49:24', '2025-04-19 04:49:24'),
(233, 30, 2, '228', 5, 'occupied', '2025-04-19 04:49:24', '2025-04-19 04:49:24'),
(234, 30, 4, '839', 5, 'available', '2025-04-19 04:49:24', '2025-04-19 04:49:24'),
(235, 30, 1, '516', 3, 'maintenance', '2025-04-19 04:49:24', '2025-04-19 04:49:24'),
(236, 30, 4, '635', 5, 'maintenance', '2025-04-19 04:49:24', '2025-04-19 04:49:24'),
(237, 30, 2, '339', 1, 'maintenance', '2025-04-19 04:49:24', '2025-04-19 04:49:24'),
(238, 30, 3, '442', 2, 'occupied', '2025-04-19 04:49:24', '2025-04-19 04:49:24'),
(239, 30, 3, '106', 1, 'maintenance', '2025-04-19 04:49:24', '2025-04-19 04:49:24'),
(240, 30, 2, '637', 4, 'available', '2025-04-19 04:49:24', '2025-04-19 04:49:24'),
(241, 31, 4, '691', 1, 'occupied', '2025-04-19 04:49:24', '2025-04-19 04:49:24'),
(242, 31, 4, '710', 4, 'occupied', '2025-04-19 04:49:24', '2025-04-19 04:49:24'),
(243, 31, 1, '895', 3, 'available', '2025-04-19 04:49:24', '2025-04-19 04:49:24'),
(244, 31, 3, '798', 4, 'occupied', '2025-04-19 04:49:24', '2025-04-19 04:49:24'),
(245, 31, 4, '159', 5, 'maintenance', '2025-04-19 04:49:24', '2025-04-19 04:49:24'),
(246, 31, 4, '574', 3, 'occupied', '2025-04-19 04:49:24', '2025-04-19 04:49:24'),
(247, 31, 2, '360', 4, 'available', '2025-04-19 04:49:24', '2025-04-19 04:49:24'),
(248, 31, 1, '700', 2, 'maintenance', '2025-04-19 04:49:24', '2025-04-19 04:49:24'),
(249, 32, 2, '365', 2, 'occupied', '2025-04-19 04:49:24', '2025-04-19 04:49:24'),
(250, 32, 4, '315', 2, 'occupied', '2025-04-19 04:49:24', '2025-04-19 04:49:24'),
(251, 32, 2, '846', 2, 'available', '2025-04-19 04:49:24', '2025-04-19 04:49:24'),
(252, 32, 2, '823', 2, 'maintenance', '2025-04-19 04:49:24', '2025-04-19 04:49:24'),
(253, 32, 4, '250', 1, 'available', '2025-04-19 04:49:24', '2025-04-19 04:49:24'),
(254, 32, 1, '879', 4, 'occupied', '2025-04-19 04:49:24', '2025-04-19 04:49:24'),
(255, 32, 4, '766', 4, 'maintenance', '2025-04-19 04:49:24', '2025-04-19 04:49:24'),
(256, 32, 4, '223', 1, 'occupied', '2025-04-19 04:49:24', '2025-04-19 04:49:24'),
(257, 33, 1, '268', 3, 'available', '2025-04-19 04:49:24', '2025-04-19 04:49:24'),
(258, 33, 3, '731', 1, 'occupied', '2025-04-19 04:49:24', '2025-04-19 04:49:24'),
(259, 33, 4, '374', 5, 'maintenance', '2025-04-19 04:49:24', '2025-04-19 04:49:24'),
(260, 33, 1, '338', 3, 'available', '2025-04-19 04:49:24', '2025-04-19 04:49:24'),
(261, 33, 4, '206', 5, 'available', '2025-04-19 04:49:24', '2025-04-19 04:49:24'),
(262, 33, 2, '312', 2, 'available', '2025-04-19 04:49:24', '2025-04-19 04:49:24'),
(263, 33, 4, '284', 5, 'maintenance', '2025-04-19 04:49:24', '2025-04-19 04:49:24'),
(264, 33, 1, '114', 3, 'available', '2025-04-19 04:49:24', '2025-04-19 04:49:24'),
(265, 34, 4, '794', 3, 'occupied', '2025-04-19 04:49:24', '2025-04-19 04:49:24'),
(266, 34, 1, '948', 1, 'occupied', '2025-04-19 04:49:24', '2025-04-19 04:49:24'),
(267, 34, 1, '659', 1, 'occupied', '2025-04-19 04:49:24', '2025-04-19 04:49:24'),
(268, 34, 1, '575', 2, 'available', '2025-04-19 04:49:24', '2025-04-19 04:49:24'),
(269, 34, 2, '509', 4, 'available', '2025-04-19 04:49:24', '2025-04-19 04:49:24'),
(270, 34, 1, '450', 1, 'occupied', '2025-04-19 04:49:24', '2025-04-19 04:49:24'),
(271, 34, 2, '697', 2, 'available', '2025-04-19 04:49:24', '2025-04-19 04:49:24'),
(272, 34, 4, '523', 2, 'occupied', '2025-04-19 04:49:24', '2025-04-19 04:49:24'),
(273, 35, 4, '386', 5, 'available', '2025-04-19 04:49:24', '2025-04-19 04:49:24'),
(274, 35, 1, '973', 4, 'available', '2025-04-19 04:49:24', '2025-04-19 04:49:24'),
(275, 35, 3, '676', 4, 'occupied', '2025-04-19 04:49:24', '2025-04-19 04:49:24'),
(276, 35, 1, '347', 5, 'available', '2025-04-19 04:49:24', '2025-04-19 04:49:24'),
(277, 35, 4, '133', 3, 'occupied', '2025-04-19 04:49:24', '2025-04-19 04:49:24'),
(278, 35, 2, '162', 3, 'maintenance', '2025-04-19 04:49:24', '2025-04-19 04:49:24'),
(279, 35, 3, '846', 1, 'maintenance', '2025-04-19 04:49:24', '2025-04-19 04:49:24'),
(280, 35, 2, '718', 5, 'available', '2025-04-19 04:49:24', '2025-04-19 04:49:24'),
(281, 36, 4, '230', 2, 'occupied', '2025-04-19 04:49:24', '2025-04-19 04:49:24'),
(282, 36, 1, '284', 2, 'maintenance', '2025-04-19 04:49:24', '2025-04-19 04:49:24'),
(283, 36, 4, '220', 2, 'occupied', '2025-04-19 04:49:24', '2025-04-19 04:49:24'),
(284, 36, 1, '767', 3, 'maintenance', '2025-04-19 04:49:24', '2025-04-19 04:49:24'),
(285, 36, 4, '936', 1, 'available', '2025-04-19 04:49:24', '2025-04-19 04:49:24'),
(286, 36, 4, '950', 4, 'occupied', '2025-04-19 04:49:24', '2025-04-19 04:49:24'),
(287, 36, 3, '504', 2, 'occupied', '2025-04-19 04:49:24', '2025-04-19 04:49:24'),
(288, 36, 2, '983', 5, 'maintenance', '2025-04-19 04:49:24', '2025-04-19 04:49:24'),
(289, 37, 3, '411', 2, 'maintenance', '2025-04-19 04:49:24', '2025-04-19 04:49:24'),
(290, 37, 3, '600', 5, 'maintenance', '2025-04-19 04:49:24', '2025-04-19 04:49:24'),
(291, 37, 3, '741', 1, 'occupied', '2025-04-19 04:49:24', '2025-04-19 04:49:24'),
(292, 37, 1, '840', 5, 'maintenance', '2025-04-19 04:49:24', '2025-04-19 04:49:24'),
(293, 37, 3, '545', 1, 'occupied', '2025-04-19 04:49:24', '2025-04-19 04:49:24'),
(294, 37, 4, '866', 3, 'occupied', '2025-04-19 04:49:24', '2025-04-19 04:49:24'),
(295, 37, 1, '966', 2, 'available', '2025-04-19 04:49:24', '2025-04-19 04:49:24'),
(296, 37, 1, '658', 1, 'maintenance', '2025-04-19 04:49:24', '2025-04-19 04:49:24'),
(297, 38, 2, '962', 5, 'available', '2025-04-19 04:49:24', '2025-04-19 04:49:24'),
(298, 38, 2, '269', 1, 'occupied', '2025-04-19 04:49:24', '2025-04-19 04:49:24'),
(299, 38, 3, '895', 2, 'maintenance', '2025-04-19 04:49:24', '2025-04-19 04:49:24'),
(300, 38, 3, '133', 3, 'maintenance', '2025-04-19 04:49:24', '2025-04-19 04:49:24'),
(301, 38, 1, '686', 5, 'available', '2025-04-19 04:49:24', '2025-04-19 04:49:24'),
(302, 38, 2, '277', 3, 'available', '2025-04-19 04:49:24', '2025-04-19 04:49:24'),
(303, 38, 2, '353', 2, 'available', '2025-04-19 04:49:24', '2025-04-19 04:49:24'),
(304, 38, 2, '271', 3, 'available', '2025-04-19 04:49:24', '2025-04-19 04:49:24'),
(305, 39, 2, '141', 3, 'maintenance', '2025-04-19 04:49:24', '2025-04-19 04:49:24'),
(306, 39, 3, '924', 3, 'available', '2025-04-19 04:49:24', '2025-04-19 04:49:24'),
(307, 39, 2, '216', 3, 'occupied', '2025-04-19 04:49:24', '2025-04-19 04:49:24'),
(308, 39, 1, '436', 2, 'occupied', '2025-04-19 04:49:24', '2025-04-19 04:49:24'),
(309, 39, 3, '694', 2, 'maintenance', '2025-04-19 04:49:24', '2025-04-19 04:49:24'),
(310, 39, 2, '298', 2, 'available', '2025-04-19 04:49:24', '2025-04-19 04:49:24'),
(311, 39, 2, '401', 4, 'available', '2025-04-19 04:49:24', '2025-04-19 04:49:24'),
(312, 39, 4, '706', 2, 'available', '2025-04-19 04:49:24', '2025-04-19 04:49:24'),
(313, 40, 1, '931', 3, 'maintenance', '2025-04-19 04:49:24', '2025-04-19 04:49:24'),
(314, 40, 2, '864', 1, 'available', '2025-04-19 04:49:24', '2025-04-19 04:49:24'),
(315, 40, 3, '951', 3, 'available', '2025-04-19 04:49:24', '2025-04-19 04:49:24'),
(316, 40, 1, '265', 4, 'occupied', '2025-04-19 04:49:24', '2025-04-19 04:49:24'),
(317, 40, 4, '869', 3, 'maintenance', '2025-04-19 04:49:24', '2025-04-19 04:49:24'),
(318, 40, 2, '715', 1, 'available', '2025-04-19 04:49:24', '2025-04-19 04:49:24'),
(319, 40, 2, '246', 4, 'occupied', '2025-04-19 04:49:24', '2025-04-19 04:49:24'),
(320, 40, 1, '302', 4, 'occupied', '2025-04-19 04:49:24', '2025-04-19 04:49:24'),
(321, 41, 3, '416', 3, 'available', '2025-04-19 04:49:24', '2025-04-19 04:49:24'),
(322, 41, 1, '167', 4, 'available', '2025-04-19 04:49:24', '2025-04-19 04:49:24'),
(323, 41, 3, '709', 1, 'maintenance', '2025-04-19 04:49:24', '2025-04-19 04:49:24'),
(324, 41, 4, '308', 3, 'maintenance', '2025-04-19 04:49:24', '2025-04-19 04:49:24'),
(325, 41, 1, '915', 5, 'available', '2025-04-19 04:49:24', '2025-04-19 04:49:24'),
(326, 41, 4, '285', 4, 'available', '2025-04-19 04:49:24', '2025-04-19 04:49:24'),
(327, 41, 2, '819', 1, 'occupied', '2025-04-19 04:49:24', '2025-04-19 04:49:24'),
(328, 41, 2, '481', 4, 'available', '2025-04-19 04:49:24', '2025-04-19 04:49:24'),
(329, 42, 3, '533', 4, 'occupied', '2025-04-19 04:49:24', '2025-04-19 04:49:24'),
(330, 42, 4, '254', 3, 'occupied', '2025-04-19 04:49:24', '2025-04-19 04:49:24'),
(331, 42, 2, '205', 1, 'maintenance', '2025-04-19 04:49:24', '2025-04-19 04:49:24'),
(332, 42, 1, '535', 4, 'available', '2025-04-19 04:49:24', '2025-04-19 04:49:24'),
(333, 42, 1, '127', 5, 'maintenance', '2025-04-19 04:49:24', '2025-04-19 04:49:24'),
(334, 42, 3, '262', 3, 'available', '2025-04-19 04:49:24', '2025-04-19 04:49:24'),
(335, 42, 1, '376', 2, 'available', '2025-04-19 04:49:24', '2025-04-19 04:49:24'),
(336, 42, 1, '822', 1, 'occupied', '2025-04-19 04:49:24', '2025-04-19 04:49:24'),
(337, 43, 2, '807', 3, 'occupied', '2025-04-19 04:49:24', '2025-04-19 04:49:24'),
(338, 43, 3, '110', 1, 'occupied', '2025-04-19 04:49:24', '2025-04-19 04:49:24'),
(339, 43, 2, '314', 1, 'maintenance', '2025-04-19 04:49:24', '2025-04-19 04:49:24'),
(340, 43, 1, '755', 3, 'available', '2025-04-19 04:49:24', '2025-04-19 04:49:24'),
(341, 43, 1, '782', 5, 'occupied', '2025-04-19 04:49:24', '2025-04-19 04:49:24'),
(342, 43, 4, '596', 2, 'occupied', '2025-04-19 04:49:24', '2025-04-19 04:49:24'),
(343, 43, 2, '577', 3, 'maintenance', '2025-04-19 04:49:24', '2025-04-19 04:49:24'),
(344, 43, 3, '859', 2, 'available', '2025-04-19 04:49:24', '2025-04-19 04:49:24'),
(345, 44, 2, '195', 3, 'maintenance', '2025-04-19 04:49:24', '2025-04-19 04:49:24'),
(346, 44, 3, '917', 5, 'available', '2025-04-19 04:49:24', '2025-04-19 04:49:24'),
(347, 44, 2, '704', 1, 'occupied', '2025-04-19 04:49:24', '2025-04-19 04:49:24'),
(348, 44, 4, '890', 4, 'available', '2025-04-19 04:49:24', '2025-04-19 04:49:24'),
(349, 44, 4, '541', 4, 'maintenance', '2025-04-19 04:49:24', '2025-04-19 04:49:24'),
(350, 44, 2, '303', 2, 'available', '2025-04-19 04:49:24', '2025-04-19 04:49:24'),
(351, 44, 4, '703', 3, 'available', '2025-04-19 04:49:24', '2025-04-19 04:49:24'),
(352, 44, 1, '466', 2, 'occupied', '2025-04-19 04:49:24', '2025-04-19 04:49:24'),
(353, 45, 3, '578', 4, 'occupied', '2025-04-19 04:49:24', '2025-04-19 04:49:24'),
(354, 45, 3, '158', 5, 'occupied', '2025-04-19 04:49:24', '2025-04-19 04:49:24'),
(355, 45, 2, '852', 5, 'available', '2025-04-19 04:49:24', '2025-04-19 04:49:24'),
(356, 45, 3, '893', 4, 'maintenance', '2025-04-19 04:49:24', '2025-04-19 04:49:24'),
(357, 45, 4, '912', 2, 'occupied', '2025-04-19 04:49:24', '2025-04-19 04:49:24'),
(358, 45, 2, '907', 1, 'maintenance', '2025-04-19 04:49:24', '2025-04-19 04:49:24'),
(359, 45, 3, '620', 4, 'occupied', '2025-04-19 04:49:24', '2025-04-19 04:49:24'),
(360, 45, 2, '228', 3, 'occupied', '2025-04-19 04:49:24', '2025-04-19 04:49:24'),
(361, 46, 3, '321', 3, 'available', '2025-04-19 04:49:24', '2025-04-19 04:49:24'),
(362, 46, 4, '904', 2, 'maintenance', '2025-04-19 04:49:24', '2025-04-19 04:49:24'),
(363, 46, 2, '262', 2, 'occupied', '2025-04-19 04:49:24', '2025-04-19 04:49:24'),
(364, 46, 1, '108', 5, 'available', '2025-04-19 04:49:24', '2025-04-19 04:49:24'),
(365, 46, 4, '461', 2, 'occupied', '2025-04-19 04:49:24', '2025-04-19 04:49:24'),
(366, 46, 2, '557', 5, 'occupied', '2025-04-19 04:49:24', '2025-04-19 04:49:24'),
(367, 46, 3, '293', 2, 'maintenance', '2025-04-19 04:49:24', '2025-04-19 04:49:24'),
(368, 46, 1, '113', 2, 'available', '2025-04-19 04:49:24', '2025-04-19 04:49:24'),
(369, 47, 3, '351', 1, 'occupied', '2025-04-19 04:49:24', '2025-04-19 04:49:24'),
(370, 47, 2, '683', 5, 'available', '2025-04-19 04:49:24', '2025-04-19 04:49:24'),
(371, 47, 1, '906', 5, 'maintenance', '2025-04-19 04:49:24', '2025-04-19 04:49:24'),
(372, 47, 4, '770', 4, 'available', '2025-04-19 04:49:24', '2025-04-19 04:49:24'),
(373, 47, 4, '951', 1, 'available', '2025-04-19 04:49:24', '2025-04-19 04:49:24'),
(374, 47, 4, '519', 1, 'occupied', '2025-04-19 04:49:24', '2025-04-19 04:49:24'),
(375, 47, 3, '950', 1, 'maintenance', '2025-04-19 04:49:24', '2025-04-19 04:49:24'),
(376, 47, 4, '469', 2, 'available', '2025-04-19 04:49:24', '2025-04-19 04:49:24'),
(377, 48, 4, '168', 3, 'maintenance', '2025-04-19 04:49:24', '2025-04-19 04:49:24'),
(378, 48, 1, '140', 2, 'maintenance', '2025-04-19 04:49:24', '2025-04-19 04:49:24'),
(379, 48, 1, '176', 1, 'maintenance', '2025-04-19 04:49:24', '2025-04-19 04:49:24'),
(380, 48, 2, '324', 3, 'available', '2025-04-19 04:49:24', '2025-04-19 04:49:24'),
(381, 48, 2, '651', 2, 'available', '2025-04-19 04:49:24', '2025-04-19 04:49:24'),
(382, 48, 4, '405', 1, 'available', '2025-04-19 04:49:24', '2025-04-19 04:49:24'),
(383, 48, 2, '706', 4, 'available', '2025-04-19 04:49:24', '2025-04-19 04:49:24'),
(384, 48, 1, '811', 4, 'available', '2025-04-19 04:49:24', '2025-04-19 04:49:24'),
(385, 49, 2, '641', 4, 'occupied', '2025-04-19 04:49:24', '2025-04-19 04:49:24'),
(386, 49, 1, '774', 3, 'occupied', '2025-04-19 04:49:24', '2025-04-19 04:49:24'),
(387, 49, 4, '387', 1, 'maintenance', '2025-04-19 04:49:24', '2025-04-19 04:49:24'),
(388, 49, 4, '866', 1, 'occupied', '2025-04-19 04:49:24', '2025-04-19 04:49:24'),
(389, 49, 2, '546', 4, 'occupied', '2025-04-19 04:49:24', '2025-04-19 04:49:24'),
(390, 49, 3, '323', 1, 'available', '2025-04-19 04:49:24', '2025-04-19 04:49:24'),
(391, 49, 3, '686', 2, 'occupied', '2025-04-19 04:49:24', '2025-04-19 04:49:24'),
(392, 49, 2, '277', 3, 'occupied', '2025-04-19 04:49:24', '2025-04-19 04:49:24'),
(393, 50, 4, '192', 4, 'maintenance', '2025-04-19 04:49:24', '2025-04-19 04:49:24'),
(394, 50, 2, '250', 1, 'available', '2025-04-19 04:49:24', '2025-04-19 04:49:24'),
(395, 50, 2, '988', 4, 'available', '2025-04-19 04:49:24', '2025-04-19 04:49:24'),
(396, 50, 3, '112', 3, 'maintenance', '2025-04-19 04:49:24', '2025-04-19 04:49:24'),
(397, 50, 4, '195', 3, 'available', '2025-04-19 04:49:24', '2025-04-19 04:49:24'),
(398, 50, 1, '304', 4, 'occupied', '2025-04-19 04:49:24', '2025-04-19 04:49:24'),
(399, 50, 3, '382', 1, 'maintenance', '2025-04-19 04:49:24', '2025-04-19 04:49:24'),
(400, 50, 4, '301', 2, 'occupied', '2025-04-19 04:49:24', '2025-04-19 04:49:24');

-- guests
INSERT INTO guests (guest_id, first_name, last_name, date_of_birth, email, phone, address_id, nationality, passport_number, created_at, updated_at) VALUES
(1, 'Brittany', 'Snyder', '1996-11-15', 'edwardrandolph@hall.com', '064-138-3670x24103', 31, 'Ukraine', '866-67-6768', '2025-04-19 04:49:24', '2025-04-19 04:49:24'),
(2, 'Jaclyn', 'Watson', '1995-03-12', 'wagnerdana@jones-bradley.biz', '+1-234-456-5574x3132', 64, 'Botswana', '160-14-2694', '2025-04-19 04:49:24', '2025-04-19 04:49:24'),
(3, 'Shannon', 'Edwards', '1952-07-06', 'shannonford@gmail.com', '249-035-2135', 4, 'Indonesia', '526-07-4897', '2025-04-19 04:49:24', '2025-04-19 04:49:24'),
(4, 'Jorge', 'Ewing', '1946-05-31', 'jhawkins@gmail.com', '712-100-3236', 47, 'Holy See (Vatican City State)', '703-81-1377', '2025-04-19 04:49:24', '2025-04-19 04:49:24'),
(5, 'Brandi', 'Green', '1999-08-09', 'osbornjames@ramos.com', '070-296-6706', 71, 'Pitcairn Islands', '437-23-5800', '2025-04-19 04:49:24', '2025-04-19 04:49:24'),
(6, 'Jason', 'Lopez', '1963-05-05', 'austinharvey@gmail.com', '+1-476-870-1462x6383', 74, 'Niue', '822-70-0320', '2025-04-19 04:49:24', '2025-04-19 04:49:24'),
(7, 'Veronica', 'Casey', '1968-09-25', 'kcooper@hotmail.com', '642-059-3040x78593', 48, 'Cayman Islands', '103-32-3952', '2025-04-19 04:49:24', '2025-04-19 04:49:24'),
(8, 'Joseph', 'Velasquez', '2006-09-19', 'barbaramcgrath@kelly-combs.com', '(395)590-5992', 60, 'Monaco', '193-64-8883', '2025-04-19 04:49:24', '2025-04-19 04:49:24'),
(9, 'Kyle', 'Henry', '1950-06-10', 'carolynsmith@smith-hardin.com', '(525)002-9218', 71, 'Tokelau', '374-10-6121', '2025-04-19 04:49:24', '2025-04-19 04:49:24'),
(10, 'Janet', 'Bates', '1984-03-05', 'kevin22@fry.com', '(895)392-6442', 17, 'Christmas Island', '747-01-9386', '2025-04-19 04:49:24', '2025-04-19 04:49:24'),
(11, 'Peter', 'Gamble', '1982-11-30', 'carriemccall@walker.com', '135-521-5704x33154', 79, 'Solomon Islands', '111-93-0021', '2025-04-19 04:49:24', '2025-04-19 04:49:24'),
(12, 'Brandon', 'Kim', '1972-11-08', 'ysnyder@payne-garcia.info', '001-327-104-0541', 12, 'Barbados', '351-22-6152', '2025-04-19 04:49:24', '2025-04-19 04:49:24'),
(13, 'Eugene', 'Jones', '2005-05-31', 'brooke97@johnson.biz', '(015)336-8844', 9, 'French Southern Territories', '244-13-0814', '2025-04-19 04:49:24', '2025-04-19 04:49:24'),
(14, 'Philip', 'Dunn', '1977-09-15', 'wardronald@colon-weber.info', '103.241.7146', 40, 'Latvia', '501-85-4342', '2025-04-19 04:49:24', '2025-04-19 04:49:24'),
(15, 'Christopher', 'Stephens', '1956-11-17', 'cwood@gmail.com', '774-349-0211x586', 51, 'Saudi Arabia', '604-30-9071', '2025-04-19 04:49:24', '2025-04-19 04:49:24'),
(16, 'Bruce', 'Hughes', '1979-11-10', 'parmstrong@yahoo.com', '160-898-9921x7223', 92, 'Sri Lanka', '198-17-0700', '2025-04-19 04:49:24', '2025-04-19 04:49:24'),
(17, 'Rodney', 'Mcneil', '1973-12-04', 'maryscott@sloan.biz', '+1-548-709-9861', 93, 'Israel', '154-19-9284', '2025-04-19 04:49:24', '2025-04-19 04:49:24'),
(18, 'Brianna', 'Chang', '1951-02-12', 'floydmikayla@humphrey-baker.info', '001-970-246-2996', 62, 'Argentina', '406-43-3893', '2025-04-19 04:49:24', '2025-04-19 04:49:24'),
(19, 'Brandon', 'Alvarez', '1962-07-29', 'morganlaura@yahoo.com', '713-247-5469x137', 68, 'Croatia', '844-53-7938', '2025-04-19 04:49:24', '2025-04-19 04:49:24'),
(20, 'Katherine', 'Camacho', '2000-03-02', 'cameronmckinney@taylor-york.org', '2330307053', 53, 'Falkland Islands (Malvinas)', '378-60-8276', '2025-04-19 04:49:24', '2025-04-19 04:49:24'),
(21, 'Randy', 'Leblanc', '1990-08-26', 'nathanwheeler@horne.org', '+1-552-414-0602', 99, 'Timor-Leste', '586-28-3627', '2025-04-19 04:49:24', '2025-04-19 04:49:24'),
(22, 'Deborah', 'Byrd', '1962-08-11', 'hancocktammy@hotmail.com', '7229034944', 53, 'Jamaica', '386-45-7521', '2025-04-19 04:49:24', '2025-04-19 04:49:24'),
(23, 'Johnathan', 'Owens', '1990-05-19', 'smithyvonne@yahoo.com', '+1-994-417-1545', 74, 'Tokelau', '284-34-4896', '2025-04-19 04:49:24', '2025-04-19 04:49:24'),
(24, 'Jacob', 'Holmes', '1960-08-25', 'rguerrero@griffith.info', '466-609-9353x8758', 10, 'French Southern Territories', '866-22-9147', '2025-04-19 04:49:24', '2025-04-19 04:49:24'),
(25, 'Howard', 'Davis', '1953-01-02', 'staceylam@hotmail.com', '353-465-5494', 17, 'Kyrgyz Republic', '872-16-7710', '2025-04-19 04:49:24', '2025-04-19 04:49:24'),
(26, 'Brian', 'Walters', '1983-10-15', 'gpreston@dillon.net', '602-235-6972x5217', 41, 'Grenada', '647-23-5135', '2025-04-19 04:49:24', '2025-04-19 04:49:24'),
(27, 'Cynthia', 'Smith', '1962-11-29', 'barbaramoore@anderson.biz', '(676)008-3505x8300', 83, 'Nigeria', '752-32-3708', '2025-04-19 04:49:24', '2025-04-19 04:49:24'),
(28, 'Heather', 'Cooper', '1953-01-26', 'tgordon@brown.com', '789-856-2575x3260', 10, 'Denmark', '230-94-2150', '2025-04-19 04:49:24', '2025-04-19 04:49:24'),
(29, 'Jason', 'Johnson', '1978-08-21', 'richardsondebra@brooks.com', '001-890-901-0016x761', 58, 'Lebanon', '719-20-3367', '2025-04-19 04:49:24', '2025-04-19 04:49:24'),
(30, 'Heather', 'Mccoy', '1964-10-15', 'batesjoseph@hotmail.com', '001-261-891-4117x393', 60, 'Slovakia (Slovak Republic)', '270-67-3305', '2025-04-19 04:49:24', '2025-04-19 04:49:24'),
(31, 'Michael', 'Ortiz', '1955-03-19', 'slozano@rivera-smith.com', '972-181-1437', 88, 'French Polynesia', '271-60-0821', '2025-04-19 04:49:24', '2025-04-19 04:49:24'),
(32, 'Cory', 'Thompson', '1946-12-25', 'laurie56@hotmail.com', '100-225-5794', 67, 'Turkey', '751-12-6106', '2025-04-19 04:49:24', '2025-04-19 04:49:24'),
(33, 'Lisa', 'White', '1971-07-28', 'ynelson@hotmail.com', '621.202.1697x9729', 45, 'Hong Kong', '798-46-0473', '2025-04-19 04:49:24', '2025-04-19 04:49:24'),
(34, 'Michelle', 'Hobbs', '1993-10-15', 'hknapp@alexander-brown.com', '8993588916', 17, 'Panama', '745-32-7896', '2025-04-19 04:49:24', '2025-04-19 04:49:24'),
(35, 'Michael', 'Rhodes', '1970-06-28', 'smithsarah@allison.com', '001-753-540-8386x631', 100, 'Spain', '587-58-1443', '2025-04-19 04:49:24', '2025-04-19 04:49:24'),
(36, 'Melissa', 'West', '1952-05-17', 'garciarobert@hotmail.com', '+1-019-948-8375', 71, 'Haiti', '846-07-3653', '2025-04-19 04:49:24', '2025-04-19 04:49:24'),
(37, 'Megan', 'Rivera', '1996-07-09', 'jennifer11@hotmail.com', '055.488.5102', 82, 'Lithuania', '144-92-6705', '2025-04-19 04:49:24', '2025-04-19 04:49:24'),
(38, 'Daniel', 'Carr', '1957-01-22', 'ylewis@love.biz', '9177982708', 76, 'Saint Pierre and Miquelon', '050-71-7092', '2025-04-19 04:49:24', '2025-04-19 04:49:24'),
(39, 'Mary', 'Webb', '1978-11-21', 'jessicaanderson@sandoval-obrien.com', '669.346.5472x26984', 24, 'Tajikistan', '719-71-5144', '2025-04-19 04:49:24', '2025-04-19 04:49:24'),
(40, 'Jennifer', 'Walls', '1987-05-06', 'jasonklein@reed.com', '851.587.9968x46081', 99, 'Anguilla', '391-19-0870', '2025-04-19 04:49:24', '2025-04-19 04:49:24'),
(41, 'Ellen', 'Gonzalez', '1995-05-07', 'frances20@mueller.com', '198.386.3840x666', 17, 'Zimbabwe', '808-88-5123', '2025-04-19 04:49:24', '2025-04-19 04:49:24'),
(42, 'Tammy', 'Brown', '1994-11-27', 'christinenorman@yahoo.com', '598.933.4721', 56, 'Colombia', '178-95-8419', '2025-04-19 04:49:24', '2025-04-19 04:49:24'),
(43, 'David', 'Williams', '1963-04-17', 'eugenesingleton@gmail.com', '720-259-0947x98515', 65, 'Mali', '226-24-8530', '2025-04-19 04:49:24', '2025-04-19 04:49:24'),
(44, 'Carlos', 'Wagner', '1972-08-08', 'baileynicole@hotmail.com', '554-398-7801x57399', 8, 'Ecuador', '041-88-5259', '2025-04-19 04:49:24', '2025-04-19 04:49:24'),
(45, 'Patrick', 'Hogan', '1952-01-05', 'amber40@hotmail.com', '001-588-770-4358x112', 16, 'Albania', '642-09-3454', '2025-04-19 04:49:24', '2025-04-19 04:49:24'),
(46, 'Ellen', 'Ayala', '2003-02-27', 'harrismaria@hotmail.com', '001-612-075-0110x248', 67, 'Swaziland', '234-34-6679', '2025-04-19 04:49:24', '2025-04-19 04:49:24'),
(47, 'Paul', 'Mccoy', '1973-10-06', 'pricedavid@gmail.com', '+1-919-015-8144x9147', 20, 'Hong Kong', '405-85-0505', '2025-04-19 04:49:24', '2025-04-19 04:49:24'),
(48, 'Thomas', 'Ferguson', '1953-07-30', 'susan24@hotmail.com', '001-508-821-0099x688', 39, 'Gambia', '216-96-5634', '2025-04-19 04:49:24', '2025-04-19 04:49:24'),
(49, 'Jason', 'Whitehead', '2002-03-29', 'jackjensen@lee-white.org', '8781414139', 22, 'Libyan Arab Jamahiriya', '339-46-2101', '2025-04-19 04:49:24', '2025-04-19 04:49:24'),
(50, 'Emily', 'Young', '1963-09-14', 'louishayes@hopkins.org', '(562)053-3645x257', 21, 'Kyrgyz Republic', '457-46-5005', '2025-04-19 04:49:24', '2025-04-19 04:49:24'),
(51, 'Tony', 'Rodriguez', '1988-03-24', 'michele28@baker.com', '001-108-099-6930x848', 42, 'Latvia', '670-20-5994', '2025-04-19 04:49:24', '2025-04-19 04:49:24'),
(52, 'Philip', 'Vance', '1984-06-02', 'stevendixon@yahoo.com', '(803)928-2722x992', 91, 'Saint Pierre and Miquelon', '750-62-5879', '2025-04-19 04:49:24', '2025-04-19 04:49:24'),
(53, 'Billy', 'Juarez', '1960-01-26', 'mike03@velez.info', '0518449892', 29, 'Honduras', '670-49-5986', '2025-04-19 04:49:24', '2025-04-19 04:49:24'),
(54, 'Briana', 'Villanueva', '1949-08-05', 'okaufman@hotmail.com', '(557)790-8272x3184', 45, 'Croatia', '154-24-2579', '2025-04-19 04:49:24', '2025-04-19 04:49:24'),
(55, 'Michael', 'Love', '1952-05-08', 'ushepherd@olson.info', '926.030.2992', 67, 'Burkina Faso', '645-66-0643', '2025-04-19 04:49:24', '2025-04-19 04:49:24'),
(56, 'Patricia', 'Thomas', '1955-08-14', 'zacharysullivan@hotmail.com', '+1-041-379-7723x6929', 37, 'Swaziland', '786-24-8370', '2025-04-19 04:49:24', '2025-04-19 04:49:24'),
(57, 'Joseph', 'Ramsey', '1967-08-14', 'hallpaul@gmail.com', '3886291279', 11, 'Nepal', '040-69-8247', '2025-04-19 04:49:24', '2025-04-19 04:49:24'),
(58, 'Karen', 'Davis', '1989-03-03', 'princekimberly@reynolds.net', '(376)599-1624x73149', 33, 'Turkey', '557-53-4224', '2025-04-19 04:49:24', '2025-04-19 04:49:24'),
(59, 'Jacob', 'Fletcher', '1998-01-07', 'meyernicholas@watts.biz', '(126)944-8695x946', 26, 'Saudi Arabia', '209-53-9046', '2025-04-19 04:49:24', '2025-04-19 04:49:24'),
(60, 'Kristen', 'Olson', '1969-06-28', 'vanessa95@hotmail.com', '(213)721-3865x8902', 82, 'Iceland', '652-01-1493', '2025-04-19 04:49:24', '2025-04-19 04:49:24'),
(61, 'Madeline', 'Ruiz', '1985-02-22', 'brownjeffrey@gmail.com', '+1-066-984-9027x703', 71, 'Thailand', '673-67-4686', '2025-04-19 04:49:24', '2025-04-19 04:49:24'),
(62, 'James', 'Bowers', '1979-01-15', 'emilyward@smith.biz', '(669)380-1184x895', 36, 'Guatemala', '836-36-3708', '2025-04-19 04:49:24', '2025-04-19 04:49:24'),
(63, 'Catherine', 'Lee', '1971-10-15', 'gregory81@jones.net', '894-769-7357x790', 17, 'Liberia', '120-34-1107', '2025-04-19 04:49:24', '2025-04-19 04:49:24'),
(64, 'Patrick', 'Kramer', '1959-04-18', 'robert58@smith.com', '(518)275-5394x2373', 81, 'Dominica', '754-31-4349', '2025-04-19 04:49:24', '2025-04-19 04:49:24'),
(65, 'Jamie', 'Harris', '1961-04-16', 'kimberlywilson@gmail.com', '+1-790-807-5957x9472', 39, 'Fiji', '408-29-9449', '2025-04-19 04:49:24', '2025-04-19 04:49:24'),
(66, 'David', 'Fox', '1973-02-04', 'shawphillip@hotmail.com', '001-271-875-0036x915', 79, 'Tokelau', '266-24-8988', '2025-04-19 04:49:24', '2025-04-19 04:49:24'),
(67, 'Jose', 'Adams', '1986-01-07', 'ivan63@yahoo.com', '001-556-472-9293x143', 69, 'Micronesia', '443-49-3213', '2025-04-19 04:49:24', '2025-04-19 04:49:24'),
(68, 'Dustin', 'Haley', '1954-06-23', 'thompsonvictor@hotmail.com', '857.448.9061x20347', 12, 'Taiwan', '645-13-7371', '2025-04-19 04:49:24', '2025-04-19 04:49:24'),
(69, 'Julie', 'Green', '1968-10-25', 'andrew15@hotmail.com', '+1-399-824-5587x716', 65, 'New Zealand', '294-60-2374', '2025-04-19 04:49:24', '2025-04-19 04:49:24'),
(70, 'Miranda', 'Davidson', '1967-04-04', 'esweeney@gmail.com', '(535)544-9647', 83, 'Slovakia (Slovak Republic)', '884-47-9617', '2025-04-19 04:49:24', '2025-04-19 04:49:24'),
(71, 'Abigail', 'Cole', '1955-09-07', 'martinezjimmy@shepard-haynes.com', '261.117.8006', 22, 'Mali', '784-11-1703', '2025-04-19 04:49:24', '2025-04-19 04:49:24'),
(72, 'Jose', 'Moore', '1988-11-09', 'jerome47@hotmail.com', '(282)005-5778', 76, 'Vietnam', '279-71-7289', '2025-04-19 04:49:24', '2025-04-19 04:49:24'),
(73, 'Derek', 'Fry', '1980-12-30', 'owelch@graham.com', '831.745.6424x0082', 75, 'Guatemala', '294-61-8768', '2025-04-19 04:49:24', '2025-04-19 04:49:24'),
(74, 'Alan', 'Weeks', '1995-09-16', 'albert64@hotmail.com', '085.368.6632', 20, 'Saint Barthelemy', '755-83-6386', '2025-04-19 04:49:24', '2025-04-19 04:49:24'),
(75, 'Maria', 'Walker', '1949-09-08', 'zacharymarsh@hotmail.com', '001-448-463-1224x179', 22, 'Korea', '279-90-8061', '2025-04-19 04:49:24', '2025-04-19 04:49:24'),
(76, 'Jacob', 'Smith', '1947-09-04', 'teresacampbell@espinoza.com', '120.735.6475', 85, 'Kyrgyz Republic', '714-05-5411', '2025-04-19 04:49:24', '2025-04-19 04:49:24'),
(77, 'Christopher', 'Christensen', '1954-03-29', 'kimberly18@white-huang.com', '(013)673-0371x8376', 80, 'Pitcairn Islands', '320-42-2599', '2025-04-19 04:49:24', '2025-04-19 04:49:24'),
(78, 'Crystal', 'Williams', '1981-09-11', 'timothy43@clay-boyer.com', '365-024-9163', 93, 'Algeria', '044-75-7787', '2025-04-19 04:49:24', '2025-04-19 04:49:24'),
(79, 'Haley', 'Moore', '1996-10-01', 'ericdavis@morgan.com', '5281273585', 78, 'Sri Lanka', '450-94-3162', '2025-04-19 04:49:24', '2025-04-19 04:49:24'),
(80, 'Andrew', 'Gray', '1993-08-05', 'rachel77@phillips.com', '+1-557-498-2182', 44, 'Korea', '303-34-8874', '2025-04-19 04:49:24', '2025-04-19 04:49:24'),
(81, 'Michael', 'Smith', '1987-09-19', 'nicoleharvey@yahoo.com', '001-935-186-3878x294', 73, 'Norway', '330-15-1578', '2025-04-19 04:49:24', '2025-04-19 04:49:24'),
(82, 'Alexandra', 'Jones', '2001-02-17', 'morganharris@lee-johnson.biz', '+1-789-940-5391x0371', 6, 'Spain', '655-08-5914', '2025-04-19 04:49:24', '2025-04-19 04:49:24'),
(83, 'Angela', 'Hurley', '1972-08-08', 'colonjoseph@gmail.com', '001-141-381-1386x338', 4, 'Mongolia', '641-23-9150', '2025-04-19 04:49:24', '2025-04-19 04:49:24'),
(84, 'Kara', 'Perry', '1951-06-24', 'bpark@gmail.com', '(286)852-8975', 11, 'United Kingdom', '323-71-5320', '2025-04-19 04:49:24', '2025-04-19 04:49:24'),
(85, 'Megan', 'Gutierrez', '1987-05-23', 'charlene98@gmail.com', '(845)776-0049x0824', 6, 'Albania', '308-29-3520', '2025-04-19 04:49:24', '2025-04-19 04:49:24'),
(86, 'Melissa', 'Smith', '2000-03-25', 'clintonstevens@gmail.com', '(459)334-4196', 83, 'Mongolia', '223-94-1265', '2025-04-19 04:49:24', '2025-04-19 04:49:24'),
(87, 'Jennifer', 'Mcguire', '1956-01-24', 'larsonkevin@hotmail.com', '001-610-556-6139', 99, 'Vanuatu', '012-82-6267', '2025-04-19 04:49:24', '2025-04-19 04:49:24'),
(88, 'Brian', 'Warren', '1966-01-10', 'wayne32@nunez.info', '001-998-136-4622x517', 74, 'Mayotte', '409-34-1394', '2025-04-19 04:49:24', '2025-04-19 04:49:24'),
(89, 'Raymond', 'Hamilton', '1991-10-15', 'timothygonzalez@pearson-gonzalez.org', '001-833-146-5911x665', 34, 'Comoros', '329-45-9731', '2025-04-19 04:49:24', '2025-04-19 04:49:24'),
(90, 'Diana', 'Carrillo', '1955-10-25', 'chanson@gmail.com', '352.110.3924', 84, 'American Samoa', '352-89-1824', '2025-04-19 04:49:24', '2025-04-19 04:49:24'),
(91, 'Kevin', 'Ruiz', '1966-11-18', 'jamesmills@dunn-dean.com', '001-069-804-2043x940', 27, 'Lao People''s Democratic Republic', '671-02-1092', '2025-04-19 04:49:24', '2025-04-19 04:49:24'),
(92, 'Paul', 'Nelson', '2002-04-13', 'smithmichelle@hotmail.com', '(368)157-9812x3878', 99, 'Vanuatu', '730-03-0652', '2025-04-19 04:49:24', '2025-04-19 04:49:24'),
(93, 'John', 'Moreno', '1966-12-30', 'bgarner@yahoo.com', '+1-554-384-0460x8432', 74, 'Ukraine', '403-85-2249', '2025-04-19 04:49:24', '2025-04-19 04:49:24'),
(94, 'Christopher', 'Reyes', '1990-06-08', 'jallen@waller-browning.com', '823.298.3248x262', 54, 'Palau', '579-21-5202', '2025-04-19 04:49:24', '2025-04-19 04:49:24'),
(95, 'Carlos', 'Patel', '1993-04-03', 'lonniehobbs@johnson.biz', '742-312-2099x4999', 80, 'Djibouti', '611-30-3784', '2025-04-19 04:49:24', '2025-04-19 04:49:24'),
(96, 'Grace', 'Howard', '1991-02-15', 'waynejacobs@hotmail.com', '+1-526-772-2330x6046', 82, 'Cyprus', '761-86-3324', '2025-04-19 04:49:24', '2025-04-19 04:49:24'),
(97, 'Katherine', 'Jones', '1974-03-11', 'michelle36@yahoo.com', '001-096-569-9988x081', 4, 'Sweden', '899-06-4026', '2025-04-19 04:49:24', '2025-04-19 04:49:24'),
(98, 'April', 'Foster', '1994-04-29', 'oblack@lee.biz', '472-649-0827x7181', 64, 'Cocos (Keeling) Islands', '798-75-8953', '2025-04-19 04:49:24', '2025-04-19 04:49:24'),
(99, 'Derek', 'Gutierrez', '1974-12-24', 'shawnmosley@khan.com', '211-175-1868x92686', 81, 'Aruba', '787-22-5492', '2025-04-19 04:49:24', '2025-04-19 04:49:24'),
(100, 'Ariana', 'Keller', '1954-07-06', 'haroldjoseph@parker-cross.info', '212-309-4077x7809', 70, 'Turkmenistan', '506-31-3554', '2025-04-19 04:49:24', '2025-04-19 04:49:24'),
(101, 'Brianna', 'Alvarez', '1972-03-17', 'burkeadam@hotmail.com', '983-022-0502x099', 38, 'French Southern Territories', '340-12-0804', '2025-04-19 04:49:24', '2025-04-19 04:49:24'),
(102, 'Daniel', 'Chaney', '1955-04-12', 'tammycurry@yahoo.com', '1455616814', 83, 'Latvia', '138-16-4497', '2025-04-19 04:49:24', '2025-04-19 04:49:24'),
(103, 'Mark', 'Gutierrez', '1958-07-30', 'rodriguezjessica@rice.org', '001-469-548-9952x997', 39, 'Maldives', '747-81-8155', '2025-04-19 04:49:24', '2025-04-19 04:49:24'),
(104, 'Travis', 'White', '1985-10-07', 'tiffany01@marshall.com', '+1-660-558-3034x414', 62, 'French Southern Territories', '519-71-5308', '2025-04-19 04:49:24', '2025-04-19 04:49:24'),
(105, 'Katie', 'Wilson', '1966-12-23', 'nramsey@gmail.com', '(355)770-2727', 32, 'Uganda', '886-69-5491', '2025-04-19 04:49:24', '2025-04-19 04:49:24'),
(106, 'Steven', 'Olsen', '1994-10-31', 'annette58@smith.com', '240-568-2996', 88, 'Colombia', '610-15-5051', '2025-04-19 04:49:24', '2025-04-19 04:49:24'),
(107, 'Janet', 'Edwards', '1946-06-14', 'pmiller@yahoo.com', '438.421.5031x780', 52, 'South Georgia and the South Sandwich Islands', '495-65-2525', '2025-04-19 04:49:24', '2025-04-19 04:49:24'),
(108, 'James', 'Mclean', '1994-02-20', 'douglas18@hotmail.com', '(307)681-0409', 39, 'Tunisia', '090-43-7650', '2025-04-19 04:49:24', '2025-04-19 04:49:24'),
(109, 'Pamela', 'Garcia', '1996-06-08', 'lanelarry@gmail.com', '334-485-7142x24109', 59, 'Moldova', '527-14-3385', '2025-04-19 04:49:24', '2025-04-19 04:49:24'),
(110, 'Amy', 'Dunn', '1962-09-29', 'audrey21@austin-morgan.info', '2070160166', 10, 'Christmas Island', '722-77-9712', '2025-04-19 04:49:24', '2025-04-19 04:49:24'),
(111, 'Crystal', 'Vaughn', '1974-08-21', 'martin38@gmail.com', '001-792-171-7477x332', 89, 'United States Minor Outlying Islands', '373-51-3005', '2025-04-19 04:49:24', '2025-04-19 04:49:24'),
(112, 'Holly', 'Ortega', '1997-12-22', 'efreeman@yahoo.com', '577-245-9928', 8, 'Bosnia and Herzegovina', '416-92-1753', '2025-04-19 04:49:24', '2025-04-19 04:49:24'),
(113, 'Mark', 'Banks', '1998-03-22', 'amorales@gmail.com', '+1-382-761-5396x695', 21, 'Mauritius', '711-31-2836', '2025-04-19 04:49:24', '2025-04-19 04:49:24'),
(114, 'Elaine', 'Miller', '1992-09-28', 'vargassteven@hotmail.com', '724-619-1965', 57, 'Lithuania', '661-85-1008', '2025-04-19 04:49:24', '2025-04-19 04:49:24'),
(115, 'Christopher', 'Montoya', '2004-09-04', 'donnachavez@price-lane.com', '549.465.1909', 54, 'Madagascar', '414-17-4820', '2025-04-19 04:49:24', '2025-04-19 04:49:24'),
(116, 'Bryan', 'Santana', '1947-11-30', 'daniel40@reynolds.biz', '+1-566-668-3272x3865', 62, 'Tajikistan', '428-20-4727', '2025-04-19 04:49:24', '2025-04-19 04:49:24'),
(117, 'Whitney', 'Santiago', '1953-06-08', 'wongdouglas@barrett-proctor.com', '267-969-2786', 60, 'Mexico', '840-58-6304', '2025-04-19 04:49:24', '2025-04-19 04:49:24'),
(118, 'Michael', 'Lopez', '1985-06-09', 'pbradford@shaw.com', '0975197128', 27, 'Togo', '769-36-7618', '2025-04-19 04:49:24', '2025-04-19 04:49:24'),
(119, 'Zachary', 'Mills', '1985-10-24', 'thomasharmon@miller.com', '+1-058-077-8795x654', 44, 'French Guiana', '172-05-9792', '2025-04-19 04:49:24', '2025-04-19 04:49:24'),
(120, 'Kara', 'Acosta', '1982-08-28', 'sotobelinda@hotmail.com', '4904712814', 78, 'El Salvador', '136-79-4604', '2025-04-19 04:49:24', '2025-04-19 04:49:24'),
(121, 'Joshua', 'Scott', '1994-10-02', 'reneestevenson@griffin.com', '280.512.9276x6372', 19, 'Cote d''Ivoire', '592-94-5654', '2025-04-19 04:49:24', '2025-04-19 04:49:24'),
(122, 'Brian', 'Baker', '2000-01-25', 'jacksonraymond@alvarez-vaughan.net', '667.428.6047', 41, 'Hong Kong', '695-41-8688', '2025-04-19 04:49:24', '2025-04-19 04:49:24'),
(123, 'Felicia', 'Williams', '2006-09-30', 'pbishop@yahoo.com', '441-496-7393x85258', 92, 'Algeria', '689-02-1114', '2025-04-19 04:49:24', '2025-04-19 04:49:24'),
(124, 'Alexander', 'Davis', '1951-05-15', 'jeffrey44@gmail.com', '0910939111', 41, 'Togo', '620-17-6160', '2025-04-19 04:49:24', '2025-04-19 04:49:24'),
(125, 'Diana', 'Yoder', '1982-10-26', 'dominguezjon@guerrero-jones.info', '654-214-0665x044', 94, 'Christmas Island', '452-09-8057', '2025-04-19 04:49:24', '2025-04-19 04:49:24'),
(126, 'Tiffany', 'Gonzalez', '1971-01-06', 'irodriguez@robinson-schneider.info', '001-410-119-4707x200', 45, 'Papua New Guinea', '400-35-2484', '2025-04-19 04:49:24', '2025-04-19 04:49:24'),
(127, 'Isabel', 'Conway', '1983-05-27', 'zmendoza@norman.com', '(719)855-4601x5851', 52, 'Tajikistan', '471-98-4751', '2025-04-19 04:49:24', '2025-04-19 04:49:24'),
(128, 'Deborah', 'Thompson', '1946-12-22', 'kentprice@gmail.com', '+1-571-732-0309x3761', 17, 'Somalia', '554-83-5042', '2025-04-19 04:49:24', '2025-04-19 04:49:24'),
(129, 'Victor', 'Hanna', '1999-07-16', 'johnsonbrian@hotmail.com', '6138782931', 98, 'Argentina', '754-19-8011', '2025-04-19 04:49:24', '2025-04-19 04:49:24'),
(130, 'Desiree', 'Ruiz', '2006-10-08', 'jacquelineanderson@chen.com', '929.111.7993x136', 48, 'Guadeloupe', '831-95-6587', '2025-04-19 04:49:24', '2025-04-19 04:49:24'),
(131, 'Mark', 'Daugherty', '1983-06-29', 'mary30@thompson.biz', '(582)739-0219', 66, 'Honduras', '797-21-0257', '2025-04-19 04:49:24', '2025-04-19 04:49:24'),
(132, 'Nichole', 'Miller', '1944-10-15', 'mannbrittney@butler-aguirre.info', '001-232-487-6329x092', 72, 'Saint Barthelemy', '512-79-1443', '2025-04-19 04:49:24', '2025-04-19 04:49:24'),
(133, 'Courtney', 'Patton', '1967-12-20', 'grantjames@hotmail.com', '958-837-3403', 14, 'Bouvet Island (Bouvetoya)', '816-20-7773', '2025-04-19 04:49:24', '2025-04-19 04:49:24'),
(134, 'Tyler', 'Moore', '2007-02-01', 'newmanjustin@king-jensen.info', '1082207811', 41, 'Ukraine', '241-93-7288', '2025-04-19 04:49:24', '2025-04-19 04:49:24'),
(135, 'Brittany', 'Nguyen', '1957-10-27', 'kimberlynguyen@gmail.com', '636.317.9706', 31, 'Cameroon', '222-79-7455', '2025-04-19 04:49:24', '2025-04-19 04:49:24'),
(136, 'Gregory', 'Brooks', '1975-06-13', 'theresa35@johnson.com', '217-762-5349x292', 60, 'Montserrat', '567-30-1417', '2025-04-19 04:49:24', '2025-04-19 04:49:24'),
(137, 'Robert', 'Boyd', '2002-12-21', 'rhood@blair.com', '569.392.9060', 16, 'Armenia', '482-94-8262', '2025-04-19 04:49:24', '2025-04-19 04:49:24'),
(138, 'Arthur', 'Schmidt', '1976-11-29', 'fsimpson@mullins.com', '(543)107-4279', 35, 'San Marino', '598-04-7453', '2025-04-19 04:49:24', '2025-04-19 04:49:24'),
(139, 'Steven', 'Taylor', '1992-02-23', 'kristywood@yahoo.com', '001-016-580-4649x893', 58, 'Solomon Islands', '702-11-5501', '2025-04-19 04:49:24', '2025-04-19 04:49:24'),
(140, 'Jill', 'Brown', '2006-03-23', 'rodriguezmichael@hotmail.com', '5528183253', 32, 'Mauritania', '117-84-7840', '2025-04-19 04:49:24', '2025-04-19 04:49:24'),
(141, 'Jo', 'Goodwin', '2003-07-31', 'lukehurst@frazier.com', '788.178.8479x513', 19, 'Uganda', '469-12-1314', '2025-04-19 04:49:24', '2025-04-19 04:49:24'),
(142, 'Peter', 'White', '1949-07-14', 'joshuaterry@hernandez-harris.com', '682-756-7043x1038', 13, 'Oman', '344-53-9482', '2025-04-19 04:49:24', '2025-04-19 04:49:24'),
(143, 'Matthew', 'Lucas', '1966-07-03', 'kellis@gmail.com', '243-754-0254x7292', 7, 'Rwanda', '549-37-2987', '2025-04-19 04:49:24', '2025-04-19 04:49:24'),
(144, 'Teresa', 'Franco', '1991-06-13', 'johnwilliams@andrews-alexander.com', '(380)552-5782', 38, 'Marshall Islands', '309-16-0409', '2025-04-19 04:49:24', '2025-04-19 04:49:24'),
(145, 'Richard', 'Porter', '1954-03-11', 'eric88@yahoo.com', '+1-474-929-7517x0281', 50, 'Gambia', '026-52-3611', '2025-04-19 04:49:24', '2025-04-19 04:49:24'),
(146, 'Sean', 'Davis', '1948-01-16', 'kimberlywang@johnson.info', '+1-186-375-9980x5626', 79, 'Hungary', '382-02-4664', '2025-04-19 04:49:24', '2025-04-19 04:49:24'),
(147, 'Michael', 'Parker', '1974-08-14', 'jessicawallace@lara-roberts.biz', '001-629-912-3478x519', 54, 'Benin', '007-53-4479', '2025-04-19 04:49:24', '2025-04-19 04:49:24'),
(148, 'Robert', 'Peters', '1992-08-18', 'jacobjames@henry.org', '787-300-2447x1462', 32, 'Liechtenstein', '705-83-4010', '2025-04-19 04:49:24', '2025-04-19 04:49:24'),
(149, 'Anthony', 'Hubbard', '1977-11-06', 'bianca96@burton-alvarez.com', '(890)429-0257x252', 21, 'Austria', '280-47-6874', '2025-04-19 04:49:24', '2025-04-19 04:49:24'),
(150, 'Daisy', 'Friedman', '1947-08-12', 'alyssa18@gmail.com', '001-219-285-5445x189', 42, 'American Samoa', '141-67-4611', '2025-04-19 04:49:24', '2025-04-19 04:49:24'),
(151, 'Nathan', 'Washington', '1967-06-16', 'robinsonwesley@pope.org', '001-888-167-1120x754', 74, 'Portugal', '372-18-7241', '2025-04-19 04:49:24', '2025-04-19 04:49:24'),
(152, 'Pamela', 'Harper', '1996-04-05', 'jenniferjohnson@gmail.com', '223.423.2161', 93, 'Belarus', '020-62-7066', '2025-04-19 04:49:24', '2025-04-19 04:49:24'),
(153, 'Brad', 'Rodriguez', '1998-04-07', 'qwilson@jones.com', '001-119-393-2501x249', 41, 'Central African Republic', '876-65-3963', '2025-04-19 04:49:24', '2025-04-19 04:49:24'),
(154, 'William', 'Jones', '2000-01-26', 'jenniferbrandt@winters.com', '001-138-759-2712x566', 25, 'Malawi', '234-53-1849', '2025-04-19 04:49:24', '2025-04-19 04:49:24'),
(155, 'Kathleen', 'Edwards', '1976-01-02', 'tylerward@hawkins-williams.com', '164.794.7386x4631', 98, 'Ukraine', '862-61-6021', '2025-04-19 04:49:24', '2025-04-19 04:49:24'),
(156, 'Harry', 'Lutz', '1977-10-02', 'qkim@miller.org', '215-353-9613', 21, 'Taiwan', '435-93-8178', '2025-04-19 04:49:24', '2025-04-19 04:49:24'),
(157, 'Joshua', 'Reeves', '1983-11-24', 'qkelly@hotmail.com', '(784)271-1477x3201', 64, 'Saint Pierre and Miquelon', '055-09-8162', '2025-04-19 04:49:24', '2025-04-19 04:49:24'),
(158, 'Erika', 'Stanton', '1970-05-03', 'kevinhanson@gmail.com', '+1-877-347-7848x5880', 66, 'Jersey', '122-50-7375', '2025-04-19 04:49:24', '2025-04-19 04:49:24'),
(159, 'Leonard', 'Bennett', '1975-07-30', 'thompsondonna@dyer-martin.biz', '(467)197-8897', 60, 'Lebanon', '576-21-8302', '2025-04-19 04:49:24', '2025-04-19 04:49:24'),
(160, 'Brian', 'Baker', '1984-07-08', 'katie45@gmail.com', '9025590561', 64, 'Japan', '354-46-6750', '2025-04-19 04:49:24', '2025-04-19 04:49:24'),
(161, 'Michael', 'Stanley', '1961-02-23', 'brittany14@morgan.net', '076-986-4079x05696', 40, 'Gibraltar', '587-13-8002', '2025-04-19 04:49:24', '2025-04-19 04:49:24'),
(162, 'Craig', 'Leonard', '1967-02-28', 'garrett45@yahoo.com', '718.344.0496', 64, 'Spain', '232-80-1507', '2025-04-19 04:49:24', '2025-04-19 04:49:24'),
(163, 'Jennifer', 'Lane', '1984-07-28', 'carlos87@yahoo.com', '514.846.8536', 3, 'Iran', '258-80-8444', '2025-04-19 04:49:24', '2025-04-19 04:49:24'),
(164, 'Shawn', 'Hines', '1956-08-02', 'barbaralewis@hurley.org', '001-690-835-7232x466', 12, 'Norfolk Island', '209-53-4374', '2025-04-19 04:49:24', '2025-04-19 04:49:24'),
(165, 'Madison', 'Lucas', '1961-10-01', 'jallen@johnson.info', '866.032.4204x4820', 51, 'Saint Helena', '498-03-0907', '2025-04-19 04:49:24', '2025-04-19 04:49:24'),
(166, 'Michele', 'Miller', '1985-03-27', 'lesterrichard@yahoo.com', '+1-162-319-8189x8471', 65, 'Nepal', '126-99-5135', '2025-04-19 04:49:24', '2025-04-19 04:49:24'),
(167, 'Mark', 'Silva', '1970-11-01', 'grobinson@lewis.info', '(490)785-1586x73425', 59, 'Lebanon', '733-48-5050', '2025-04-19 04:49:24', '2025-04-19 04:49:24'),
(168, 'Andrew', 'Rasmussen', '1985-07-10', 'vazquezkristina@king.com', '+1-518-376-0644x1343', 31, 'Tokelau', '165-57-5197', '2025-04-19 04:49:24', '2025-04-19 04:49:24'),
(169, 'Natasha', 'Wang', '1971-12-12', 'michelle77@gutierrez.com', '(481)569-8570', 28, 'Serbia', '054-83-3011', '2025-04-19 04:49:24', '2025-04-19 04:49:24'),
(170, 'Crystal', 'Gibbs', '1953-07-23', 'tgonzalez@johnston-rodriguez.com', '296.577.2429x54316', 75, 'Heard Island and McDonald Islands', '187-51-6183', '2025-04-19 04:49:24', '2025-04-19 04:49:24'),
(171, 'Shirley', 'Wilkerson', '1959-07-29', 'leblancdeborah@perez.com', '001-206-969-4215x291', 46, 'American Samoa', '736-68-7130', '2025-04-19 04:49:24', '2025-04-19 04:49:24'),
(172, 'Kiara', 'Hebert', '2000-08-04', 'walkerjames@yahoo.com', '762-639-3436x2620', 7, 'French Guiana', '269-31-7389', '2025-04-19 04:49:24', '2025-04-19 04:49:24'),
(173, 'Rebecca', 'Wood', '1990-11-11', 'smithdean@yahoo.com', '001-636-694-1180x053', 7, 'Latvia', '363-78-9802', '2025-04-19 04:49:24', '2025-04-19 04:49:24'),
(174, 'Jenna', 'Pacheco', '1944-08-30', 'zturner@hotmail.com', '(280)924-2875x721', 37, 'Ghana', '728-68-7094', '2025-04-19 04:49:24', '2025-04-19 04:49:24'),
(175, 'Donald', 'Wilson', '1947-04-21', 'rsavage@ward.com', '+1-485-625-7287x032', 64, 'Austria', '236-24-0588', '2025-04-19 04:49:24', '2025-04-19 04:49:24'),
(176, 'Thomas', 'Martin', '1976-02-01', 'carneysara@gmail.com', '587.771.2151x342', 77, 'Syrian Arab Republic', '173-96-8336', '2025-04-19 04:49:24', '2025-04-19 04:49:24'),
(177, 'Lynn', 'Elliott', '1989-06-04', 'foxashley@knapp-sanchez.info', '+1-150-416-5915x2017', 84, 'Korea', '644-35-9736', '2025-04-19 04:49:24', '2025-04-19 04:49:24'),
(178, 'Diane', 'Rivera', '1947-04-13', 'stacey92@gmail.com', '4501896164', 87, 'Christmas Island', '246-99-6536', '2025-04-19 04:49:24', '2025-04-19 04:49:24'),
(179, 'Christopher', 'Phelps', '1955-05-21', 'wmitchell@hotmail.com', '(147)649-2515', 61, 'Malawi', '205-63-7299', '2025-04-19 04:49:24', '2025-04-19 04:49:24'),
(180, 'Nicole', 'Alvarez', '1982-08-12', 'avilalisa@hotmail.com', '(661)085-7327', 37, 'Mali', '645-83-8597', '2025-04-19 04:49:24', '2025-04-19 04:49:24'),
(181, 'Christopher', 'Mcdonald', '1949-09-08', 'edgar24@gmail.com', '649.081.0818x66179', 69, 'Suriname', '260-46-4176', '2025-04-19 04:49:24', '2025-04-19 04:49:24'),
(182, 'Brenda', 'Mack', '1945-05-28', 'lwhite@williams-butler.com', '977-945-2321x94168', 2, 'Andorra', '006-51-1912', '2025-04-19 04:49:24', '2025-04-19 04:49:24'),
(183, 'Alexander', 'Rios', '1975-08-12', 'nturner@yahoo.com', '001-641-220-3103x037', 14, 'Pakistan', '149-84-3962', '2025-04-19 04:49:24', '2025-04-19 04:49:24'),
(184, 'Ryan', 'Garrett', '1998-01-21', 'turnersteven@henderson-wilson.com', '001-777-079-3349x605', 56, 'Bosnia and Herzegovina', '646-92-7075', '2025-04-19 04:49:24', '2025-04-19 04:49:24'),
(185, 'Tiffany', 'Allison', '1994-06-16', 'freemantodd@hotmail.com', '001-973-080-6958x146', 18, 'Brazil', '507-80-5682', '2025-04-19 04:49:24', '2025-04-19 04:49:24'),
(186, 'Shane', 'Graham', '1955-04-11', 'taylorkim@hotmail.com', '959.724.6657', 34, 'South Georgia and the South Sandwich Islands', '865-21-3395', '2025-04-19 04:49:24', '2025-04-19 04:49:24'),
(187, 'Justin', 'Curry', '1989-09-09', 'glenmoore@yahoo.com', '674-338-0054', 94, 'Guinea-Bissau', '694-21-2863', '2025-04-19 04:49:24', '2025-04-19 04:49:24'),
(188, 'Maria', 'Kline', '1946-06-22', 'ryan93@hoffman.com', '508-428-9107x71199', 47, 'Slovenia', '879-14-9216', '2025-04-19 04:49:24', '2025-04-19 04:49:24'),
(189, 'Bobby', 'Garcia', '1987-03-01', 'rhondamoore@erickson-gill.info', '001-125-521-3760x375', 98, 'Macedonia', '176-11-4359', '2025-04-19 04:49:24', '2025-04-19 04:49:24'),
(190, 'Nathan', 'Fischer', '1968-11-02', 'karenmoreno@taylor.biz', '(785)072-0811x55626', 52, 'Bahamas', '403-98-0608', '2025-04-19 04:49:24', '2025-04-19 04:49:24'),
(191, 'Donna', 'May', '2005-09-18', 'robert84@newton.com', '926.738.9975x63410', 47, 'Martinique', '343-50-2065', '2025-04-19 04:49:24', '2025-04-19 04:49:24'),
(192, 'Abigail', 'Fernandez', '1958-11-04', 'adrienne20@zamora.org', '346-810-5485x101', 6, 'Kiribati', '306-74-0086', '2025-04-19 04:49:24', '2025-04-19 04:49:24'),
(193, 'Shawn', 'Bird', '1999-02-08', 'kevin92@gray.net', '001-357-126-6110', 52, 'Jamaica', '134-61-3520', '2025-04-19 04:49:24', '2025-04-19 04:49:24'),
(194, 'Sean', 'Wood', '1980-02-10', 'lwiggins@yahoo.com', '+1-677-622-8277x2881', 7, 'Puerto Rico', '218-59-7756', '2025-04-19 04:49:24', '2025-04-19 04:49:24'),
(195, 'Antonio', 'Moore', '1982-05-04', 'guzmanricky@gmail.com', '(940)821-5454x470', 73, 'Somalia', '147-19-9661', '2025-04-19 04:49:24', '2025-04-19 04:49:24'),
(196, 'Robert', 'Zuniga', '1965-01-23', 'isaacsingh@gmail.com', '851-067-9497', 72, 'United Arab Emirates', '346-49-7787', '2025-04-19 04:49:24', '2025-04-19 04:49:24'),
(197, 'Mary', 'Bass', '1953-05-03', 'qgill@hernandez-luna.com', '+1-966-365-8074x120', 25, 'Montenegro', '646-99-5061', '2025-04-19 04:49:24', '2025-04-19 04:49:24'),
(198, 'Ann', 'Martinez', '1982-05-12', 'stephanieweaver@bernard.com', '001-780-182-0433x971', 47, 'Gibraltar', '412-76-0738', '2025-04-19 04:49:24', '2025-04-19 04:49:24'),
(199, 'Travis', 'Peck', '1967-06-07', 'robertheath@yahoo.com', '(411)182-4224x1246', 71, 'Philippines', '174-08-5330', '2025-04-19 04:49:24', '2025-04-19 04:49:24'),
(200, 'Howard', 'Reeves', '1964-07-30', 'floresrobert@yahoo.com', '610-339-9378x861', 37, 'Ethiopia', '063-41-7616', '2025-04-19 04:49:24', '2025-04-19 04:49:24');

-- reservation_statuses
INSERT INTO reservation_statuses (status_id, status_name, description, created_at, updated_at) VALUES
(1, 'Pending', 'Pending description', '2025-04-19 04:49:24', '2025-04-19 04:49:24'),
(2, 'Confirmed', 'Confirmed description', '2025-04-19 04:49:24', '2025-04-19 04:49:24'),
(3, 'Checked-In', 'Checked-In description', '2025-04-19 04:49:24', '2025-04-19 04:49:24'),
(4, 'Checked-Out', 'Checked-Out description', '2025-04-19 04:49:24', '2025-04-19 04:49:24'),
(5, 'Cancelled', 'Cancelled description', '2025-04-19 04:49:24', '2025-04-19 04:49:24');

-- discounts
INSERT INTO discounts (discount_id, discount_name, discount_type, discount_value, start_date, end_date, applicable_room_types, created_at, updated_at) VALUES
(1, '26% Off', 'Fixed', 78.8, '2023-01-19', '2023-03-19', 'All', '2025-04-19 04:49:24', '2025-04-19 04:49:24'),
(2, '29% Off', 'Percentage', 21.58, '2023-03-13', '2023-06-10', 'All', '2025-04-19 04:49:24', '2025-04-19 04:49:24'),
(3, '21% Off', 'Fixed', 60.2, '2023-01-25', '2023-03-26', 'All', '2025-04-19 04:49:24', '2025-04-19 04:49:24'),
(4, '16% Off', 'Fixed', 55.01, '2023-04-04', '2023-05-02', 'All', '2025-04-19 04:49:24', '2025-04-19 04:49:24'),
(5, '14% Off', 'Fixed', 82.36, '2023-01-12', '2023-01-26', 'All', '2025-04-19 04:49:24', '2025-04-19 04:49:24'),
(6, '14% Off', 'Percentage', 39.52, '2023-05-13', '2023-07-20', 'All', '2025-04-19 04:49:24', '2025-04-19 04:49:24'),
(7, '22% Off', 'Fixed', 63.44, '2023-03-23', '2023-04-22', 'All', '2025-04-19 04:49:24', '2025-04-19 04:49:24'),
(8, '27% Off', 'Fixed', 73.79, '2023-05-10', '2023-07-24', 'All', '2025-04-19 04:49:24', '2025-04-19 04:49:24'),
(9, '10% Off', 'Fixed', 39.81, '2023-03-18', '2023-05-27', 'All', '2025-04-19 04:49:24', '2025-04-19 04:49:24'),
(10, '28% Off', 'Fixed', 81.71, '2023-01-29', '2023-04-02', 'All', '2025-04-19 04:49:24', '2025-04-19 04:49:24'),
(11, '25% Off', 'Fixed', 97.04, '2023-01-07', '2023-04-03', 'All', '2025-04-19 04:49:24', '2025-04-19 04:49:24'),
(12, '17% Off', 'Percentage', 62.52, '2023-05-29', '2023-08-20', 'All', '2025-04-19 04:49:24', '2025-04-19 04:49:24'),
(13, '30% Off', 'Fixed', 23.3, '2023-02-13', '2023-05-01', 'All', '2025-04-19 04:49:24', '2025-04-19 04:49:24'),
(14, '28% Off', 'Percentage', 27.17, '2023-03-04', '2023-03-18', 'All', '2025-04-19 04:49:24', '2025-04-19 04:49:24'),
(15, '23% Off', 'Percentage', 47.17, '2023-04-23', '2023-06-12', 'All', '2025-04-19 04:49:24', '2025-04-19 04:49:24'),
(16, '26% Off', 'Fixed', 88.55, '2023-02-22', '2023-04-25', 'All', '2025-04-19 04:49:24', '2025-04-19 04:49:24'),
(17, '26% Off', 'Percentage', 60.48, '2023-01-16', '2023-02-12', 'All', '2025-04-19 04:49:24', '2025-04-19 04:49:24'),
(18, '22% Off', 'Fixed', 96.1, '2023-05-03', '2023-07-19', 'All', '2025-04-19 04:49:24', '2025-04-19 04:49:24'),
(19, '20% Off', 'Fixed', 70.83, '2023-04-28', '2023-07-15', 'All', '2025-04-19 04:49:24', '2025-04-19 04:49:24'),
(20, '25% Off', 'Percentage', 96.16, '2023-03-09', '2023-06-05', 'All', '2025-04-19 04:49:24', '2025-04-19 04:49:24');

-- bookings
INSERT INTO bookings (booking_id, guest_id, status_id, booking_date, check_in_date, check_out_date, total_amount, discount_id, special_requests, created_at, updated_at) VALUES
(1, 72, 5, '2023-06-02 00:00:00', '2023-06-06', '2023-06-09', 794.06, NULL, 'Imagine machine imagine do though especially white.', '2025-04-19 04:49:24', '2025-04-19 04:49:24'),
(2, 82, 4, '2023-06-28 00:00:00', '2023-07-07', '2023-07-14', 749.5, 10, 'East never size fight.', '2025-04-19 04:49:24', '2025-04-19 04:49:24'),
(3, 147, 5, '2023-07-14 00:00:00', '2023-07-21', '2023-07-28', 410.62, NULL, 'Land suffer matter situation central music.', '2025-04-19 04:49:24', '2025-04-19 04:49:24'),
(4, 11, 3, '2023-02-10 00:00:00', '2023-02-16', '2023-02-20', 690.37, 16, 'Site Mr interest treatment.', '2025-04-19 04:49:24', '2025-04-19 04:49:24'),
(5, 52, 5, '2023-05-19 00:00:00', '2023-05-28', '2023-06-03', 344.46, 4, 'Among spend which per president cold art.', '2025-04-19 04:49:24', '2025-04-19 04:49:24'),
(6, 63, 1, '2023-09-29 00:00:00', '2023-10-03', '2023-10-09', 309.55, NULL, 'Event economy quite yourself successful defense subject.', '2025-04-19 04:49:24', '2025-04-19 04:49:24'),
(7, 85, 4, '2023-02-21 00:00:00', '2023-02-24', '2023-02-25', 968.07, NULL, 'Animal school none feel house.', '2025-04-19 04:49:24', '2025-04-19 04:49:24'),
(8, 168, 4, '2023-09-02 00:00:00', '2023-09-06', '2023-09-13', 967.52, NULL, 'Store rise your there.', '2025-04-19 04:49:24', '2025-04-19 04:49:24'),
(9, 166, 1, '2023-02-15 00:00:00', '2023-02-25', '2023-02-27', 581.64, 2, 'Particular whatever five radio garden.', '2025-04-19 04:49:24', '2025-04-19 04:49:24'),
(10, 107, 2, '2023-01-19 00:00:00', '2023-01-26', '2023-02-02', 545.85, 10, 'Woman remain event production focus.', '2025-04-19 04:49:24', '2025-04-19 04:49:24'),
(11, 3, 3, '2023-10-18 00:00:00', '2023-10-28', '2023-10-29', 935.61, NULL, 'Least outside administration reality position.', '2025-04-19 04:49:24', '2025-04-19 04:49:24'),
(12, 117, 5, '2023-09-26 00:00:00', '2023-10-04', '2023-10-06', 865.95, NULL, 'Participant above act.', '2025-04-19 04:49:24', '2025-04-19 04:49:24'),
(13, 50, 1, '2023-06-19 00:00:00', '2023-06-22', '2023-06-28', 513.02, 9, 'Including time reflect several.', '2025-04-19 04:49:24', '2025-04-19 04:49:24'),
(14, 4, 3, '2023-06-01 00:00:00', '2023-06-11', '2023-06-17', 781.55, NULL, 'Ball theory prepare much throughout staff knowledge.', '2025-04-19 04:49:24', '2025-04-19 04:49:24'),
(15, 110, 5, '2023-06-17 00:00:00', '2023-06-19', '2023-06-23', 702.33, 6, 'Good spend still group.', '2025-04-19 04:49:24', '2025-04-19 04:49:24'),
(16, 123, 3, '2023-05-08 00:00:00', '2023-05-09', '2023-05-12', 445.22, NULL, 'Stuff speech worker by.', '2025-04-19 04:49:24', '2025-04-19 04:49:24'),
(17, 85, 3, '2023-10-26 00:00:00', '2023-11-05', '2023-11-06', 335.4, 12, 'View know develop after exactly TV.', '2025-04-19 04:49:24', '2025-04-19 04:49:24'),
(18, 16, 1, '2023-08-27 00:00:00', '2023-09-01', '2023-09-03', 464.87, NULL, 'Course staff personal space determine woman.', '2025-04-19 04:49:24', '2025-04-19 04:49:24'),
(19, 177, 1, '2023-11-24 00:00:00', '2023-11-29', '2023-12-02', 653.16, 8, 'Already manage region paper according worker.', '2025-04-19 04:49:24', '2025-04-19 04:49:24'),
(20, 123, 2, '2023-08-21 00:00:00', '2023-08-31', '2023-09-03', 474.26, NULL, 'Book everyone matter color create school.', '2025-04-19 04:49:24', '2025-04-19 04:49:24'),
(21, 194, 5, '2023-04-22 00:00:00', '2023-04-26', '2023-05-02', 779.27, NULL, 'North assume campaign assume employee now direction mission.', '2025-04-19 04:49:24', '2025-04-19 04:49:24'),
(22, 136, 3, '2023-02-09 00:00:00', '2023-02-19', '2023-02-20', 155.58, 18, 'Court question yeah realize mouth.', '2025-04-19 04:49:24', '2025-04-19 04:49:24'),
(23, 147, 5, '2023-03-18 00:00:00', '2023-03-21', '2023-03-24', 869.04, 15, 'Quite third ability interview pull.', '2025-04-19 04:49:24', '2025-04-19 04:49:24'),
(24, 175, 2, '2023-10-26 00:00:00', '2023-11-03', '2023-11-04', 909.0, 15, 'Take follow such.', '2025-04-19 04:49:24', '2025-04-19 04:49:24'),
(25, 117, 2, '2023-09-20 00:00:00', '2023-09-27', '2023-10-01', 607.52, NULL, 'Ever quite level guess service this.', '2025-04-19 04:49:24', '2025-04-19 04:49:24'),
(26, 173, 3, '2023-01-12 00:00:00', '2023-01-19', '2023-01-22', 834.81, 7, 'Another truth mother first hot.', '2025-04-19 04:49:24', '2025-04-19 04:49:24'),
(27, 12, 4, '2023-06-26 00:00:00', '2023-06-28', '2023-07-03', 994.71, NULL, 'Bank occur agent scene within interest.', '2025-04-19 04:49:24', '2025-04-19 04:49:24'),
(28, 9, 3, '2023-07-29 00:00:00', '2023-08-01', '2023-08-08', 221.89, NULL, 'True culture forget as.', '2025-04-19 04:49:24', '2025-04-19 04:49:24'),
(29, 98, 4, '2023-07-13 00:00:00', '2023-07-20', '2023-07-21', 714.46, 18, 'Benefit lose space or phone free economy blue.', '2025-04-19 04:49:24', '2025-04-19 04:49:24'),
(30, 168, 3, '2023-03-02 00:00:00', '2023-03-05', '2023-03-10', 453.75, 5, 'When strategy start mind door.', '2025-04-19 04:49:24', '2025-04-19 04:49:24'),
(31, 1, 1, '2023-06-02 00:00:00', '2023-06-10', '2023-06-16', 747.18, NULL, 'Simply people shake personal.', '2025-04-19 04:49:24', '2025-04-19 04:49:24'),
(32, 59, 2, '2023-08-24 00:00:00', '2023-08-30', '2023-09-01', 348.08, 4, 'By window true help three really site artist.', '2025-04-19 04:49:24', '2025-04-19 04:49:24'),
(33, 170, 4, '2023-11-11 00:00:00', '2023-11-12', '2023-11-14', 285.47, 4, 'Area particularly it big argue appear.', '2025-04-19 04:49:24', '2025-04-19 04:49:24'),
(34, 115, 5, '2023-01-25 00:00:00', '2023-01-29', '2023-02-04', 139.81, 15, 'I pay in ten skin perhaps.', '2025-04-19 04:49:24', '2025-04-19 04:49:24'),
(35, 139, 2, '2023-01-29 00:00:00', '2023-02-01', '2023-02-06', 994.14, NULL, 'Himself somebody they people fund visit situation.', '2025-04-19 04:49:24', '2025-04-19 04:49:24'),
(36, 148, 5, '2023-06-14 00:00:00', '2023-06-18', '2023-06-21', 888.63, 17, 'Military onto blue activity require or subject.', '2025-04-19 04:49:24', '2025-04-19 04:49:24'),
(37, 106, 3, '2023-05-21 00:00:00', '2023-05-22', '2023-05-27', 953.67, NULL, 'Call meeting green loss per control case.', '2025-04-19 04:49:24', '2025-04-19 04:49:24'),
(38, 143, 4, '2023-01-25 00:00:00', '2023-01-31', '2023-02-06', 704.21, NULL, 'Art find job.', '2025-04-19 04:49:24', '2025-04-19 04:49:24'),
(39, 179, 4, '2023-07-29 00:00:00', '2023-08-01', '2023-08-04', 438.81, NULL, 'Find those simply challenge final garden.', '2025-04-19 04:49:24', '2025-04-19 04:49:24'),
(40, 62, 2, '2023-06-03 00:00:00', '2023-06-06', '2023-06-13', 516.72, NULL, 'Wife military price certain down standard.', '2025-04-19 04:49:24', '2025-04-19 04:49:24'),
(41, 107, 5, '2023-09-29 00:00:00', '2023-10-02', '2023-10-06', 318.57, NULL, 'Teach instead crime customer training size game.', '2025-04-19 04:49:24', '2025-04-19 04:49:24'),
(42, 166, 1, '2023-08-19 00:00:00', '2023-08-25', '2023-08-26', 582.07, 7, 'Reason word outside former official white pattern.', '2025-04-19 04:49:24', '2025-04-19 04:49:24'),
(43, 69, 4, '2023-11-06 00:00:00', '2023-11-16', '2023-11-17', 886.26, 7, 'Forget bit then treat many turn.', '2025-04-19 04:49:24', '2025-04-19 04:49:24'),
(44, 123, 2, '2023-06-20 00:00:00', '2023-06-25', '2023-06-26', 290.63, 7, 'Really level defense lose shoulder.', '2025-04-19 04:49:24', '2025-04-19 04:49:24'),
(45, 192, 4, '2023-05-05 00:00:00', '2023-05-15', '2023-05-21', 284.06, NULL, 'Southern heavy hundred step according act.', '2025-04-19 04:49:24', '2025-04-19 04:49:24'),
(46, 199, 3, '2023-07-14 00:00:00', '2023-07-22', '2023-07-27', 683.85, NULL, 'Air boy fact create one she.', '2025-04-19 04:49:24', '2025-04-19 04:49:24'),
(47, 93, 5, '2023-09-12 00:00:00', '2023-09-20', '2023-09-21', 822.53, NULL, 'Wish current exist.', '2025-04-19 04:49:24', '2025-04-19 04:49:24'),
(48, 53, 3, '2023-06-10 00:00:00', '2023-06-17', '2023-06-18', 606.27, 8, 'Those responsibility fund never condition.', '2025-04-19 04:49:24', '2025-04-19 04:49:24'),
(49, 5, 3, '2023-10-11 00:00:00', '2023-10-21', '2023-10-26', 748.01, 10, 'Compare energy big.', '2025-04-19 04:49:24', '2025-04-19 04:49:24'),
(50, 51, 3, '2023-04-28 00:00:00', '2023-05-05', '2023-05-10', 850.03, NULL, 'Her skin book very.', '2025-04-19 04:49:24', '2025-04-19 04:49:24'),
(51, 66, 4, '2023-11-25 00:00:00', '2023-12-03', '2023-12-07', 251.41, 12, 'Lay hard head commercial money.', '2025-04-19 04:49:24', '2025-04-19 04:49:24'),
(52, 36, 5, '2023-09-08 00:00:00', '2023-09-11', '2023-09-16', 991.29, 2, 'Think there assume certain under some court her.', '2025-04-19 04:49:24', '2025-04-19 04:49:24'),
(53, 20, 1, '2023-01-04 00:00:00', '2023-01-11', '2023-01-13', 858.29, 8, 'Fish involve player TV several onto.', '2025-04-19 04:49:24', '2025-04-19 04:49:24'),
(54, 182, 2, '2023-01-05 00:00:00', '2023-01-09', '2023-01-14', 510.41, NULL, 'Family chance easy picture evidence call meet.', '2025-04-19 04:49:24', '2025-04-19 04:49:24'),
(55, 169, 4, '2023-01-09 00:00:00', '2023-01-10', '2023-01-15', 596.48, 1, 'Though decide bank likely professional ask meet seem.', '2025-04-19 04:49:24', '2025-04-19 04:49:24'),
(56, 136, 3, '2023-10-02 00:00:00', '2023-10-07', '2023-10-08', 551.99, 14, 'Hear million condition Republican moment low what.', '2025-04-19 04:49:24', '2025-04-19 04:49:24'),
(57, 28, 1, '2023-09-26 00:00:00', '2023-09-29', '2023-10-01', 272.74, NULL, 'Environmental husband TV once already detail data.', '2025-04-19 04:49:24', '2025-04-19 04:49:24'),
(58, 91, 3, '2023-07-23 00:00:00', '2023-07-25', '2023-07-28', 963.37, 15, 'How fill thousand number very.', '2025-04-19 04:49:24', '2025-04-19 04:49:24'),
(59, 179, 2, '2023-06-03 00:00:00', '2023-06-05', '2023-06-11', 992.51, 2, 'Effort be seem far million discover.', '2025-04-19 04:49:24', '2025-04-19 04:49:24'),
(60, 104, 4, '2023-07-13 00:00:00', '2023-07-22', '2023-07-26', 150.5, 1, 'Let perform international.', '2025-04-19 04:49:24', '2025-04-19 04:49:24'),
(61, 22, 4, '2023-08-11 00:00:00', '2023-08-17', '2023-08-22', 979.6, 4, 'It happen marriage event agent kid enter.', '2025-04-19 04:49:24', '2025-04-19 04:49:24'),
(62, 59, 2, '2023-10-18 00:00:00', '2023-10-26', '2023-10-29', 141.91, NULL, 'Grow bar successful mention.', '2025-04-19 04:49:24', '2025-04-19 04:49:24'),
(63, 140, 5, '2023-01-17 00:00:00', '2023-01-20', '2023-01-27', 383.04, 7, 'Skill unit better author.', '2025-04-19 04:49:24', '2025-04-19 04:49:24'),
(64, 193, 4, '2023-02-09 00:00:00', '2023-02-14', '2023-02-16', 607.56, NULL, 'National free push.', '2025-04-19 04:49:24', '2025-04-19 04:49:24'),
(65, 174, 5, '2023-06-19 00:00:00', '2023-06-26', '2023-07-03', 765.77, NULL, 'Few spring raise ever relationship.', '2025-04-19 04:49:24', '2025-04-19 04:49:24'),
(66, 14, 1, '2023-08-12 00:00:00', '2023-08-16', '2023-08-23', 168.42, NULL, 'Your sell science treatment.', '2025-04-19 04:49:24', '2025-04-19 04:49:24'),
(67, 199, 3, '2023-01-16 00:00:00', '2023-01-21', '2023-01-28', 993.33, 16, 'Show example get.', '2025-04-19 04:49:24', '2025-04-19 04:49:24'),
(68, 92, 5, '2023-07-12 00:00:00', '2023-07-19', '2023-07-21', 711.73, 13, 'Watch state serious activity pressure writer.', '2025-04-19 04:49:24', '2025-04-19 04:49:24'),
(69, 198, 5, '2023-06-01 00:00:00', '2023-06-05', '2023-06-11', 166.16, 9, 'Tend dinner rich decide.', '2025-04-19 04:49:24', '2025-04-19 04:49:24'),
(70, 98, 2, '2023-07-19 00:00:00', '2023-07-25', '2023-07-28', 195.9, NULL, 'Middle skill serious reveal left.', '2025-04-19 04:49:24', '2025-04-19 04:49:24'),
(71, 114, 3, '2023-05-19 00:00:00', '2023-05-21', '2023-05-23', 178.57, NULL, 'Fine could show recently.', '2025-04-19 04:49:24', '2025-04-19 04:49:24'),
(72, 143, 5, '2023-09-20 00:00:00', '2023-09-27', '2023-09-28', 123.64, 12, 'Just table air catch them.', '2025-04-19 04:49:24', '2025-04-19 04:49:24'),
(73, 153, 5, '2023-06-16 00:00:00', '2023-06-23', '2023-06-24', 362.66, 13, 'Wall act special strong fund.', '2025-04-19 04:49:24', '2025-04-19 04:49:24'),
(74, 186, 5, '2023-05-05 00:00:00', '2023-05-15', '2023-05-20', 252.62, 13, 'International sell several real federal only.', '2025-04-19 04:49:24', '2025-04-19 04:49:24'),
(75, 36, 3, '2023-06-04 00:00:00', '2023-06-09', '2023-06-13', 231.34, NULL, 'Size two child well form picture owner.', '2025-04-19 04:49:24', '2025-04-19 04:49:24'),
(76, 71, 4, '2023-06-03 00:00:00', '2023-06-11', '2023-06-18', 169.23, 9, 'Off hospital high we as hit little forget.', '2025-04-19 04:49:24', '2025-04-19 04:49:24'),
(77, 185, 4, '2023-11-01 00:00:00', '2023-11-11', '2023-11-13', 512.08, NULL, 'Police fight commercial push concern step owner.', '2025-04-19 04:49:24', '2025-04-19 04:49:24'),
(78, 2, 4, '2023-06-20 00:00:00', '2023-06-30', '2023-07-04', 823.67, NULL, 'Cost attorney white.', '2025-04-19 04:49:24', '2025-04-19 04:49:24'),
(79, 86, 4, '2023-11-30 00:00:00', '2023-12-10', '2023-12-12', 370.39, 20, 'Day fact modern lawyer happy.', '2025-04-19 04:49:24', '2025-04-19 04:49:24'),
(80, 123, 3, '2023-04-01 00:00:00', '2023-04-08', '2023-04-11', 362.3, 16, 'Commercial teacher improve.', '2025-04-19 04:49:24', '2025-04-19 04:49:24'),
(81, 84, 4, '2023-05-24 00:00:00', '2023-05-31', '2023-06-03', 202.5, 19, 'Writer can industry sea.', '2025-04-19 04:49:24', '2025-04-19 04:49:24'),
(82, 152, 5, '2023-04-03 00:00:00', '2023-04-12', '2023-04-13', 957.7, 15, 'Western tend candidate day it report.', '2025-04-19 04:49:24', '2025-04-19 04:49:24'),
(83, 113, 3, '2023-02-05 00:00:00', '2023-02-12', '2023-02-18', 549.37, 10, 'City offer financial data respond learn cut.', '2025-04-19 04:49:24', '2025-04-19 04:49:24'),
(84, 65, 2, '2023-08-05 00:00:00', '2023-08-12', '2023-08-13', 504.16, NULL, 'Knowledge station painting east.', '2025-04-19 04:49:24', '2025-04-19 04:49:24'),
(85, 150, 4, '2023-10-01 00:00:00', '2023-10-10', '2023-10-17', 722.54, 18, 'Travel these least office say explain.', '2025-04-19 04:49:24', '2025-04-19 04:49:24'),
(86, 93, 5, '2023-11-01 00:00:00', '2023-11-03', '2023-11-04', 792.06, 12, 'Get successful society hospital statement sure indeed.', '2025-04-19 04:49:24', '2025-04-19 04:49:24'),
(87, 166, 5, '2023-01-23 00:00:00', '2023-02-02', '2023-02-08', 709.72, NULL, 'Tonight run leader treat.', '2025-04-19 04:49:24', '2025-04-19 04:49:24'),
(88, 111, 1, '2023-01-06 00:00:00', '2023-01-08', '2023-01-11', 299.8, 17, 'Recognize believe recognize analysis.', '2025-04-19 04:49:24', '2025-04-19 04:49:24'),
(89, 115, 3, '2023-07-20 00:00:00', '2023-07-28', '2023-08-04', 711.6, 17, 'Event physical factor trouble.', '2025-04-19 04:49:24', '2025-04-19 04:49:24'),
(90, 89, 1, '2023-09-05 00:00:00', '2023-09-07', '2023-09-10', 474.38, 3, 'Training in seven building hard.', '2025-04-19 04:49:24', '2025-04-19 04:49:24'),
(91, 187, 2, '2023-06-28 00:00:00', '2023-07-03', '2023-07-06', 509.8, NULL, 'Mean single improve close.', '2025-04-19 04:49:24', '2025-04-19 04:49:24'),
(92, 90, 4, '2023-02-19 00:00:00', '2023-02-27', '2023-03-05', 727.09, 11, 'Media left available reason see.', '2025-04-19 04:49:24', '2025-04-19 04:49:24'),
(93, 77, 1, '2023-02-28 00:00:00', '2023-03-01', '2023-03-08', 408.77, 4, 'Gas human create also economy remember.', '2025-04-19 04:49:24', '2025-04-19 04:49:24'),
(94, 190, 2, '2023-09-22 00:00:00', '2023-09-25', '2023-09-30', 244.12, NULL, 'Force security machine attention.', '2025-04-19 04:49:24', '2025-04-19 04:49:24'),
(95, 119, 2, '2023-07-27 00:00:00', '2023-07-30', '2023-08-01', 676.43, NULL, 'Prevent require just likely evidence claim stuff.', '2025-04-19 04:49:24', '2025-04-19 04:49:24'),
(96, 8, 5, '2023-04-12 00:00:00', '2023-04-20', '2023-04-25', 486.6, 1, 'Beyond family movement hospital back shake quality child.', '2025-04-19 04:49:24', '2025-04-19 04:49:24'),
(97, 53, 3, '2023-02-02 00:00:00', '2023-02-12', '2023-02-13', 819.55, 18, 'Concern research throughout mother kind answer.', '2025-04-19 04:49:24', '2025-04-19 04:49:24'),
(98, 94, 3, '2023-04-11 00:00:00', '2023-04-19', '2023-04-20', 336.12, NULL, 'Political respond to hospital final appear above.', '2025-04-19 04:49:24', '2025-04-19 04:49:24'),
(99, 153, 4, '2023-11-09 00:00:00', '2023-11-16', '2023-11-21', 202.81, NULL, 'Short up hear draw before instead.', '2025-04-19 04:49:24', '2025-04-19 04:49:24'),
(100, 159, 2, '2023-06-02 00:00:00', '2023-06-12', '2023-06-17', 176.28, NULL, 'Front court protect.', '2025-04-19 04:49:24', '2025-04-19 04:49:24'),
(101, 31, 2, '2023-06-06 00:00:00', '2023-06-08', '2023-06-10', 435.98, NULL, 'When benefit structure professional right.', '2025-04-19 04:49:24', '2025-04-19 04:49:24'),
(102, 108, 5, '2023-03-12 00:00:00', '2023-03-22', '2023-03-26', 480.73, 16, 'Indeed blue force.', '2025-04-19 04:49:24', '2025-04-19 04:49:24'),
(103, 143, 2, '2023-09-08 00:00:00', '2023-09-13', '2023-09-15', 268.39, 15, 'Phone person various house into discussion black.', '2025-04-19 04:49:24', '2025-04-19 04:49:24'),
(104, 92, 1, '2023-09-06 00:00:00', '2023-09-09', '2023-09-11', 833.69, NULL, 'Community I first home learn at.', '2025-04-19 04:49:24', '2025-04-19 04:49:24'),
(105, 105, 4, '2023-08-01 00:00:00', '2023-08-09', '2023-08-13', 250.53, 19, 'Practice hard attack despite feeling.', '2025-04-19 04:49:24', '2025-04-19 04:49:24'),
(106, 195, 2, '2023-05-30 00:00:00', '2023-05-31', '2023-06-03', 302.36, 10, 'Matter wrong Republican social two notice edge behind.', '2025-04-19 04:49:24', '2025-04-19 04:49:24'),
(107, 200, 4, '2023-10-17 00:00:00', '2023-10-25', '2023-10-30', 559.73, 19, 'Wonder recent question win really forward.', '2025-04-19 04:49:24', '2025-04-19 04:49:24'),
(108, 69, 5, '2023-07-07 00:00:00', '2023-07-16', '2023-07-23', 781.11, 15, 'Within project attack adult treatment large.', '2025-04-19 04:49:24', '2025-04-19 04:49:24'),
(109, 109, 1, '2023-12-01 00:00:00', '2023-12-05', '2023-12-08', 887.33, NULL, 'Political discussion onto write discussion pattern to.', '2025-04-19 04:49:24', '2025-04-19 04:49:24'),
(110, 68, 3, '2023-02-14 00:00:00', '2023-02-22', '2023-03-01', 994.56, 8, 'Door investment during bag case.', '2025-04-19 04:49:24', '2025-04-19 04:49:24'),
(111, 189, 5, '2023-06-29 00:00:00', '2023-07-09', '2023-07-15', 485.35, 20, 'Father charge daughter also type our watch.', '2025-04-19 04:49:24', '2025-04-19 04:49:24'),
(112, 53, 2, '2023-01-31 00:00:00', '2023-02-10', '2023-02-13', 579.05, 20, 'Care fish skin always social increase.', '2025-04-19 04:49:24', '2025-04-19 04:49:24'),
(113, 83, 3, '2023-05-29 00:00:00', '2023-06-08', '2023-06-11', 957.16, 17, 'Seek director run garden day.', '2025-04-19 04:49:24', '2025-04-19 04:49:24'),
(114, 35, 4, '2023-01-31 00:00:00', '2023-02-05', '2023-02-12', 690.31, 5, 'Trade professor eat.', '2025-04-19 04:49:24', '2025-04-19 04:49:24'),
(115, 38, 3, '2023-05-07 00:00:00', '2023-05-14', '2023-05-18', 227.95, NULL, 'Part high focus kind accept.', '2025-04-19 04:49:24', '2025-04-19 04:49:24'),
(116, 97, 4, '2023-02-08 00:00:00', '2023-02-10', '2023-02-14', 564.05, NULL, 'Attorney court plant center daughter begin or.', '2025-04-19 04:49:24', '2025-04-19 04:49:24'),
(117, 117, 4, '2023-06-17 00:00:00', '2023-06-27', '2023-06-28', 882.02, NULL, 'Door back right find return.', '2025-04-19 04:49:24', '2025-04-19 04:49:24'),
(118, 163, 3, '2023-02-02 00:00:00', '2023-02-11', '2023-02-15', 296.05, 14, 'Interest paper field office whose.', '2025-04-19 04:49:24', '2025-04-19 04:49:24'),
(119, 127, 3, '2023-06-15 00:00:00', '2023-06-20', '2023-06-23', 592.58, NULL, 'Even sit bag win huge.', '2025-04-19 04:49:24', '2025-04-19 04:49:24'),
(120, 88, 1, '2023-01-24 00:00:00', '2023-01-26', '2023-02-01', 805.5, 15, 'Likely institution participant item.', '2025-04-19 04:49:24', '2025-04-19 04:49:24'),
(121, 32, 2, '2023-08-14 00:00:00', '2023-08-22', '2023-08-23', 992.65, 14, 'Standard soldier after high.', '2025-04-19 04:49:24', '2025-04-19 04:49:24'),
(122, 177, 2, '2023-11-29 00:00:00', '2023-12-04', '2023-12-06', 886.98, 9, 'Serve TV organization check.', '2025-04-19 04:49:24', '2025-04-19 04:49:24'),
(123, 168, 3, '2023-05-09 00:00:00', '2023-05-11', '2023-05-14', 698.06, 6, 'Either less law heart.', '2025-04-19 04:49:24', '2025-04-19 04:49:24'),
(124, 102, 3, '2023-04-30 00:00:00', '2023-05-07', '2023-05-13', 182.08, 4, 'Lose four resource cultural trouble above technology room.', '2025-04-19 04:49:24', '2025-04-19 04:49:24'),
(125, 55, 4, '2023-02-09 00:00:00', '2023-02-12', '2023-02-17', 303.57, 15, 'Man understand wait wife health majority.', '2025-04-19 04:49:24', '2025-04-19 04:49:24'),
(126, 3, 3, '2023-03-03 00:00:00', '2023-03-10', '2023-03-16', 218.96, 3, 'Author those yeah buy usually class several whatever.', '2025-04-19 04:49:24', '2025-04-19 04:49:24'),
(127, 99, 1, '2023-02-22 00:00:00', '2023-02-24', '2023-02-27', 430.81, 10, 'Meeting major read recent prepare unit.', '2025-04-19 04:49:24', '2025-04-19 04:49:24'),
(128, 98, 2, '2023-11-25 00:00:00', '2023-11-28', '2023-11-29', 577.46, 1, 'Drug alone spend piece put.', '2025-04-19 04:49:24', '2025-04-19 04:49:24'),
(129, 113, 3, '2023-04-20 00:00:00', '2023-04-23', '2023-04-27', 654.47, 15, 'End lay race effect.', '2025-04-19 04:49:24', '2025-04-19 04:49:24'),
(130, 23, 1, '2023-03-13 00:00:00', '2023-03-15', '2023-03-20', 757.01, NULL, 'Official production claim bring begin represent his relationship.', '2025-04-19 04:49:24', '2025-04-19 04:49:24'),
(131, 81, 2, '2023-05-07 00:00:00', '2023-05-12', '2023-05-18', 175.82, NULL, 'Million country institution stop.', '2025-04-19 04:49:24', '2025-04-19 04:49:24'),
(132, 200, 1, '2023-06-04 00:00:00', '2023-06-08', '2023-06-13', 646.23, NULL, 'Reality may mouth though only.', '2025-04-19 04:49:24', '2025-04-19 04:49:24'),
(133, 76, 1, '2023-05-03 00:00:00', '2023-05-11', '2023-05-15', 201.47, 16, 'Sell under thank body of something.', '2025-04-19 04:49:24', '2025-04-19 04:49:24'),
(134, 136, 1, '2023-07-04 00:00:00', '2023-07-10', '2023-07-12', 448.15, NULL, 'Especially decide security recognize.', '2025-04-19 04:49:24', '2025-04-19 04:49:24'),
(135, 94, 5, '2023-03-30 00:00:00', '2023-04-07', '2023-04-14', 165.69, 19, 'Would staff ability.', '2025-04-19 04:49:24', '2025-04-19 04:49:24'),
(136, 4, 3, '2023-04-21 00:00:00', '2023-04-22', '2023-04-23', 953.81, NULL, 'Similar individual indicate explain.', '2025-04-19 04:49:24', '2025-04-19 04:49:24'),
(137, 161, 5, '2023-08-01 00:00:00', '2023-08-08', '2023-08-14', 462.05, 18, 'Color hear region cup consider way.', '2025-04-19 04:49:24', '2025-04-19 04:49:24'),
(138, 72, 1, '2023-06-08 00:00:00', '2023-06-10', '2023-06-15', 928.83, NULL, 'Note defense cut seek speak court work.', '2025-04-19 04:49:24', '2025-04-19 04:49:24'),
(139, 101, 5, '2023-11-21 00:00:00', '2023-11-23', '2023-11-26', 728.81, 8, 'Key tree body player bag beat.', '2025-04-19 04:49:24', '2025-04-19 04:49:24'),
(140, 63, 1, '2023-08-11 00:00:00', '2023-08-13', '2023-08-17', 651.07, NULL, 'Everybody garden one long.', '2025-04-19 04:49:24', '2025-04-19 04:49:24'),
(141, 171, 2, '2023-03-03 00:00:00', '2023-03-04', '2023-03-10', 223.49, 1, 'Act entire western program.', '2025-04-19 04:49:24', '2025-04-19 04:49:24'),
(142, 128, 3, '2023-09-25 00:00:00', '2023-10-04', '2023-10-11', 840.26, 9, 'Best mission account.', '2025-04-19 04:49:24', '2025-04-19 04:49:24'),
(143, 96, 2, '2023-05-18 00:00:00', '2023-05-20', '2023-05-27', 909.91, NULL, 'Mind while entire magazine series page from radio.', '2025-04-19 04:49:24', '2025-04-19 04:49:24'),
(144, 70, 5, '2023-02-02 00:00:00', '2023-02-07', '2023-02-13', 977.55, NULL, 'Yourself stage wait professor her arm.', '2025-04-19 04:49:24', '2025-04-19 04:49:24'),
(145, 117, 5, '2023-07-04 00:00:00', '2023-07-05', '2023-07-09', 873.42, NULL, 'Their south able that I structure.', '2025-04-19 04:49:24', '2025-04-19 04:49:24'),
(146, 41, 3, '2023-02-22 00:00:00', '2023-03-04', '2023-03-10', 750.5, 8, 'Agent but most week.', '2025-04-19 04:49:24', '2025-04-19 04:49:24'),
(147, 12, 1, '2023-05-06 00:00:00', '2023-05-07', '2023-05-11', 427.58, 5, 'Happy peace probably little including.', '2025-04-19 04:49:24', '2025-04-19 04:49:24'),
(148, 10, 5, '2023-08-03 00:00:00', '2023-08-07', '2023-08-10', 323.44, NULL, 'About point walk focus plant.', '2025-04-19 04:49:24', '2025-04-19 04:49:24'),
(149, 20, 5, '2023-07-10 00:00:00', '2023-07-12', '2023-07-17', 705.99, 2, 'Wide save question.', '2025-04-19 04:49:24', '2025-04-19 04:49:24'),
(150, 58, 5, '2023-01-24 00:00:00', '2023-01-31', '2023-02-01', 889.29, NULL, 'Parent hundred partner bank into.', '2025-04-19 04:49:24', '2025-04-19 04:49:24'),
(151, 84, 1, '2023-10-11 00:00:00', '2023-10-19', '2023-10-20', 432.03, NULL, 'Would tax toward safe family crime century.', '2025-04-19 04:49:24', '2025-04-19 04:49:24'),
(152, 190, 5, '2023-05-05 00:00:00', '2023-05-13', '2023-05-16', 632.52, 16, 'Then size respond all marriage beautiful strategy.', '2025-04-19 04:49:24', '2025-04-19 04:49:24'),
(153, 188, 5, '2023-05-06 00:00:00', '2023-05-09', '2023-05-10', 939.16, 1, 'Would level to western lot music during.', '2025-04-19 04:49:24', '2025-04-19 04:49:24'),
(154, 139, 3, '2023-11-22 00:00:00', '2023-11-23', '2023-11-26', 101.32, NULL, 'Send process become itself.', '2025-04-19 04:49:24', '2025-04-19 04:49:24'),
(155, 27, 2, '2023-09-29 00:00:00', '2023-10-03', '2023-10-07', 542.83, 2, 'Civil upon total.', '2025-04-19 04:49:24', '2025-04-19 04:49:24'),
(156, 183, 3, '2023-02-17 00:00:00', '2023-02-18', '2023-02-20', 907.56, NULL, 'Detail election live today but.', '2025-04-19 04:49:24', '2025-04-19 04:49:24'),
(157, 180, 3, '2023-08-23 00:00:00', '2023-08-25', '2023-08-30', 186.02, NULL, 'Two plant man somebody.', '2025-04-19 04:49:24', '2025-04-19 04:49:24'),
(158, 20, 5, '2023-10-18 00:00:00', '2023-10-19', '2023-10-23', 696.2, 5, 'The use short over popular help.', '2025-04-19 04:49:24', '2025-04-19 04:49:24'),
(159, 75, 3, '2023-06-11 00:00:00', '2023-06-18', '2023-06-24', 848.71, NULL, 'President size whom join do else.', '2025-04-19 04:49:24', '2025-04-19 04:49:24'),
(160, 116, 3, '2023-04-30 00:00:00', '2023-05-02', '2023-05-04', 222.5, 19, 'Because become scientist visit seat.', '2025-04-19 04:49:24', '2025-04-19 04:49:24'),
(161, 40, 1, '2023-03-26 00:00:00', '2023-04-03', '2023-04-07', 382.63, NULL, 'Of camera finish herself.', '2025-04-19 04:49:24', '2025-04-19 04:49:24'),
(162, 198, 2, '2023-08-20 00:00:00', '2023-08-25', '2023-08-29', 338.51, 4, 'Financial operation couple.', '2025-04-19 04:49:24', '2025-04-19 04:49:24'),
(163, 41, 3, '2023-11-05 00:00:00', '2023-11-06', '2023-11-08', 852.33, 11, 'Woman floor half quickly someone mind.', '2025-04-19 04:49:24', '2025-04-19 04:49:24'),
(164, 24, 2, '2023-07-02 00:00:00', '2023-07-09', '2023-07-14', 144.06, NULL, 'Opportunity blood across system firm staff father despite.', '2025-04-19 04:49:24', '2025-04-19 04:49:24'),
(165, 45, 1, '2023-07-27 00:00:00', '2023-08-04', '2023-08-09', 773.27, 8, 'Challenge exist section support still alone floor.', '2025-04-19 04:49:24', '2025-04-19 04:49:24'),
(166, 119, 1, '2023-03-13 00:00:00', '2023-03-15', '2023-03-16', 155.5, 8, 'Wrong but you religious long stock manager.', '2025-04-19 04:49:24', '2025-04-19 04:49:24'),
(167, 51, 4, '2023-07-10 00:00:00', '2023-07-12', '2023-07-17', 627.51, 3, 'Arrive special check respond summer various.', '2025-04-19 04:49:24', '2025-04-19 04:49:24'),
(168, 17, 2, '2023-11-27 00:00:00', '2023-12-05', '2023-12-12', 215.91, 11, 'Red apply tend condition maintain.', '2025-04-19 04:49:24', '2025-04-19 04:49:24'),
(169, 11, 4, '2023-01-26 00:00:00', '2023-01-29', '2023-02-03', 489.84, NULL, 'Federal spring treatment city again hot.', '2025-04-19 04:49:24', '2025-04-19 04:49:24'),
(170, 8, 4, '2023-08-07 00:00:00', '2023-08-10', '2023-08-13', 293.24, NULL, 'Question wrong serious hospital month executive.', '2025-04-19 04:49:24', '2025-04-19 04:49:24'),
(171, 72, 4, '2023-03-18 00:00:00', '2023-03-19', '2023-03-24', 657.26, NULL, 'Red nature best food social.', '2025-04-19 04:49:24', '2025-04-19 04:49:24'),
(172, 128, 4, '2023-10-09 00:00:00', '2023-10-17', '2023-10-18', 178.95, 13, 'Sure report leader.', '2025-04-19 04:49:24', '2025-04-19 04:49:24'),
(173, 108, 2, '2023-11-26 00:00:00', '2023-12-05', '2023-12-07', 667.68, 18, 'Officer kind lot today.', '2025-04-19 04:49:24', '2025-04-19 04:49:24'),
(174, 98, 3, '2023-09-03 00:00:00', '2023-09-12', '2023-09-19', 536.21, NULL, 'Design security same across rise.', '2025-04-19 04:49:24', '2025-04-19 04:49:24'),
(175, 100, 3, '2023-04-03 00:00:00', '2023-04-04', '2023-04-07', 637.4, NULL, 'Big size teach heavy work quickly collection.', '2025-04-19 04:49:24', '2025-04-19 04:49:24'),
(176, 15, 4, '2023-09-29 00:00:00', '2023-10-05', '2023-10-12', 625.59, 8, 'Benefit wind conference appear.', '2025-04-19 04:49:24', '2025-04-19 04:49:24'),
(177, 26, 2, '2023-05-04 00:00:00', '2023-05-09', '2023-05-14', 834.66, 2, 'Practice order wide phone identify alone drive.', '2025-04-19 04:49:24', '2025-04-19 04:49:24'),
(178, 148, 4, '2023-07-01 00:00:00', '2023-07-04', '2023-07-06', 312.9, NULL, 'Few other common seat simply yard provide.', '2025-04-19 04:49:24', '2025-04-19 04:49:24'),
(179, 152, 1, '2023-06-30 00:00:00', '2023-07-10', '2023-07-15', 227.89, NULL, 'Sing ten practice every.', '2025-04-19 04:49:24', '2025-04-19 04:49:24'),
(180, 139, 3, '2023-03-31 00:00:00', '2023-04-08', '2023-04-09', 181.23, 8, 'Happen build bar majority protect meeting.', '2025-04-19 04:49:24', '2025-04-19 04:49:24'),
(181, 6, 5, '2023-09-02 00:00:00', '2023-09-03', '2023-09-06', 926.11, 7, 'Only would look.', '2025-04-19 04:49:24', '2025-04-19 04:49:24'),
(182, 88, 2, '2023-06-15 00:00:00', '2023-06-16', '2023-06-17', 232.94, 5, 'Some Congress machine popular.', '2025-04-19 04:49:24', '2025-04-19 04:49:24'),
(183, 135, 3, '2023-02-07 00:00:00', '2023-02-13', '2023-02-19', 947.73, 13, 'Fear by foot research television Mr.', '2025-04-19 04:49:24', '2025-04-19 04:49:24'),
(184, 87, 3, '2023-06-15 00:00:00', '2023-06-18', '2023-06-20', 759.12, NULL, 'Spend after new movie speech major.', '2025-04-19 04:49:24', '2025-04-19 04:49:24'),
(185, 167, 3, '2023-03-31 00:00:00', '2023-04-09', '2023-04-15', 900.64, NULL, 'Student much standard prepare send debate probably.', '2025-04-19 04:49:24', '2025-04-19 04:49:24'),
(186, 58, 5, '2023-03-31 00:00:00', '2023-04-07', '2023-04-10', 760.6, 10, 'Congress out conference never.', '2025-04-19 04:49:24', '2025-04-19 04:49:24'),
(187, 46, 1, '2023-10-21 00:00:00', '2023-10-28', '2023-11-04', 994.85, 19, 'But can deal claim none surface.', '2025-04-19 04:49:24', '2025-04-19 04:49:24'),
(188, 47, 5, '2023-06-12 00:00:00', '2023-06-22', '2023-06-24', 675.68, NULL, 'Be by fear.', '2025-04-19 04:49:24', '2025-04-19 04:49:24'),
(189, 37, 3, '2023-02-09 00:00:00', '2023-02-13', '2023-02-16', 984.14, 6, 'Commercial with probably eat animal watch toward.', '2025-04-19 04:49:24', '2025-04-19 04:49:24'),
(190, 182, 3, '2023-08-17 00:00:00', '2023-08-18', '2023-08-21', 288.72, NULL, 'Process knowledge officer reason mission.', '2025-04-19 04:49:24', '2025-04-19 04:49:24'),
(191, 66, 1, '2023-01-01 00:00:00', '2023-01-02', '2023-01-06', 494.4, 14, 'Paper member reach production and already.', '2025-04-19 04:49:24', '2025-04-19 04:49:24'),
(192, 106, 4, '2023-07-13 00:00:00', '2023-07-19', '2023-07-24', 437.81, 16, 'Feel strategy whatever own.', '2025-04-19 04:49:24', '2025-04-19 04:49:24'),
(193, 42, 4, '2023-02-07 00:00:00', '2023-02-08', '2023-02-11', 118.07, 9, 'Option everyone rock instead near.', '2025-04-19 04:49:24', '2025-04-19 04:49:24'),
(194, 19, 3, '2023-03-29 00:00:00', '2023-04-05', '2023-04-07', 758.79, 18, 'High tough hundred bar effect.', '2025-04-19 04:49:24', '2025-04-19 04:49:24'),
(195, 87, 5, '2023-11-11 00:00:00', '2023-11-19', '2023-11-25', 127.89, NULL, 'Vote century data picture especially plan.', '2025-04-19 04:49:24', '2025-04-19 04:49:24'),
(196, 41, 1, '2023-02-21 00:00:00', '2023-02-27', '2023-03-01', 976.96, NULL, 'Research nor positive memory clearly.', '2025-04-19 04:49:24', '2025-04-19 04:49:24'),
(197, 170, 3, '2023-06-02 00:00:00', '2023-06-06', '2023-06-07', 144.67, NULL, 'First skin her who.', '2025-04-19 04:49:24', '2025-04-19 04:49:24'),
(198, 40, 1, '2023-07-04 00:00:00', '2023-07-05', '2023-07-09', 178.87, NULL, 'Back by body nature at.', '2025-04-19 04:49:24', '2025-04-19 04:49:24'),
(199, 52, 1, '2023-01-14 00:00:00', '2023-01-18', '2023-01-20', 674.37, NULL, 'Guy four event than.', '2025-04-19 04:49:24', '2025-04-19 04:49:24'),
(200, 30, 3, '2023-07-23 00:00:00', '2023-07-31', '2023-08-04', 905.39, 9, 'Event better woman develop weight.', '2025-04-19 04:49:24', '2025-04-19 04:49:24'),
(201, 165, 5, '2023-07-18 00:00:00', '2023-07-21', '2023-07-24', 896.94, 12, 'Compare rock fill start.', '2025-04-19 04:49:24', '2025-04-19 04:49:24'),
(202, 115, 1, '2023-05-15 00:00:00', '2023-05-23', '2023-05-27', 337.06, 9, 'Believe give occur example even between answer.', '2025-04-19 04:49:24', '2025-04-19 04:49:24'),
(203, 39, 1, '2023-02-13 00:00:00', '2023-02-19', '2023-02-26', 587.3, 19, 'Water hope generation scientist whose mother.', '2025-04-19 04:49:24', '2025-04-19 04:49:24'),
(204, 142, 1, '2023-07-18 00:00:00', '2023-07-27', '2023-07-31', 969.06, 16, 'Think I or else rather require price central.', '2025-04-19 04:49:24', '2025-04-19 04:49:24'),
(205, 122, 3, '2023-02-10 00:00:00', '2023-02-17', '2023-02-24', 742.88, 17, 'Save apply rise window religious eat participant.', '2025-04-19 04:49:24', '2025-04-19 04:49:24'),
(206, 31, 4, '2023-03-30 00:00:00', '2023-04-02', '2023-04-04', 827.61, 5, 'Consumer worry sometimes maybe every into walk.', '2025-04-19 04:49:24', '2025-04-19 04:49:24'),
(207, 109, 1, '2023-08-11 00:00:00', '2023-08-15', '2023-08-22', 664.5, NULL, 'Figure teach water image fine.', '2025-04-19 04:49:24', '2025-04-19 04:49:24'),
(208, 82, 1, '2023-02-14 00:00:00', '2023-02-21', '2023-02-26', 457.62, NULL, 'Play baby drive behavior.', '2025-04-19 04:49:24', '2025-04-19 04:49:24'),
(209, 134, 4, '2023-01-07 00:00:00', '2023-01-17', '2023-01-22', 570.31, 14, 'Arm sea never manage them while interest.', '2025-04-19 04:49:24', '2025-04-19 04:49:24'),
(210, 107, 2, '2023-03-17 00:00:00', '2023-03-27', '2023-04-01', 624.41, 4, 'Usually carry marriage rate quality mother by.', '2025-04-19 04:49:24', '2025-04-19 04:49:24'),
(211, 145, 1, '2023-05-27 00:00:00', '2023-06-05', '2023-06-08', 890.1, NULL, 'Pattern treat second.', '2025-04-19 04:49:24', '2025-04-19 04:49:24'),
(212, 168, 4, '2023-10-20 00:00:00', '2023-10-30', '2023-11-03', 133.72, NULL, 'Reflect see each school week statement.', '2025-04-19 04:49:24', '2025-04-19 04:49:24'),
(213, 37, 5, '2023-11-08 00:00:00', '2023-11-15', '2023-11-16', 456.21, 11, 'Range amount large collection us shake tough.', '2025-04-19 04:49:24', '2025-04-19 04:49:24'),
(214, 13, 4, '2023-05-18 00:00:00', '2023-05-24', '2023-05-25', 404.08, NULL, 'Avoid style message weight.', '2025-04-19 04:49:24', '2025-04-19 04:49:24'),
(215, 72, 4, '2023-02-20 00:00:00', '2023-02-24', '2023-02-26', 370.43, NULL, 'Many color wide full quickly story.', '2025-04-19 04:49:24', '2025-04-19 04:49:24'),
(216, 69, 4, '2023-11-06 00:00:00', '2023-11-08', '2023-11-10', 497.54, NULL, 'Face low enter able.', '2025-04-19 04:49:24', '2025-04-19 04:49:24'),
(217, 195, 5, '2023-07-11 00:00:00', '2023-07-12', '2023-07-17', 812.34, NULL, 'Notice design fight value poor stay along leg.', '2025-04-19 04:49:24', '2025-04-19 04:49:24'),
(218, 182, 5, '2023-07-26 00:00:00', '2023-07-29', '2023-08-05', 866.17, 19, 'Summer arm accept leave fear blue glass reveal.', '2025-04-19 04:49:24', '2025-04-19 04:49:24'),
(219, 45, 2, '2023-04-13 00:00:00', '2023-04-14', '2023-04-16', 129.76, NULL, 'Great big man be method child.', '2025-04-19 04:49:24', '2025-04-19 04:49:24'),
(220, 181, 2, '2023-05-21 00:00:00', '2023-05-27', '2023-06-03', 517.8, 13, 'Tree according show economic.', '2025-04-19 04:49:24', '2025-04-19 04:49:24'),
(221, 175, 1, '2023-05-04 00:00:00', '2023-05-10', '2023-05-14', 634.64, NULL, 'House federal into consider speech board just.', '2025-04-19 04:49:24', '2025-04-19 04:49:24'),
(222, 151, 5, '2023-06-29 00:00:00', '2023-07-05', '2023-07-07', 853.89, 9, 'Class government its grow that cup.', '2025-04-19 04:49:24', '2025-04-19 04:49:24'),
(223, 73, 1, '2023-07-17 00:00:00', '2023-07-18', '2023-07-20', 868.44, 7, 'Expect card inside former all.', '2025-04-19 04:49:24', '2025-04-19 04:49:24'),
(224, 166, 2, '2023-04-16 00:00:00', '2023-04-21', '2023-04-27', 468.56, 1, 'Way where work budget major.', '2025-04-19 04:49:24', '2025-04-19 04:49:24'),
(225, 122, 2, '2023-11-28 00:00:00', '2023-12-01', '2023-12-06', 820.78, NULL, 'Son research foot share think maybe type.', '2025-04-19 04:49:24', '2025-04-19 04:49:24'),
(226, 156, 3, '2023-11-26 00:00:00', '2023-12-01', '2023-12-05', 905.93, NULL, 'Capital whatever society call general add.', '2025-04-19 04:49:24', '2025-04-19 04:49:24'),
(227, 65, 2, '2023-08-27 00:00:00', '2023-09-01', '2023-09-07', 568.57, NULL, 'Appear stop involve others account.', '2025-04-19 04:49:24', '2025-04-19 04:49:24'),
(228, 150, 1, '2023-01-04 00:00:00', '2023-01-13', '2023-01-19', 969.84, NULL, 'Face magazine set easy check memory economic.', '2025-04-19 04:49:24', '2025-04-19 04:49:24'),
(229, 77, 1, '2023-09-04 00:00:00', '2023-09-06', '2023-09-09', 989.52, NULL, 'Ten yes easy star.', '2025-04-19 04:49:24', '2025-04-19 04:49:24'),
(230, 67, 3, '2023-04-07 00:00:00', '2023-04-10', '2023-04-15', 788.93, NULL, 'Listen situation billion room particularly.', '2025-04-19 04:49:24', '2025-04-19 04:49:24'),
(231, 170, 3, '2023-03-13 00:00:00', '2023-03-14', '2023-03-20', 547.64, NULL, 'Yeah option play director car.', '2025-04-19 04:49:24', '2025-04-19 04:49:24'),
(232, 108, 4, '2023-07-18 00:00:00', '2023-07-19', '2023-07-24', 737.26, 19, 'Event court certainly.', '2025-04-19 04:49:24', '2025-04-19 04:49:24'),
(233, 88, 2, '2023-10-01 00:00:00', '2023-10-09', '2023-10-15', 422.65, 10, 'Pattern before anything.', '2025-04-19 04:49:24', '2025-04-19 04:49:24'),
(234, 169, 5, '2023-04-03 00:00:00', '2023-04-08', '2023-04-09', 523.7, 9, 'Modern record woman develop international article.', '2025-04-19 04:49:24', '2025-04-19 04:49:24'),
(235, 175, 3, '2023-02-15 00:00:00', '2023-02-19', '2023-02-22', 301.0, NULL, 'Popular fight especially exactly go individual.', '2025-04-19 04:49:24', '2025-04-19 04:49:24'),
(236, 85, 3, '2023-05-14 00:00:00', '2023-05-24', '2023-05-27', 517.38, NULL, 'Time consider a produce focus experience.', '2025-04-19 04:49:24', '2025-04-19 04:49:24'),
(237, 14, 5, '2023-10-25 00:00:00', '2023-11-04', '2023-11-05', 525.0, 7, 'Training beyond continue way hair.', '2025-04-19 04:49:24', '2025-04-19 04:49:24'),
(238, 175, 4, '2023-09-29 00:00:00', '2023-10-04', '2023-10-08', 148.66, 5, 'Born protect raise side candidate.', '2025-04-19 04:49:24', '2025-04-19 04:49:24'),
(239, 52, 3, '2023-07-29 00:00:00', '2023-08-08', '2023-08-12', 228.9, 6, 'Scientist guess single more he practice.', '2025-04-19 04:49:24', '2025-04-19 04:49:24'),
(240, 125, 3, '2023-11-20 00:00:00', '2023-11-23', '2023-11-26', 671.05, NULL, 'Once beautiful blood picture own.', '2025-04-19 04:49:24', '2025-04-19 04:49:24'),
(241, 71, 2, '2023-03-28 00:00:00', '2023-04-07', '2023-04-14', 242.59, 3, 'Only treatment pressure.', '2025-04-19 04:49:24', '2025-04-19 04:49:24'),
(242, 158, 4, '2023-11-21 00:00:00', '2023-11-28', '2023-12-02', 486.12, NULL, 'Cover knowledge better walk people.', '2025-04-19 04:49:24', '2025-04-19 04:49:24'),
(243, 2, 1, '2023-10-01 00:00:00', '2023-10-05', '2023-10-11', 435.79, NULL, 'Rise writer dark result analysis.', '2025-04-19 04:49:24', '2025-04-19 04:49:24'),
(244, 194, 5, '2023-04-08 00:00:00', '2023-04-09', '2023-04-15', 103.71, 8, 'Industry represent through service suffer.', '2025-04-19 04:49:24', '2025-04-19 04:49:24'),
(245, 178, 3, '2023-06-09 00:00:00', '2023-06-12', '2023-06-13', 445.2, NULL, 'Window thus large response treat attack industry.', '2025-04-19 04:49:24', '2025-04-19 04:49:24'),
(246, 43, 1, '2023-01-24 00:00:00', '2023-01-29', '2023-02-01', 510.33, NULL, 'So cold ever whose face what article.', '2025-04-19 04:49:24', '2025-04-19 04:49:24'),
(247, 112, 2, '2023-06-25 00:00:00', '2023-07-03', '2023-07-06', 775.1, NULL, 'Scientist however range that will.', '2025-04-19 04:49:24', '2025-04-19 04:49:24'),
(248, 5, 2, '2023-04-25 00:00:00', '2023-04-28', '2023-04-30', 760.67, 19, 'Just meeting none hope.', '2025-04-19 04:49:24', '2025-04-19 04:49:24'),
(249, 32, 3, '2023-11-30 00:00:00', '2023-12-01', '2023-12-05', 888.89, 9, 'Even contain civil design recent these so lay.', '2025-04-19 04:49:24', '2025-04-19 04:49:24'),
(250, 153, 1, '2023-02-25 00:00:00', '2023-02-26', '2023-02-27', 720.77, NULL, 'Else system fast environmental budget difference move.', '2025-04-19 04:49:24', '2025-04-19 04:49:24'),
(251, 98, 1, '2023-10-08 00:00:00', '2023-10-13', '2023-10-17', 731.68, 7, 'Although challenge third until establish.', '2025-04-19 04:49:24', '2025-04-19 04:49:24'),
(252, 78, 4, '2023-02-21 00:00:00', '2023-03-02', '2023-03-05', 660.52, NULL, 'Politics eat statement.', '2025-04-19 04:49:24', '2025-04-19 04:49:24'),
(253, 27, 5, '2023-11-13 00:00:00', '2023-11-15', '2023-11-18', 202.61, NULL, 'Break possible plan win foot watch this.', '2025-04-19 04:49:24', '2025-04-19 04:49:24'),
(254, 51, 5, '2023-04-13 00:00:00', '2023-04-18', '2023-04-25', 570.83, NULL, 'Reveal impact particularly foot arm.', '2025-04-19 04:49:24', '2025-04-19 04:49:24'),
(255, 181, 4, '2023-06-01 00:00:00', '2023-06-04', '2023-06-05', 593.32, NULL, 'Station despite whole.', '2025-04-19 04:49:24', '2025-04-19 04:49:24'),
(256, 85, 2, '2023-01-02 00:00:00', '2023-01-03', '2023-01-09', 180.1, NULL, 'Eight administration price test.', '2025-04-19 04:49:24', '2025-04-19 04:49:24'),
(257, 39, 1, '2023-09-19 00:00:00', '2023-09-21', '2023-09-27', 751.22, 9, 'Blood second high president thank plant nearly stage.', '2025-04-19 04:49:24', '2025-04-19 04:49:24'),
(258, 117, 3, '2023-05-16 00:00:00', '2023-05-24', '2023-05-25', 189.83, 6, 'Food daughter picture teach house.', '2025-04-19 04:49:24', '2025-04-19 04:49:24'),
(259, 75, 3, '2023-06-10 00:00:00', '2023-06-17', '2023-06-23', 204.31, 2, 'Discussion risk happy total behavior consider continue.', '2025-04-19 04:49:24', '2025-04-19 04:49:24'),
(260, 36, 2, '2023-06-18 00:00:00', '2023-06-24', '2023-06-28', 959.58, 9, 'Country make role positive.', '2025-04-19 04:49:24', '2025-04-19 04:49:24'),
(261, 96, 3, '2023-04-04 00:00:00', '2023-04-06', '2023-04-10', 460.23, NULL, 'Financial those stage.', '2025-04-19 04:49:24', '2025-04-19 04:49:24'),
(262, 99, 4, '2023-08-04 00:00:00', '2023-08-07', '2023-08-08', 219.26, 2, 'Could century interview lawyer population I right case.', '2025-04-19 04:49:24', '2025-04-19 04:49:24'),
(263, 27, 4, '2023-10-30 00:00:00', '2023-11-07', '2023-11-14', 612.05, 15, 'Owner help again.', '2025-04-19 04:49:24', '2025-04-19 04:49:24'),
(264, 157, 4, '2023-07-03 00:00:00', '2023-07-13', '2023-07-14', 876.32, NULL, 'Shake popular analysis.', '2025-04-19 04:49:24', '2025-04-19 04:49:24'),
(265, 125, 1, '2023-07-30 00:00:00', '2023-08-07', '2023-08-08', 157.0, 11, 'Show environment voice outside society.', '2025-04-19 04:49:24', '2025-04-19 04:49:24'),
(266, 181, 5, '2023-10-23 00:00:00', '2023-11-02', '2023-11-04', 980.11, 11, 'Whatever blood save.', '2025-04-19 04:49:24', '2025-04-19 04:49:24'),
(267, 111, 2, '2023-09-04 00:00:00', '2023-09-10', '2023-09-16', 708.67, 13, 'System be cause service throughout spring.', '2025-04-19 04:49:24', '2025-04-19 04:49:24'),
(268, 143, 5, '2023-01-28 00:00:00', '2023-01-29', '2023-02-04', 940.93, NULL, 'Forward choice argue reality physical.', '2025-04-19 04:49:24', '2025-04-19 04:49:24'),
(269, 127, 2, '2023-02-08 00:00:00', '2023-02-16', '2023-02-19', 316.8, 9, 'Again and name bill.', '2025-04-19 04:49:24', '2025-04-19 04:49:24'),
(270, 130, 2, '2023-10-09 00:00:00', '2023-10-16', '2023-10-20', 835.39, NULL, 'Center treatment agency interview challenge pretty.', '2025-04-19 04:49:24', '2025-04-19 04:49:24'),
(271, 114, 5, '2023-08-18 00:00:00', '2023-08-20', '2023-08-27', 548.61, 11, 'Tv range rather resource top.', '2025-04-19 04:49:24', '2025-04-19 04:49:24'),
(272, 128, 1, '2023-02-22 00:00:00', '2023-03-01', '2023-03-05', 132.25, 18, 'College body big what ground past brother.', '2025-04-19 04:49:24', '2025-04-19 04:49:24'),
(273, 24, 5, '2023-11-13 00:00:00', '2023-11-18', '2023-11-23', 606.1, NULL, 'Time page concern most.', '2025-04-19 04:49:24', '2025-04-19 04:49:24'),
(274, 94, 1, '2023-04-25 00:00:00', '2023-05-03', '2023-05-06', 604.14, NULL, 'Consider interesting throw reach person expert then even.', '2025-04-19 04:49:24', '2025-04-19 04:49:24'),
(275, 184, 3, '2023-08-20 00:00:00', '2023-08-22', '2023-08-23', 783.39, 8, 'Product usually specific represent baby able value.', '2025-04-19 04:49:24', '2025-04-19 04:49:24'),
(276, 88, 3, '2023-11-21 00:00:00', '2023-11-26', '2023-12-01', 569.79, 4, 'Sing chair challenge land.', '2025-04-19 04:49:24', '2025-04-19 04:49:24'),
(277, 43, 4, '2023-03-13 00:00:00', '2023-03-20', '2023-03-21', 328.86, 7, 'Spring both into risk certain follow camera.', '2025-04-19 04:49:24', '2025-04-19 04:49:24'),
(278, 31, 4, '2023-04-21 00:00:00', '2023-04-29', '2023-05-06', 803.28, 11, 'Good management loss win own PM.', '2025-04-19 04:49:24', '2025-04-19 04:49:24'),
(279, 194, 4, '2023-01-24 00:00:00', '2023-02-03', '2023-02-04', 794.93, NULL, 'Soon president early industry.', '2025-04-19 04:49:24', '2025-04-19 04:49:24'),
(280, 169, 5, '2023-09-16 00:00:00', '2023-09-19', '2023-09-23', 103.9, NULL, 'Much manage movie discover base resource money.', '2025-04-19 04:49:24', '2025-04-19 04:49:24'),
(281, 150, 4, '2023-09-18 00:00:00', '2023-09-21', '2023-09-27', 620.7, 5, 'Reflect dog able yes admit.', '2025-04-19 04:49:24', '2025-04-19 04:49:24'),
(282, 100, 5, '2023-11-07 00:00:00', '2023-11-13', '2023-11-18', 893.25, 14, 'Listen card body treat guess support single.', '2025-04-19 04:49:24', '2025-04-19 04:49:24'),
(283, 71, 4, '2023-06-25 00:00:00', '2023-06-30', '2023-07-04', 824.32, NULL, 'Far century table will.', '2025-04-19 04:49:24', '2025-04-19 04:49:24'),
(284, 155, 5, '2023-06-03 00:00:00', '2023-06-12', '2023-06-19', 382.52, 18, 'Drug still argue case while region.', '2025-04-19 04:49:24', '2025-04-19 04:49:24'),
(285, 52, 2, '2023-11-16 00:00:00', '2023-11-21', '2023-11-27', 410.76, 5, 'Run receive interesting approach black ok.', '2025-04-19 04:49:24', '2025-04-19 04:49:24'),
(286, 129, 5, '2023-11-23 00:00:00', '2023-11-29', '2023-12-05', 203.86, NULL, 'Study that air half bad baby notice.', '2025-04-19 04:49:24', '2025-04-19 04:49:24'),
(287, 150, 5, '2023-08-02 00:00:00', '2023-08-11', '2023-08-14', 889.73, 14, 'Change consumer sea security recognize federal.', '2025-04-19 04:49:24', '2025-04-19 04:49:24'),
(288, 134, 1, '2023-01-13 00:00:00', '2023-01-20', '2023-01-22', 147.76, 2, 'Reveal know population actually born art.', '2025-04-19 04:49:24', '2025-04-19 04:49:24'),
(289, 69, 2, '2023-05-27 00:00:00', '2023-06-01', '2023-06-03', 855.44, 10, 'Page community civil.', '2025-04-19 04:49:24', '2025-04-19 04:49:24'),
(290, 193, 5, '2023-01-17 00:00:00', '2023-01-23', '2023-01-30', 507.34, 20, 'Strategy quite then never stop try.', '2025-04-19 04:49:24', '2025-04-19 04:49:24'),
(291, 191, 5, '2023-07-19 00:00:00', '2023-07-23', '2023-07-28', 805.88, 10, 'Fill dinner use even begin help week.', '2025-04-19 04:49:24', '2025-04-19 04:49:24'),
(292, 98, 4, '2023-08-02 00:00:00', '2023-08-08', '2023-08-13', 148.42, 9, 'Hundred argue hot state wish.', '2025-04-19 04:49:24', '2025-04-19 04:49:24'),
(293, 159, 4, '2023-04-26 00:00:00', '2023-05-02', '2023-05-09', 629.55, 20, 'Success staff life finish politics still close sound.', '2025-04-19 04:49:24', '2025-04-19 04:49:24'),
(294, 199, 2, '2023-05-31 00:00:00', '2023-06-08', '2023-06-10', 985.11, 3, 'Crime board back owner suggest agreement.', '2025-04-19 04:49:24', '2025-04-19 04:49:24'),
(295, 45, 5, '2023-03-03 00:00:00', '2023-03-10', '2023-03-11', 485.66, NULL, 'Clear blood deep action travel.', '2025-04-19 04:49:24', '2025-04-19 04:49:24'),
(296, 34, 2, '2023-10-27 00:00:00', '2023-11-01', '2023-11-02', 397.51, 5, 'Necessary point allow especially with.', '2025-04-19 04:49:24', '2025-04-19 04:49:24'),
(297, 40, 3, '2023-11-02 00:00:00', '2023-11-03', '2023-11-10', 939.14, NULL, 'And worry low answer behavior final wonder.', '2025-04-19 04:49:24', '2025-04-19 04:49:24'),
(298, 126, 5, '2023-10-09 00:00:00', '2023-10-15', '2023-10-16', 805.63, 11, 'When matter fire hospital green.', '2025-04-19 04:49:24', '2025-04-19 04:49:24'),
(299, 48, 5, '2023-02-04 00:00:00', '2023-02-13', '2023-02-15', 474.34, NULL, 'Reflect best imagine scientist.', '2025-04-19 04:49:24', '2025-04-19 04:49:24'),
(300, 24, 3, '2023-04-24 00:00:00', '2023-04-28', '2023-05-04', 398.7, NULL, 'Maybe simple age somebody.', '2025-04-19 04:49:24', '2025-04-19 04:49:24'),
(301, 56, 5, '2023-09-29 00:00:00', '2023-10-07', '2023-10-12', 841.32, 1, 'Only system face charge leg those behavior.', '2025-04-19 04:49:24', '2025-04-19 04:49:24'),
(302, 172, 3, '2023-08-17 00:00:00', '2023-08-21', '2023-08-27', 652.33, 20, 'This space pressure shoulder claim.', '2025-04-19 04:49:24', '2025-04-19 04:49:24'),
(303, 11, 3, '2023-07-15 00:00:00', '2023-07-17', '2023-07-21', 330.93, 10, 'Might rock prepare us game size fund.', '2025-04-19 04:49:24', '2025-04-19 04:49:24'),
(304, 133, 3, '2023-09-21 00:00:00', '2023-09-30', '2023-10-04', 538.12, 10, 'Perhaps vote always require raise dream.', '2025-04-19 04:49:24', '2025-04-19 04:49:24'),
(305, 83, 5, '2023-02-12 00:00:00', '2023-02-14', '2023-02-16', 974.47, 18, 'Parent when note yes best address short finally.', '2025-04-19 04:49:24', '2025-04-19 04:49:24'),
(306, 161, 1, '2023-04-18 00:00:00', '2023-04-22', '2023-04-29', 716.86, 4, 'Material lawyer college fast.', '2025-04-19 04:49:24', '2025-04-19 04:49:24'),
(307, 138, 4, '2023-11-28 00:00:00', '2023-11-30', '2023-12-06', 717.44, NULL, 'Evidence guy become condition.', '2025-04-19 04:49:24', '2025-04-19 04:49:24'),
(308, 184, 3, '2023-01-20 00:00:00', '2023-01-22', '2023-01-23', 148.84, 9, 'Election list eight theory practice cell buy.', '2025-04-19 04:49:24', '2025-04-19 04:49:24'),
(309, 148, 2, '2023-05-13 00:00:00', '2023-05-20', '2023-05-24', 506.01, NULL, 'Major guy expert important people quite kid.', '2025-04-19 04:49:24', '2025-04-19 04:49:24'),
(310, 81, 1, '2023-07-19 00:00:00', '2023-07-21', '2023-07-26', 105.31, 20, 'Suddenly weight health radio media enjoy then.', '2025-04-19 04:49:24', '2025-04-19 04:49:24'),
(311, 194, 5, '2023-01-24 00:00:00', '2023-01-26', '2023-01-29', 935.24, NULL, 'Per popular scientist.', '2025-04-19 04:49:24', '2025-04-19 04:49:24'),
(312, 176, 3, '2023-11-07 00:00:00', '2023-11-09', '2023-11-12', 788.75, NULL, 'Record night choice black heart.', '2025-04-19 04:49:24', '2025-04-19 04:49:24'),
(313, 102, 1, '2023-08-31 00:00:00', '2023-09-03', '2023-09-08', 297.88, NULL, 'Human authority hold left behavior letter politics.', '2025-04-19 04:49:24', '2025-04-19 04:49:24'),
(314, 163, 2, '2023-06-02 00:00:00', '2023-06-08', '2023-06-09', 598.17, 18, 'Board Congress board where however item husband.', '2025-04-19 04:49:24', '2025-04-19 04:49:24'),
(315, 32, 1, '2023-01-03 00:00:00', '2023-01-13', '2023-01-18', 454.67, 18, 'Fish you main reduce.', '2025-04-19 04:49:24', '2025-04-19 04:49:24'),
(316, 79, 2, '2023-06-26 00:00:00', '2023-06-30', '2023-07-04', 915.07, 17, 'Boy lawyer nation we certainly degree nothing.', '2025-04-19 04:49:24', '2025-04-19 04:49:24'),
(317, 42, 2, '2023-04-24 00:00:00', '2023-05-04', '2023-05-11', 327.47, 4, 'Similar artist speak smile without degree deep age.', '2025-04-19 04:49:24', '2025-04-19 04:49:24'),
(318, 172, 5, '2023-01-28 00:00:00', '2023-02-06', '2023-02-10', 680.21, NULL, 'Establish player base attorney if fear.', '2025-04-19 04:49:24', '2025-04-19 04:49:24'),
(319, 172, 1, '2023-05-09 00:00:00', '2023-05-11', '2023-05-13', 753.03, NULL, 'The modern prove else store begin top.', '2025-04-19 04:49:24', '2025-04-19 04:49:24'),
(320, 92, 2, '2023-05-01 00:00:00', '2023-05-03', '2023-05-06', 657.56, NULL, 'White father cup walk loss movement.', '2025-04-19 04:49:24', '2025-04-19 04:49:24'),
(321, 125, 4, '2023-06-18 00:00:00', '2023-06-28', '2023-07-04', 375.11, 19, 'Whole join tree now.', '2025-04-19 04:49:24', '2025-04-19 04:49:24'),
(322, 145, 5, '2023-07-06 00:00:00', '2023-07-12', '2023-07-16', 251.78, 11, 'Night throw cup.', '2025-04-19 04:49:24', '2025-04-19 04:49:24'),
(323, 57, 4, '2023-05-22 00:00:00', '2023-05-28', '2023-05-30', 711.62, NULL, 'Pattern food worry voice sea say first character.', '2025-04-19 04:49:24', '2025-04-19 04:49:24'),
(324, 119, 4, '2023-07-03 00:00:00', '2023-07-08', '2023-07-12', 596.5, 6, 'Value material first society purpose enjoy reveal.', '2025-04-19 04:49:24', '2025-04-19 04:49:24'),
(325, 72, 2, '2023-10-03 00:00:00', '2023-10-07', '2023-10-10', 760.19, 3, 'Wall tax plant police official already second.', '2025-04-19 04:49:24', '2025-04-19 04:49:24'),
(326, 5, 5, '2023-11-20 00:00:00', '2023-11-21', '2023-11-28', 623.7, 13, 'Information national coach help girl.', '2025-04-19 04:49:24', '2025-04-19 04:49:24'),
(327, 10, 5, '2023-05-14 00:00:00', '2023-05-23', '2023-05-28', 524.89, NULL, 'Will officer add sport administration.', '2025-04-19 04:49:24', '2025-04-19 04:49:24'),
(328, 101, 2, '2023-10-29 00:00:00', '2023-11-03', '2023-11-05', 518.23, 17, 'Maybe test record power lay.', '2025-04-19 04:49:24', '2025-04-19 04:49:24'),
(329, 102, 3, '2023-09-15 00:00:00', '2023-09-16', '2023-09-22', 314.99, 20, 'Goal stock international wind from unit.', '2025-04-19 04:49:24', '2025-04-19 04:49:24'),
(330, 194, 5, '2023-03-13 00:00:00', '2023-03-21', '2023-03-23', 261.23, 19, 'Into computer organization myself high suddenly read.', '2025-04-19 04:49:24', '2025-04-19 04:49:24'),
(331, 189, 4, '2023-07-03 00:00:00', '2023-07-04', '2023-07-06', 785.33, 8, 'Plant reduce visit town between because.', '2025-04-19 04:49:24', '2025-04-19 04:49:24'),
(332, 68, 3, '2023-04-30 00:00:00', '2023-05-01', '2023-05-07', 286.1, NULL, 'Bed administration usually billion.', '2025-04-19 04:49:24', '2025-04-19 04:49:24'),
(333, 121, 4, '2023-01-24 00:00:00', '2023-01-25', '2023-01-31', 391.66, NULL, 'Until between know ok allow face inside development.', '2025-04-19 04:49:24', '2025-04-19 04:49:24'),
(334, 190, 3, '2023-10-24 00:00:00', '2023-11-02', '2023-11-07', 256.46, NULL, 'Necessary boy task wear go soldier less.', '2025-04-19 04:49:24', '2025-04-19 04:49:24'),
(335, 151, 1, '2023-09-22 00:00:00', '2023-09-27', '2023-10-01', 975.41, NULL, 'Account hear difference exist they enough.', '2025-04-19 04:49:24', '2025-04-19 04:49:24'),
(336, 91, 3, '2023-09-07 00:00:00', '2023-09-15', '2023-09-20', 105.94, NULL, 'Pull above training allow ago so.', '2025-04-19 04:49:24', '2025-04-19 04:49:24'),
(337, 43, 2, '2023-02-09 00:00:00', '2023-02-18', '2023-02-24', 352.73, 5, 'Star outside friend where year drop wind.', '2025-04-19 04:49:24', '2025-04-19 04:49:24'),
(338, 41, 3, '2023-11-05 00:00:00', '2023-11-07', '2023-11-13', 307.31, 11, 'Pattern hotel appear use investment.', '2025-04-19 04:49:24', '2025-04-19 04:49:24'),
(339, 124, 4, '2023-09-03 00:00:00', '2023-09-07', '2023-09-12', 245.12, 14, 'Within community tough military join between.', '2025-04-19 04:49:24', '2025-04-19 04:49:24'),
(340, 63, 1, '2023-03-07 00:00:00', '2023-03-17', '2023-03-22', 245.02, 17, 'Mean place six successful.', '2025-04-19 04:49:24', '2025-04-19 04:49:24'),
(341, 147, 2, '2023-01-29 00:00:00', '2023-02-01', '2023-02-04', 930.2, NULL, 'True study city follow behavior agent activity show.', '2025-04-19 04:49:24', '2025-04-19 04:49:24'),
(342, 154, 5, '2023-11-23 00:00:00', '2023-11-24', '2023-11-30', 755.18, 10, 'Agreement remain turn bad.', '2025-04-19 04:49:24', '2025-04-19 04:49:24'),
(343, 56, 4, '2023-11-07 00:00:00', '2023-11-15', '2023-11-22', 533.5, NULL, 'Agent safe work play sing cost.', '2025-04-19 04:49:24', '2025-04-19 04:49:24'),
(344, 154, 2, '2023-10-26 00:00:00', '2023-10-29', '2023-11-03', 693.68, 9, 'Father movement early sister skill.', '2025-04-19 04:49:24', '2025-04-19 04:49:24'),
(345, 186, 3, '2023-08-21 00:00:00', '2023-08-31', '2023-09-05', 161.96, NULL, 'Process ever various physical point.', '2025-04-19 04:49:24', '2025-04-19 04:49:24'),
(346, 34, 1, '2023-01-09 00:00:00', '2023-01-13', '2023-01-18', 873.63, NULL, 'Term book until but center energy Congress back.', '2025-04-19 04:49:24', '2025-04-19 04:49:24'),
(347, 39, 5, '2023-02-19 00:00:00', '2023-02-22', '2023-02-26', 911.45, 20, 'Tree debate beyond somebody including main.', '2025-04-19 04:49:24', '2025-04-19 04:49:24'),
(348, 137, 5, '2023-03-02 00:00:00', '2023-03-04', '2023-03-08', 693.45, 20, 'Baby reach heart finish traditional speak conference act.', '2025-04-19 04:49:24', '2025-04-19 04:49:24'),
(349, 199, 4, '2023-09-25 00:00:00', '2023-10-02', '2023-10-05', 887.34, NULL, 'Process piece talk bring.', '2025-04-19 04:49:24', '2025-04-19 04:49:24'),
(350, 59, 4, '2023-07-15 00:00:00', '2023-07-21', '2023-07-26', 824.16, 19, 'Year low pass national citizen score.', '2025-04-19 04:49:24', '2025-04-19 04:49:24'),
(351, 109, 2, '2023-05-11 00:00:00', '2023-05-19', '2023-05-26', 309.26, NULL, 'Cover ahead age memory.', '2025-04-19 04:49:24', '2025-04-19 04:49:24'),
(352, 154, 5, '2023-07-29 00:00:00', '2023-08-03', '2023-08-05', 104.92, 1, 'Describe half together ahead.', '2025-04-19 04:49:24', '2025-04-19 04:49:24'),
(353, 134, 1, '2023-07-12 00:00:00', '2023-07-16', '2023-07-22', 823.86, NULL, 'Detail road vote environment.', '2025-04-19 04:49:24', '2025-04-19 04:49:24'),
(354, 28, 2, '2023-08-07 00:00:00', '2023-08-17', '2023-08-20', 335.17, NULL, 'Current begin remain present level speak job.', '2025-04-19 04:49:24', '2025-04-19 04:49:24'),
(355, 145, 3, '2023-11-10 00:00:00', '2023-11-15', '2023-11-21', 457.71, NULL, 'Two economic cup suffer response which.', '2025-04-19 04:49:24', '2025-04-19 04:49:24'),
(356, 142, 5, '2023-09-05 00:00:00', '2023-09-08', '2023-09-11', 603.18, NULL, 'On short find some.', '2025-04-19 04:49:24', '2025-04-19 04:49:24'),
(357, 79, 5, '2023-06-26 00:00:00', '2023-07-03', '2023-07-09', 224.26, 4, 'Item land others even five blue him.', '2025-04-19 04:49:24', '2025-04-19 04:49:24'),
(358, 115, 2, '2023-02-21 00:00:00', '2023-02-25', '2023-03-02', 460.5, 11, 'Note hear plan ask cold.', '2025-04-19 04:49:24', '2025-04-19 04:49:24'),
(359, 42, 4, '2023-11-22 00:00:00', '2023-11-23', '2023-11-30', 181.98, NULL, 'When education important.', '2025-04-19 04:49:24', '2025-04-19 04:49:24'),
(360, 154, 4, '2023-02-15 00:00:00', '2023-02-17', '2023-02-20', 299.59, 3, 'Step population whole good air conference follow so.', '2025-04-19 04:49:24', '2025-04-19 04:49:24'),
(361, 186, 4, '2023-07-25 00:00:00', '2023-08-04', '2023-08-10', 568.9, 20, 'Early Democrat he certain fire act.', '2025-04-19 04:49:24', '2025-04-19 04:49:24'),
(362, 199, 2, '2023-11-24 00:00:00', '2023-12-02', '2023-12-06', 109.64, NULL, 'Response degree nothing.', '2025-04-19 04:49:24', '2025-04-19 04:49:24'),
(363, 50, 1, '2023-11-03 00:00:00', '2023-11-12', '2023-11-17', 728.6, 20, 'Together no history own money bill.', '2025-04-19 04:49:24', '2025-04-19 04:49:24'),
(364, 173, 1, '2023-07-04 00:00:00', '2023-07-08', '2023-07-14', 100.26, 6, 'Respond watch space provide off.', '2025-04-19 04:49:24', '2025-04-19 04:49:24'),
(365, 71, 4, '2023-06-30 00:00:00', '2023-07-07', '2023-07-11', 627.47, 17, 'Radio itself spend cup anyone management.', '2025-04-19 04:49:24', '2025-04-19 04:49:24'),
(366, 189, 1, '2023-02-16 00:00:00', '2023-02-25', '2023-02-28', 753.52, NULL, 'Wrong instead buy.', '2025-04-19 04:49:24', '2025-04-19 04:49:24'),
(367, 89, 3, '2023-04-26 00:00:00', '2023-05-06', '2023-05-08', 509.28, 13, 'Over option door again.', '2025-04-19 04:49:24', '2025-04-19 04:49:24'),
(368, 67, 2, '2023-07-28 00:00:00', '2023-08-06', '2023-08-07', 602.77, NULL, 'Popular task write.', '2025-04-19 04:49:24', '2025-04-19 04:49:24'),
(369, 88, 1, '2023-09-20 00:00:00', '2023-09-25', '2023-09-30', 831.83, NULL, 'Expect success idea time truth although population.', '2025-04-19 04:49:24', '2025-04-19 04:49:24'),
(370, 178, 4, '2023-07-13 00:00:00', '2023-07-23', '2023-07-27', 792.97, NULL, 'Like stop indeed feeling.', '2025-04-19 04:49:24', '2025-04-19 04:49:24'),
(371, 175, 4, '2023-10-28 00:00:00', '2023-10-29', '2023-11-02', 204.64, NULL, 'Send hundred news finish partner hotel.', '2025-04-19 04:49:24', '2025-04-19 04:49:24'),
(372, 163, 2, '2023-04-28 00:00:00', '2023-05-04', '2023-05-08', 959.9, 17, 'Management political treat successful visit bill difference.', '2025-04-19 04:49:24', '2025-04-19 04:49:24'),
(373, 180, 3, '2023-05-08 00:00:00', '2023-05-13', '2023-05-14', 459.04, 11, 'Catch year technology.', '2025-04-19 04:49:24', '2025-04-19 04:49:24'),
(374, 142, 2, '2023-09-01 00:00:00', '2023-09-07', '2023-09-10', 296.71, NULL, 'Difficult because right speech staff Mr.', '2025-04-19 04:49:24', '2025-04-19 04:49:24'),
(375, 47, 2, '2023-09-13 00:00:00', '2023-09-17', '2023-09-19', 761.89, 9, 'Various test employee.', '2025-04-19 04:49:24', '2025-04-19 04:49:24'),
(376, 59, 2, '2023-05-08 00:00:00', '2023-05-18', '2023-05-21', 240.4, 4, 'Book water avoid.', '2025-04-19 04:49:24', '2025-04-19 04:49:24'),
(377, 21, 4, '2023-11-11 00:00:00', '2023-11-12', '2023-11-19', 871.38, NULL, 'Reach social here recognize understand on.', '2025-04-19 04:49:24', '2025-04-19 04:49:24'),
(378, 96, 5, '2023-06-11 00:00:00', '2023-06-19', '2023-06-24', 881.89, 16, 'Call technology send thousand.', '2025-04-19 04:49:24', '2025-04-19 04:49:24'),
(379, 196, 5, '2023-05-24 00:00:00', '2023-05-31', '2023-06-02', 775.15, 5, 'Pm property miss drive long majority.', '2025-04-19 04:49:24', '2025-04-19 04:49:24'),
(380, 135, 4, '2023-09-02 00:00:00', '2023-09-11', '2023-09-12', 552.23, 13, 'Focus room difficult enough fast.', '2025-04-19 04:49:24', '2025-04-19 04:49:24'),
(381, 118, 1, '2023-09-23 00:00:00', '2023-10-01', '2023-10-04', 720.29, 1, 'Good structure drug positive.', '2025-04-19 04:49:24', '2025-04-19 04:49:24'),
(382, 98, 5, '2023-02-21 00:00:00', '2023-02-27', '2023-03-02', 651.5, 9, 'Reason avoid manager defense provide.', '2025-04-19 04:49:24', '2025-04-19 04:49:24'),
(383, 141, 3, '2023-05-02 00:00:00', '2023-05-07', '2023-05-11', 962.67, NULL, 'Stand could bit decade opportunity month teach.', '2025-04-19 04:49:24', '2025-04-19 04:49:24'),
(384, 48, 4, '2023-08-06 00:00:00', '2023-08-10', '2023-08-14', 730.64, NULL, 'Remain pretty summer black candidate.', '2025-04-19 04:49:24', '2025-04-19 04:49:24'),
(385, 103, 3, '2023-08-19 00:00:00', '2023-08-22', '2023-08-27', 218.03, 19, 'History laugh per data hundred attention.', '2025-04-19 04:49:24', '2025-04-19 04:49:24'),
(386, 26, 3, '2023-05-01 00:00:00', '2023-05-10', '2023-05-14', 870.68, 7, 'Clearly film thank possible challenge then.', '2025-04-19 04:49:24', '2025-04-19 04:49:24'),
(387, 190, 2, '2023-08-31 00:00:00', '2023-09-01', '2023-09-03', 479.37, NULL, 'Drive thus cost agreement.', '2025-04-19 04:49:24', '2025-04-19 04:49:24'),
(388, 125, 3, '2023-05-09 00:00:00', '2023-05-18', '2023-05-25', 611.05, 13, 'Laugh enter until base issue character maybe.', '2025-04-19 04:49:24', '2025-04-19 04:49:24'),
(389, 177, 2, '2023-01-31 00:00:00', '2023-02-04', '2023-02-11', 328.86, NULL, 'Free kid have any him up create.', '2025-04-19 04:49:24', '2025-04-19 04:49:24'),
(390, 191, 3, '2023-05-14 00:00:00', '2023-05-20', '2023-05-23', 604.32, NULL, 'Idea order morning management item.', '2025-04-19 04:49:24', '2025-04-19 04:49:24'),
(391, 6, 4, '2023-03-04 00:00:00', '2023-03-10', '2023-03-17', 711.63, 20, 'Position where detail.', '2025-04-19 04:49:24', '2025-04-19 04:49:24'),
(392, 148, 5, '2023-11-29 00:00:00', '2023-12-08', '2023-12-10', 981.44, NULL, 'Time offer draw.', '2025-04-19 04:49:24', '2025-04-19 04:49:24'),
(393, 84, 5, '2023-09-07 00:00:00', '2023-09-15', '2023-09-16', 442.96, NULL, 'Big difficult per respond hot big safe.', '2025-04-19 04:49:24', '2025-04-19 04:49:24'),
(394, 162, 2, '2023-03-27 00:00:00', '2023-04-02', '2023-04-06', 668.15, NULL, 'Manager commercial data PM relationship.', '2025-04-19 04:49:24', '2025-04-19 04:49:24'),
(395, 19, 1, '2023-03-24 00:00:00', '2023-03-30', '2023-04-01', 382.13, NULL, 'Safe behind me red live.', '2025-04-19 04:49:24', '2025-04-19 04:49:24'),
(396, 155, 4, '2023-05-19 00:00:00', '2023-05-27', '2023-06-03', 876.53, NULL, 'System reach color race coach.', '2025-04-19 04:49:24', '2025-04-19 04:49:24'),
(397, 106, 2, '2023-04-05 00:00:00', '2023-04-06', '2023-04-08', 755.0, 9, 'Tonight center actually listen free concern.', '2025-04-19 04:49:24', '2025-04-19 04:49:24'),
(398, 54, 2, '2023-07-23 00:00:00', '2023-07-25', '2023-07-26', 157.41, 16, 'Thing color set act goal.', '2025-04-19 04:49:24', '2025-04-19 04:49:24'),
(399, 7, 4, '2023-09-26 00:00:00', '2023-09-28', '2023-09-29', 336.21, 5, 'On major easy body standard note wrong.', '2025-04-19 04:49:24', '2025-04-19 04:49:24'),
(400, 168, 4, '2023-06-08 00:00:00', '2023-06-12', '2023-06-14', 763.83, 15, 'Moment cold chair behind fight.', '2025-04-19 04:49:24', '2025-04-19 04:49:24'),
(401, 34, 5, '2023-03-29 00:00:00', '2023-03-30', '2023-03-31', 697.19, NULL, 'Laugh same wrong either main hair.', '2025-04-19 04:49:24', '2025-04-19 04:49:24'),
(402, 120, 5, '2023-05-20 00:00:00', '2023-05-29', '2023-06-02', 221.6, 18, 'Still feeling free.', '2025-04-19 04:49:24', '2025-04-19 04:49:24'),
(403, 152, 5, '2023-08-22 00:00:00', '2023-09-01', '2023-09-05', 571.11, NULL, 'Simple tax total other both rate rock.', '2025-04-19 04:49:24', '2025-04-19 04:49:24'),
(404, 89, 4, '2023-10-04 00:00:00', '2023-10-08', '2023-10-15', 180.6, NULL, 'Challenge improve detail.', '2025-04-19 04:49:24', '2025-04-19 04:49:24'),
(405, 106, 3, '2023-03-21 00:00:00', '2023-03-26', '2023-03-27', 100.08, NULL, 'Ground all officer receive.', '2025-04-19 04:49:24', '2025-04-19 04:49:24'),
(406, 74, 4, '2023-10-01 00:00:00', '2023-10-02', '2023-10-08', 929.88, NULL, 'Grow season create western police whole.', '2025-04-19 04:49:24', '2025-04-19 04:49:24'),
(407, 3, 4, '2023-05-30 00:00:00', '2023-06-09', '2023-06-11', 817.09, NULL, 'Quickly tonight last when money enter quickly thousand.', '2025-04-19 04:49:24', '2025-04-19 04:49:24'),
(408, 49, 4, '2023-10-15 00:00:00', '2023-10-22', '2023-10-26', 324.91, NULL, 'Operation war everybody course often reduce.', '2025-04-19 04:49:24', '2025-04-19 04:49:24'),
(409, 57, 3, '2023-02-10 00:00:00', '2023-02-17', '2023-02-23', 315.61, NULL, 'But somebody note society get body across until.', '2025-04-19 04:49:24', '2025-04-19 04:49:24'),
(410, 73, 5, '2023-05-18 00:00:00', '2023-05-25', '2023-05-27', 868.13, 6, 'Letter change whom perhaps.', '2025-04-19 04:49:24', '2025-04-19 04:49:24'),
(411, 75, 1, '2023-11-23 00:00:00', '2023-12-01', '2023-12-06', 507.49, NULL, 'Field explain son administration.', '2025-04-19 04:49:24', '2025-04-19 04:49:24'),
(412, 49, 3, '2023-01-10 00:00:00', '2023-01-13', '2023-01-14', 972.74, 1, 'Design stay but.', '2025-04-19 04:49:24', '2025-04-19 04:49:24'),
(413, 27, 3, '2023-05-18 00:00:00', '2023-05-21', '2023-05-27', 494.57, 1, 'Figure involve produce a edge go exist.', '2025-04-19 04:49:24', '2025-04-19 04:49:24'),
(414, 24, 2, '2023-01-08 00:00:00', '2023-01-16', '2023-01-18', 407.72, NULL, 'Program shoulder choice beat establish you culture.', '2025-04-19 04:49:24', '2025-04-19 04:49:24'),
(415, 96, 4, '2023-01-17 00:00:00', '2023-01-23', '2023-01-24', 859.19, 5, 'Truth fact allow usually eat question hit human.', '2025-04-19 04:49:24', '2025-04-19 04:49:24'),
(416, 69, 4, '2023-02-06 00:00:00', '2023-02-15', '2023-02-19', 263.44, NULL, 'Throw turn others community.', '2025-04-19 04:49:24', '2025-04-19 04:49:24'),
(417, 4, 1, '2023-05-08 00:00:00', '2023-05-15', '2023-05-22', 977.47, 8, 'Quickly follow official raise current career.', '2025-04-19 04:49:24', '2025-04-19 04:49:24'),
(418, 51, 4, '2023-02-18 00:00:00', '2023-02-27', '2023-03-05', 983.9, NULL, 'Current figure father until leave contain site.', '2025-04-19 04:49:24', '2025-04-19 04:49:24'),
(419, 175, 3, '2023-06-15 00:00:00', '2023-06-18', '2023-06-24', 755.41, 18, 'Benefit money reason mean rate group.', '2025-04-19 04:49:24', '2025-04-19 04:49:24'),
(420, 65, 4, '2023-11-23 00:00:00', '2023-11-28', '2023-11-30', 424.38, 2, 'Into inside improve agree next whatever.', '2025-04-19 04:49:24', '2025-04-19 04:49:24'),
(421, 29, 2, '2023-11-21 00:00:00', '2023-11-28', '2023-12-01', 113.56, 9, 'Because cell trade skill oil health.', '2025-04-19 04:49:24', '2025-04-19 04:49:24'),
(422, 102, 2, '2023-01-05 00:00:00', '2023-01-06', '2023-01-11', 805.13, 16, 'Myself not fall sense hotel idea accept space.', '2025-04-19 04:49:24', '2025-04-19 04:49:24'),
(423, 96, 1, '2023-05-08 00:00:00', '2023-05-11', '2023-05-15', 182.26, NULL, 'Least approach area stop practice four best.', '2025-04-19 04:49:24', '2025-04-19 04:49:24'),
(424, 195, 1, '2023-01-31 00:00:00', '2023-02-06', '2023-02-12', 238.53, 18, 'Not real ten building once.', '2025-04-19 04:49:24', '2025-04-19 04:49:24'),
(425, 33, 4, '2023-04-30 00:00:00', '2023-05-06', '2023-05-11', 809.71, NULL, 'School apply day century science manager difference.', '2025-04-19 04:49:24', '2025-04-19 04:49:24'),
(426, 188, 2, '2023-01-11 00:00:00', '2023-01-18', '2023-01-21', 751.96, 9, 'Feeling financial writer according.', '2025-04-19 04:49:24', '2025-04-19 04:49:24'),
(427, 125, 4, '2023-10-14 00:00:00', '2023-10-19', '2023-10-24', 727.33, 7, 'Perhaps customer attack check they mind easy.', '2025-04-19 04:49:24', '2025-04-19 04:49:24'),
(428, 140, 3, '2023-06-15 00:00:00', '2023-06-23', '2023-06-26', 880.9, 20, 'Listen strategy kitchen argue.', '2025-04-19 04:49:24', '2025-04-19 04:49:24'),
(429, 18, 5, '2023-03-21 00:00:00', '2023-03-29', '2023-04-01', 837.48, NULL, 'Feel low contain dog.', '2025-04-19 04:49:24', '2025-04-19 04:49:24'),
(430, 117, 1, '2023-11-23 00:00:00', '2023-12-02', '2023-12-06', 760.29, NULL, 'Employee partner keep probably but chair against.', '2025-04-19 04:49:24', '2025-04-19 04:49:24'),
(431, 199, 5, '2023-05-03 00:00:00', '2023-05-09', '2023-05-15', 157.01, NULL, 'Stand price color score.', '2025-04-19 04:49:24', '2025-04-19 04:49:24'),
(432, 49, 5, '2023-09-12 00:00:00', '2023-09-21', '2023-09-23', 651.74, NULL, 'Customer lose face beyond open happen every.', '2025-04-19 04:49:24', '2025-04-19 04:49:24'),
(433, 165, 3, '2023-02-26 00:00:00', '2023-02-28', '2023-03-05', 693.0, 2, 'Recently blue indicate interesting agreement lead.', '2025-04-19 04:49:24', '2025-04-19 04:49:24'),
(434, 46, 1, '2023-04-14 00:00:00', '2023-04-16', '2023-04-20', 272.45, NULL, 'Hope oil alone practice price know traditional.', '2025-04-19 04:49:24', '2025-04-19 04:49:24'),
(435, 169, 4, '2023-09-27 00:00:00', '2023-10-07', '2023-10-13', 631.27, NULL, 'While life rich everybody word group.', '2025-04-19 04:49:24', '2025-04-19 04:49:24'),
(436, 57, 5, '2023-02-06 00:00:00', '2023-02-07', '2023-02-09', 690.17, NULL, 'Decision total modern message company charge pretty.', '2025-04-19 04:49:24', '2025-04-19 04:49:24'),
(437, 164, 1, '2023-07-04 00:00:00', '2023-07-13', '2023-07-19', 944.42, NULL, 'Fund resource skill everything several field hour.', '2025-04-19 04:49:24', '2025-04-19 04:49:24'),
(438, 182, 1, '2023-11-12 00:00:00', '2023-11-17', '2023-11-22', 136.59, NULL, 'Heavy line probably office until simple moment.', '2025-04-19 04:49:24', '2025-04-19 04:49:24'),
(439, 20, 2, '2023-09-23 00:00:00', '2023-09-25', '2023-09-26', 752.65, NULL, 'Recently open oil once.', '2025-04-19 04:49:24', '2025-04-19 04:49:24'),
(440, 49, 2, '2023-09-27 00:00:00', '2023-10-01', '2023-10-06', 662.79, NULL, 'Attack ahead run discuss professor material.', '2025-04-19 04:49:24', '2025-04-19 04:49:24'),
(441, 192, 1, '2023-11-23 00:00:00', '2023-12-03', '2023-12-06', 707.04, 14, 'Food discuss sign true somebody black thing.', '2025-04-19 04:49:24', '2025-04-19 04:49:24'),
(442, 43, 2, '2023-10-09 00:00:00', '2023-10-16', '2023-10-21', 403.76, NULL, 'Sense information ask partner boy suggest.', '2025-04-19 04:49:24', '2025-04-19 04:49:24'),
(443, 91, 3, '2023-10-09 00:00:00', '2023-10-15', '2023-10-22', 434.55, NULL, 'Kid hear piece ahead.', '2025-04-19 04:49:24', '2025-04-19 04:49:24'),
(444, 156, 2, '2023-10-16 00:00:00', '2023-10-25', '2023-10-27', 437.56, NULL, 'Fly recognize help writer.', '2025-04-19 04:49:24', '2025-04-19 04:49:24'),
(445, 93, 4, '2023-08-18 00:00:00', '2023-08-25', '2023-08-26', 753.68, 10, 'News cultural make quickly different score its.', '2025-04-19 04:49:24', '2025-04-19 04:49:24'),
(446, 133, 2, '2023-06-04 00:00:00', '2023-06-05', '2023-06-08', 985.95, NULL, 'Speak court old pick protect data special.', '2025-04-19 04:49:24', '2025-04-19 04:49:24'),
(447, 6, 3, '2023-10-11 00:00:00', '2023-10-20', '2023-10-25', 613.6, 19, 'Growth impact national.', '2025-04-19 04:49:24', '2025-04-19 04:49:24'),
(448, 25, 1, '2023-08-24 00:00:00', '2023-08-30', '2023-09-01', 224.57, 12, 'Future radio whatever rock.', '2025-04-19 04:49:24', '2025-04-19 04:49:24'),
(449, 60, 3, '2023-06-03 00:00:00', '2023-06-05', '2023-06-10', 459.82, 7, 'Many strategy now list goal peace next.', '2025-04-19 04:49:24', '2025-04-19 04:49:24'),
(450, 186, 3, '2023-09-05 00:00:00', '2023-09-08', '2023-09-12', 843.13, 19, 'Soon keep personal them.', '2025-04-19 04:49:24', '2025-04-19 04:49:24'),
(451, 153, 3, '2023-01-20 00:00:00', '2023-01-30', '2023-02-03', 170.63, NULL, 'Back site fear brother discover own former.', '2025-04-19 04:49:24', '2025-04-19 04:49:24'),
(452, 90, 4, '2023-08-02 00:00:00', '2023-08-04', '2023-08-11', 793.35, 20, 'Start face stock hospital group.', '2025-04-19 04:49:24', '2025-04-19 04:49:24'),
(453, 163, 4, '2023-01-28 00:00:00', '2023-02-02', '2023-02-07', 137.06, 18, 'Why avoid offer table.', '2025-04-19 04:49:24', '2025-04-19 04:49:24'),
(454, 84, 5, '2023-04-24 00:00:00', '2023-04-27', '2023-04-28', 706.27, NULL, 'Matter human arm recently book likely true enjoy.', '2025-04-19 04:49:24', '2025-04-19 04:49:24'),
(455, 193, 5, '2023-10-22 00:00:00', '2023-10-31', '2023-11-01', 299.88, NULL, 'Allow instead customer.', '2025-04-19 04:49:24', '2025-04-19 04:49:24'),
(456, 38, 2, '2023-06-22 00:00:00', '2023-06-24', '2023-06-28', 614.3, NULL, 'Cause natural safe under.', '2025-04-19 04:49:24', '2025-04-19 04:49:24'),
(457, 68, 1, '2023-07-24 00:00:00', '2023-08-02', '2023-08-06', 796.44, 5, 'Dog authority way toward.', '2025-04-19 04:49:24', '2025-04-19 04:49:24'),
(458, 124, 5, '2023-04-12 00:00:00', '2023-04-20', '2023-04-24', 687.02, 7, 'Generation audience indicate.', '2025-04-19 04:49:24', '2025-04-19 04:49:24'),
(459, 63, 1, '2023-05-17 00:00:00', '2023-05-24', '2023-05-27', 716.26, 19, 'Upon thought long can rich bit market different.', '2025-04-19 04:49:24', '2025-04-19 04:49:24'),
(460, 29, 4, '2023-08-05 00:00:00', '2023-08-11', '2023-08-14', 271.44, 12, 'It field sure will again area.', '2025-04-19 04:49:24', '2025-04-19 04:49:24'),
(461, 198, 3, '2023-03-28 00:00:00', '2023-04-03', '2023-04-08', 839.43, 15, 'Move team radio scene need.', '2025-04-19 04:49:24', '2025-04-19 04:49:24'),
(462, 113, 1, '2023-04-30 00:00:00', '2023-05-04', '2023-05-10', 436.44, 3, 'Hit help by.', '2025-04-19 04:49:24', '2025-04-19 04:49:24'),
(463, 190, 1, '2023-05-05 00:00:00', '2023-05-15', '2023-05-17', 881.88, 10, 'Near break brother past tough goal.', '2025-04-19 04:49:24', '2025-04-19 04:49:24'),
(464, 88, 1, '2023-06-06 00:00:00', '2023-06-14', '2023-06-18', 120.47, 7, 'Job around discussion open dinner section.', '2025-04-19 04:49:24', '2025-04-19 04:49:24'),
(465, 53, 5, '2023-09-25 00:00:00', '2023-09-30', '2023-10-05', 534.72, 5, 'Nothing yard address rest spend baby camera.', '2025-04-19 04:49:24', '2025-04-19 04:49:24'),
(466, 97, 5, '2023-09-27 00:00:00', '2023-09-28', '2023-10-01', 253.29, 10, 'Executive fire own three.', '2025-04-19 04:49:24', '2025-04-19 04:49:24'),
(467, 179, 5, '2023-05-19 00:00:00', '2023-05-20', '2023-05-24', 689.28, 1, 'Can huge price prevent baby.', '2025-04-19 04:49:24', '2025-04-19 04:49:24'),
(468, 100, 3, '2023-07-04 00:00:00', '2023-07-06', '2023-07-07', 363.25, 13, 'Day relate spend today teach kitchen few.', '2025-04-19 04:49:24', '2025-04-19 04:49:24'),
(469, 98, 5, '2023-02-20 00:00:00', '2023-02-26', '2023-03-02', 880.1, 18, 'Sister fall president money environment recently.', '2025-04-19 04:49:24', '2025-04-19 04:49:24'),
(470, 48, 2, '2023-09-14 00:00:00', '2023-09-22', '2023-09-27', 933.71, 1, 'Bit get improve wear main bad treatment.', '2025-04-19 04:49:24', '2025-04-19 04:49:24'),
(471, 64, 5, '2023-06-06 00:00:00', '2023-06-12', '2023-06-16', 454.06, 6, 'Discover score decision head staff center within.', '2025-04-19 04:49:24', '2025-04-19 04:49:24'),
(472, 89, 3, '2023-07-01 00:00:00', '2023-07-06', '2023-07-08', 996.39, NULL, 'Practice law box material almost everyone.', '2025-04-19 04:49:24', '2025-04-19 04:49:24'),
(473, 16, 3, '2023-07-18 00:00:00', '2023-07-19', '2023-07-24', 954.2, 8, 'Feel whole arrive take himself affect.', '2025-04-19 04:49:24', '2025-04-19 04:49:24'),
(474, 88, 4, '2023-03-12 00:00:00', '2023-03-14', '2023-03-20', 443.99, 20, 'His and day continue issue appear.', '2025-04-19 04:49:24', '2025-04-19 04:49:24'),
(475, 107, 2, '2023-10-21 00:00:00', '2023-10-24', '2023-10-28', 973.48, NULL, 'All several visit travel senior.', '2025-04-19 04:49:24', '2025-04-19 04:49:24'),
(476, 115, 5, '2023-03-09 00:00:00', '2023-03-13', '2023-03-19', 224.72, 18, 'Two traditional special opportunity serious game.', '2025-04-19 04:49:24', '2025-04-19 04:49:24'),
(477, 36, 3, '2023-09-26 00:00:00', '2023-09-29', '2023-10-03', 996.12, 5, 'Its into role save arm body hold return.', '2025-04-19 04:49:24', '2025-04-19 04:49:24'),
(478, 82, 1, '2023-10-13 00:00:00', '2023-10-22', '2023-10-28', 206.55, 11, 'Teach visit less occur nothing.', '2025-04-19 04:49:24', '2025-04-19 04:49:24'),
(479, 187, 1, '2023-06-13 00:00:00', '2023-06-20', '2023-06-24', 373.01, 9, 'Employee whether level yeah draw traditional exactly.', '2025-04-19 04:49:24', '2025-04-19 04:49:24'),
(480, 200, 2, '2023-02-24 00:00:00', '2023-02-27', '2023-03-01', 123.58, NULL, 'Beat economic myself front house.', '2025-04-19 04:49:24', '2025-04-19 04:49:24'),
(481, 156, 5, '2023-11-10 00:00:00', '2023-11-14', '2023-11-19', 308.96, NULL, 'Ever environmental economy president sign activity fill produce.', '2025-04-19 04:49:24', '2025-04-19 04:49:24'),
(482, 21, 4, '2023-03-10 00:00:00', '2023-03-19', '2023-03-26', 644.24, 12, 'Summer kitchen admit across already.', '2025-04-19 04:49:24', '2025-04-19 04:49:24'),
(483, 100, 4, '2023-08-31 00:00:00', '2023-09-03', '2023-09-05', 273.93, NULL, 'Lose such design around voice everybody.', '2025-04-19 04:49:24', '2025-04-19 04:49:24'),
(484, 196, 1, '2023-05-19 00:00:00', '2023-05-26', '2023-05-28', 768.13, 7, 'Necessary well key election skill employee manager dinner.', '2025-04-19 04:49:24', '2025-04-19 04:49:24'),
(485, 17, 2, '2023-08-13 00:00:00', '2023-08-23', '2023-08-27', 719.08, 15, 'Chair peace anyone boy.', '2025-04-19 04:49:24', '2025-04-19 04:49:24'),
(486, 110, 4, '2023-01-22 00:00:00', '2023-02-01', '2023-02-07', 841.9, NULL, 'Contain medical key.', '2025-04-19 04:49:24', '2025-04-19 04:49:24'),
(487, 157, 5, '2023-11-01 00:00:00', '2023-11-10', '2023-11-15', 677.25, 2, 'Among response article research else either.', '2025-04-19 04:49:24', '2025-04-19 04:49:24'),
(488, 116, 4, '2023-01-22 00:00:00', '2023-01-26', '2023-01-31', 584.08, NULL, 'Music and doctor board medical both.', '2025-04-19 04:49:24', '2025-04-19 04:49:24'),
(489, 133, 1, '2023-04-08 00:00:00', '2023-04-13', '2023-04-17', 458.24, NULL, 'Down for he state.', '2025-04-19 04:49:24', '2025-04-19 04:49:24'),
(490, 119, 2, '2023-08-05 00:00:00', '2023-08-10', '2023-08-15', 927.13, 17, 'Author interview executive agency parent growth.', '2025-04-19 04:49:24', '2025-04-19 04:49:24'),
(491, 119, 4, '2023-02-16 00:00:00', '2023-02-25', '2023-02-26', 261.79, 19, 'Today hear wall family all happy.', '2025-04-19 04:49:24', '2025-04-19 04:49:24'),
(492, 101, 4, '2023-06-15 00:00:00', '2023-06-23', '2023-06-24', 260.99, 19, 'Us treatment agent participant space.', '2025-04-19 04:49:24', '2025-04-19 04:49:24'),
(493, 117, 1, '2023-05-09 00:00:00', '2023-05-15', '2023-05-21', 683.72, 6, 'Respond score situation require vote her old.', '2025-04-19 04:49:24', '2025-04-19 04:49:24'),
(494, 24, 1, '2023-08-19 00:00:00', '2023-08-25', '2023-08-26', 571.44, 13, 'High young bad back.', '2025-04-19 04:49:24', '2025-04-19 04:49:24'),
(495, 97, 5, '2023-07-14 00:00:00', '2023-07-15', '2023-07-22', 253.8, 11, 'Not young piece safe much.', '2025-04-19 04:49:24', '2025-04-19 04:49:24'),
(496, 42, 2, '2023-04-02 00:00:00', '2023-04-03', '2023-04-07', 377.26, NULL, 'Summer month anything line.', '2025-04-19 04:49:24', '2025-04-19 04:49:24'),
(497, 161, 2, '2023-03-02 00:00:00', '2023-03-05', '2023-03-07', 103.18, 9, 'Minute first crime offer treat forget sometimes.', '2025-04-19 04:49:24', '2025-04-19 04:49:24'),
(498, 118, 4, '2023-09-13 00:00:00', '2023-09-22', '2023-09-29', 105.18, 16, 'Discuss fire win realize knowledge whatever.', '2025-04-19 04:49:24', '2025-04-19 04:49:24'),
(499, 56, 5, '2023-09-01 00:00:00', '2023-09-09', '2023-09-13', 497.69, 20, 'Gun goal measure trip president painting.', '2025-04-19 04:49:24', '2025-04-19 04:49:24'),
(500, 63, 5, '2023-05-23 00:00:00', '2023-06-02', '2023-06-08', 601.79, 7, 'Skill discover still would understand each training.', '2025-04-19 04:49:24', '2025-04-19 04:49:24'),
(501, 48, 2, '2023-01-29 00:00:00', '2023-02-04', '2023-02-05', 230.84, NULL, 'Program painting somebody game brother impact measure chance.', '2025-04-19 04:49:24', '2025-04-19 04:49:24'),
(502, 85, 1, '2023-01-26 00:00:00', '2023-01-28', '2023-02-01', 994.36, NULL, 'Plan significant tonight then administration building enjoy.', '2025-04-19 04:49:24', '2025-04-19 04:49:24'),
(503, 157, 5, '2023-10-21 00:00:00', '2023-10-30', '2023-11-01', 969.66, NULL, 'Represent like big thank street agency cold.', '2025-04-19 04:49:24', '2025-04-19 04:49:24'),
(504, 10, 1, '2023-06-03 00:00:00', '2023-06-09', '2023-06-12', 907.78, NULL, 'Car term truth toward.', '2025-04-19 04:49:24', '2025-04-19 04:49:24'),
(505, 141, 1, '2023-05-30 00:00:00', '2023-06-07', '2023-06-09', 209.82, NULL, 'Camera recent drop fall front station.', '2025-04-19 04:49:24', '2025-04-19 04:49:24'),
(506, 135, 4, '2023-09-26 00:00:00', '2023-09-30', '2023-10-06', 288.15, 2, 'Option pattern yes and school great.', '2025-04-19 04:49:24', '2025-04-19 04:49:24'),
(507, 147, 5, '2023-02-14 00:00:00', '2023-02-22', '2023-02-28', 719.79, NULL, 'Treat piece scientist job serious record safe.', '2025-04-19 04:49:24', '2025-04-19 04:49:24'),
(508, 156, 3, '2023-05-13 00:00:00', '2023-05-22', '2023-05-27', 995.52, 12, 'Trouble view base time order have power here.', '2025-04-19 04:49:24', '2025-04-19 04:49:24'),
(509, 158, 5, '2023-09-12 00:00:00', '2023-09-21', '2023-09-27', 668.67, 16, 'Computer reveal evidence significant discussion manage.', '2025-04-19 04:49:24', '2025-04-19 04:49:24'),
(510, 157, 2, '2023-05-29 00:00:00', '2023-06-02', '2023-06-03', 206.39, 15, 'Nor today oil.', '2025-04-19 04:49:24', '2025-04-19 04:49:24'),
(511, 189, 2, '2023-11-12 00:00:00', '2023-11-19', '2023-11-23', 140.94, 12, 'Expect himself serious well among war.', '2025-04-19 04:49:24', '2025-04-19 04:49:24'),
(512, 3, 2, '2023-05-25 00:00:00', '2023-05-30', '2023-06-06', 161.05, NULL, 'Issue everything they fire girl.', '2025-04-19 04:49:24', '2025-04-19 04:49:24'),
(513, 197, 1, '2023-02-28 00:00:00', '2023-03-06', '2023-03-09', 456.44, 19, 'Budget event keep those.', '2025-04-19 04:49:24', '2025-04-19 04:49:24'),
(514, 45, 2, '2023-06-19 00:00:00', '2023-06-25', '2023-07-01', 531.2, 16, 'Voice else paper blood discuss.', '2025-04-19 04:49:24', '2025-04-19 04:49:24'),
(515, 166, 2, '2023-09-04 00:00:00', '2023-09-07', '2023-09-13', 514.56, NULL, 'Cell deal stuff senior agree.', '2025-04-19 04:49:24', '2025-04-19 04:49:24'),
(516, 119, 4, '2023-01-29 00:00:00', '2023-02-07', '2023-02-10', 608.45, 11, 'Whether music sometimes.', '2025-04-19 04:49:24', '2025-04-19 04:49:24'),
(517, 54, 5, '2023-06-19 00:00:00', '2023-06-25', '2023-06-26', 972.65, 9, 'Major state hard.', '2025-04-19 04:49:24', '2025-04-19 04:49:24'),
(518, 87, 4, '2023-11-17 00:00:00', '2023-11-26', '2023-12-03', 249.37, NULL, 'Walk number rule minute store.', '2025-04-19 04:49:24', '2025-04-19 04:49:24'),
(519, 48, 5, '2023-03-01 00:00:00', '2023-03-06', '2023-03-12', 872.04, NULL, 'Truth respond try build threat.', '2025-04-19 04:49:24', '2025-04-19 04:49:24'),
(520, 106, 1, '2023-09-12 00:00:00', '2023-09-16', '2023-09-19', 506.72, 10, 'Enjoy ten year rule bring government bad.', '2025-04-19 04:49:24', '2025-04-19 04:49:24'),
(521, 135, 3, '2023-03-31 00:00:00', '2023-04-02', '2023-04-05', 806.45, 7, 'Road force medical everybody piece.', '2025-04-19 04:49:24', '2025-04-19 04:49:24'),
(522, 114, 5, '2023-01-13 00:00:00', '2023-01-21', '2023-01-26', 238.67, NULL, 'Public available reach throughout although beyond relate.', '2025-04-19 04:49:24', '2025-04-19 04:49:24'),
(523, 188, 5, '2023-06-08 00:00:00', '2023-06-14', '2023-06-16', 792.53, 4, 'Fish success produce there along play account.', '2025-04-19 04:49:24', '2025-04-19 04:49:24'),
(524, 53, 1, '2023-08-24 00:00:00', '2023-08-31', '2023-09-06', 878.33, 4, 'Only the detail cultural.', '2025-04-19 04:49:24', '2025-04-19 04:49:24'),
(525, 80, 1, '2023-11-01 00:00:00', '2023-11-03', '2023-11-06', 520.19, 2, 'Charge sport safe executive cup then week.', '2025-04-19 04:49:24', '2025-04-19 04:49:24'),
(526, 134, 3, '2023-01-12 00:00:00', '2023-01-22', '2023-01-29', 380.93, NULL, 'About attack newspaper decade concern.', '2025-04-19 04:49:24', '2025-04-19 04:49:24'),
(527, 52, 2, '2023-05-27 00:00:00', '2023-06-01', '2023-06-06', 387.23, 15, 'Read party piece doctor give most.', '2025-04-19 04:49:24', '2025-04-19 04:49:24'),
(528, 70, 2, '2023-03-22 00:00:00', '2023-03-27', '2023-03-28', 113.73, 20, 'There subject themselves property.', '2025-04-19 04:49:24', '2025-04-19 04:49:24'),
(529, 53, 5, '2023-06-29 00:00:00', '2023-07-08', '2023-07-11', 343.95, 10, 'Someone hot ground loss benefit both thing.', '2025-04-19 04:49:24', '2025-04-19 04:49:24'),
(530, 44, 1, '2023-06-09 00:00:00', '2023-06-19', '2023-06-22', 586.52, 2, 'Information language easy interesting computer.', '2025-04-19 04:49:24', '2025-04-19 04:49:24'),
(531, 8, 4, '2023-01-26 00:00:00', '2023-01-28', '2023-02-01', 148.42, NULL, 'Produce girl huge campaign think style.', '2025-04-19 04:49:24', '2025-04-19 04:49:24'),
(532, 46, 5, '2023-10-31 00:00:00', '2023-11-08', '2023-11-13', 420.06, 11, 'Over reach ahead environmental Democrat surface important.', '2025-04-19 04:49:24', '2025-04-19 04:49:24'),
(533, 183, 5, '2023-02-10 00:00:00', '2023-02-18', '2023-02-23', 218.62, 15, 'Sign energy fish hot kind human treatment.', '2025-04-19 04:49:24', '2025-04-19 04:49:24'),
(534, 117, 3, '2023-11-26 00:00:00', '2023-12-04', '2023-12-08', 308.52, 8, 'Magazine despite player animal language.', '2025-04-19 04:49:24', '2025-04-19 04:49:24'),
(535, 158, 3, '2023-07-06 00:00:00', '2023-07-13', '2023-07-15', 729.65, NULL, 'Occur coach deal personal way.', '2025-04-19 04:49:24', '2025-04-19 04:49:24'),
(536, 117, 4, '2023-01-16 00:00:00', '2023-01-18', '2023-01-22', 201.6, NULL, 'Particularly can music wear again here sister four.', '2025-04-19 04:49:24', '2025-04-19 04:49:24'),
(537, 44, 3, '2023-06-28 00:00:00', '2023-07-08', '2023-07-13', 214.65, NULL, 'Short need pressure million gun cup.', '2025-04-19 04:49:24', '2025-04-19 04:49:24'),
(538, 183, 1, '2023-06-16 00:00:00', '2023-06-25', '2023-07-01', 163.83, NULL, 'Study how responsibility face.', '2025-04-19 04:49:24', '2025-04-19 04:49:24'),
(539, 103, 5, '2023-07-31 00:00:00', '2023-08-04', '2023-08-09', 319.32, NULL, 'Treat former democratic safe.', '2025-04-19 04:49:24', '2025-04-19 04:49:24'),
(540, 99, 1, '2023-06-24 00:00:00', '2023-06-28', '2023-07-05', 724.65, NULL, 'Already after wait.', '2025-04-19 04:49:24', '2025-04-19 04:49:24'),
(541, 146, 3, '2023-10-06 00:00:00', '2023-10-10', '2023-10-12', 696.35, NULL, 'May social amount executive.', '2025-04-19 04:49:24', '2025-04-19 04:49:24'),
(542, 30, 5, '2023-11-02 00:00:00', '2023-11-10', '2023-11-13', 599.58, 15, 'Discover significant easy.', '2025-04-19 04:49:24', '2025-04-19 04:49:24'),
(543, 79, 4, '2023-02-05 00:00:00', '2023-02-15', '2023-02-16', 716.96, NULL, 'Seek spend help husband stand.', '2025-04-19 04:49:24', '2025-04-19 04:49:24'),
(544, 84, 4, '2023-11-27 00:00:00', '2023-11-28', '2023-11-29', 295.85, 5, 'Technology baby mean region run.', '2025-04-19 04:49:24', '2025-04-19 04:49:24'),
(545, 194, 2, '2023-03-18 00:00:00', '2023-03-26', '2023-03-31', 362.35, NULL, 'Address store painting.', '2025-04-19 04:49:24', '2025-04-19 04:49:24'),
(546, 51, 2, '2023-06-12 00:00:00', '2023-06-17', '2023-06-22', 814.91, NULL, 'Believe open hospital story.', '2025-04-19 04:49:24', '2025-04-19 04:49:24'),
(547, 184, 3, '2023-02-15 00:00:00', '2023-02-25', '2023-02-26', 650.34, NULL, 'Size interesting sea few learn.', '2025-04-19 04:49:24', '2025-04-19 04:49:24'),
(548, 33, 3, '2023-02-01 00:00:00', '2023-02-07', '2023-02-12', 971.11, NULL, 'Enough prevent likely fact.', '2025-04-19 04:49:24', '2025-04-19 04:49:24'),
(549, 29, 3, '2023-01-16 00:00:00', '2023-01-20', '2023-01-24', 732.0, NULL, 'Develop image everything expect.', '2025-04-19 04:49:24', '2025-04-19 04:49:24'),
(550, 183, 4, '2023-07-27 00:00:00', '2023-08-03', '2023-08-07', 590.61, NULL, 'Media him year road week several research.', '2025-04-19 04:49:24', '2025-04-19 04:49:24'),
(551, 36, 2, '2023-10-12 00:00:00', '2023-10-19', '2023-10-26', 932.03, 14, 'Difference window however discussion have none poor.', '2025-04-19 04:49:24', '2025-04-19 04:49:24'),
(552, 74, 2, '2023-03-10 00:00:00', '2023-03-11', '2023-03-12', 683.55, NULL, 'Century picture base night debate walk.', '2025-04-19 04:49:24', '2025-04-19 04:49:24'),
(553, 169, 4, '2023-03-11 00:00:00', '2023-03-13', '2023-03-15', 678.02, NULL, 'Economic center pattern list rich note discussion should.', '2025-04-19 04:49:24', '2025-04-19 04:49:24'),
(554, 179, 5, '2023-08-06 00:00:00', '2023-08-16', '2023-08-18', 508.95, NULL, 'In scientist strong already ready.', '2025-04-19 04:49:24', '2025-04-19 04:49:24'),
(555, 99, 3, '2023-04-26 00:00:00', '2023-04-29', '2023-05-03', 644.12, NULL, 'Image accept real sense some nation fine present.', '2025-04-19 04:49:24', '2025-04-19 04:49:24'),
(556, 188, 2, '2023-09-14 00:00:00', '2023-09-19', '2023-09-23', 933.91, NULL, 'Leave lot never science run TV.', '2025-04-19 04:49:24', '2025-04-19 04:49:24'),
(557, 9, 1, '2023-10-18 00:00:00', '2023-10-26', '2023-11-01', 431.72, NULL, 'Recognize heart series class security coach.', '2025-04-19 04:49:24', '2025-04-19 04:49:24'),
(558, 177, 1, '2023-03-14 00:00:00', '2023-03-23', '2023-03-30', 985.3, NULL, 'Thank box those manager phone modern.', '2025-04-19 04:49:24', '2025-04-19 04:49:24'),
(559, 133, 1, '2023-09-25 00:00:00', '2023-10-05', '2023-10-06', 320.71, NULL, 'See natural human father.', '2025-04-19 04:49:24', '2025-04-19 04:49:24'),
(560, 157, 1, '2023-06-25 00:00:00', '2023-07-04', '2023-07-11', 109.71, NULL, 'Yet result they even follow threat.', '2025-04-19 04:49:24', '2025-04-19 04:49:24'),
(561, 147, 3, '2023-08-04 00:00:00', '2023-08-10', '2023-08-17', 365.16, 6, 'Practice center model daughter pass research mind.', '2025-04-19 04:49:24', '2025-04-19 04:49:24'),
(562, 178, 5, '2023-06-05 00:00:00', '2023-06-15', '2023-06-18', 155.28, 16, 'Line decision form section you.', '2025-04-19 04:49:24', '2025-04-19 04:49:24'),
(563, 147, 1, '2023-05-30 00:00:00', '2023-06-09', '2023-06-10', 358.13, 3, 'Clearly resource listen fish.', '2025-04-19 04:49:24', '2025-04-19 04:49:24'),
(564, 130, 1, '2023-05-23 00:00:00', '2023-05-28', '2023-05-30', 654.22, NULL, 'Change attack with find.', '2025-04-19 04:49:24', '2025-04-19 04:49:24'),
(565, 4, 1, '2023-11-06 00:00:00', '2023-11-09', '2023-11-14', 765.07, NULL, 'Current behind learn behind person.', '2025-04-19 04:49:24', '2025-04-19 04:49:24'),
(566, 45, 3, '2023-05-01 00:00:00', '2023-05-09', '2023-05-11', 819.43, NULL, 'Choose go next difficult pick until ever star.', '2025-04-19 04:49:24', '2025-04-19 04:49:24'),
(567, 22, 2, '2023-11-01 00:00:00', '2023-11-04', '2023-11-11', 546.35, NULL, 'Once figure person idea effort must.', '2025-04-19 04:49:24', '2025-04-19 04:49:24'),
(568, 61, 4, '2023-11-23 00:00:00', '2023-11-26', '2023-11-28', 619.98, 12, 'Back check room evidence enjoy.', '2025-04-19 04:49:24', '2025-04-19 04:49:24'),
(569, 165, 3, '2023-03-01 00:00:00', '2023-03-02', '2023-03-04', 517.61, NULL, 'Camera mission population him.', '2025-04-19 04:49:24', '2025-04-19 04:49:24'),
(570, 122, 5, '2023-04-30 00:00:00', '2023-05-07', '2023-05-13', 735.05, NULL, 'Sign option everyone southern the protect list.', '2025-04-19 04:49:24', '2025-04-19 04:49:24'),
(571, 38, 5, '2023-08-11 00:00:00', '2023-08-12', '2023-08-15', 934.5, NULL, 'Able discussion describe upon.', '2025-04-19 04:49:24', '2025-04-19 04:49:24'),
(572, 174, 3, '2023-09-29 00:00:00', '2023-09-30', '2023-10-01', 925.94, NULL, 'Chair close themselves follow time appear memory keep.', '2025-04-19 04:49:24', '2025-04-19 04:49:24'),
(573, 157, 3, '2023-06-21 00:00:00', '2023-06-26', '2023-06-29', 822.08, NULL, 'Force matter bring nice help history listen.', '2025-04-19 04:49:24', '2025-04-19 04:49:24'),
(574, 119, 2, '2023-10-29 00:00:00', '2023-11-02', '2023-11-07', 403.67, NULL, 'Stuff first back painting degree.', '2025-04-19 04:49:24', '2025-04-19 04:49:24'),
(575, 141, 1, '2023-01-05 00:00:00', '2023-01-07', '2023-01-08', 470.12, 17, 'Watch street represent style.', '2025-04-19 04:49:24', '2025-04-19 04:49:24'),
(576, 176, 4, '2023-06-29 00:00:00', '2023-07-03', '2023-07-09', 354.97, 7, 'Kid reason economy build tonight present concern.', '2025-04-19 04:49:24', '2025-04-19 04:49:24'),
(577, 7, 5, '2023-02-17 00:00:00', '2023-02-18', '2023-02-23', 690.94, 7, 'Talk side generation interest pay then.', '2025-04-19 04:49:24', '2025-04-19 04:49:24'),
(578, 182, 1, '2023-02-14 00:00:00', '2023-02-24', '2023-02-26', 438.36, 19, 'Him condition section action kind.', '2025-04-19 04:49:24', '2025-04-19 04:49:24'),
(579, 29, 2, '2023-05-10 00:00:00', '2023-05-15', '2023-05-19', 694.43, NULL, 'Crime only foreign treat trouble me actually.', '2025-04-19 04:49:24', '2025-04-19 04:49:24'),
(580, 71, 4, '2023-06-15 00:00:00', '2023-06-20', '2023-06-22', 802.66, 9, 'Almost ever long analysis receive.', '2025-04-19 04:49:24', '2025-04-19 04:49:24'),
(581, 98, 4, '2023-06-20 00:00:00', '2023-06-21', '2023-06-24', 960.05, 9, 'Ever arm occur air responsibility.', '2025-04-19 04:49:24', '2025-04-19 04:49:24'),
(582, 113, 1, '2023-09-09 00:00:00', '2023-09-13', '2023-09-18', 453.37, 16, 'Young place make list themselves seek space.', '2025-04-19 04:49:24', '2025-04-19 04:49:24'),
(583, 37, 5, '2023-08-09 00:00:00', '2023-08-13', '2023-08-18', 679.0, NULL, 'Hard party require.', '2025-04-19 04:49:24', '2025-04-19 04:49:24'),
(584, 27, 1, '2023-02-07 00:00:00', '2023-02-09', '2023-02-14', 754.79, 15, 'That capital information suffer.', '2025-04-19 04:49:24', '2025-04-19 04:49:24'),
(585, 128, 2, '2023-12-01 00:00:00', '2023-12-02', '2023-12-03', 698.15, 9, 'Kitchen report fire teach.', '2025-04-19 04:49:24', '2025-04-19 04:49:24'),
(586, 180, 3, '2023-07-20 00:00:00', '2023-07-30', '2023-07-31', 563.84, NULL, 'Work create pass admit student.', '2025-04-19 04:49:24', '2025-04-19 04:49:24'),
(587, 112, 4, '2023-02-05 00:00:00', '2023-02-14', '2023-02-16', 102.98, 16, 'Today college worry reveal hand add.', '2025-04-19 04:49:24', '2025-04-19 04:49:24'),
(588, 146, 5, '2023-07-03 00:00:00', '2023-07-09', '2023-07-15', 372.55, 2, 'Indicate property article cover seven challenge.', '2025-04-19 04:49:24', '2025-04-19 04:49:24'),
(589, 94, 5, '2023-06-24 00:00:00', '2023-06-26', '2023-07-03', 513.68, 10, 'Base kitchen every cup measure.', '2025-04-19 04:49:24', '2025-04-19 04:49:24'),
(590, 46, 5, '2023-01-21 00:00:00', '2023-01-28', '2023-02-03', 271.9, 13, 'Play success wait find.', '2025-04-19 04:49:24', '2025-04-19 04:49:24'),
(591, 162, 3, '2023-09-07 00:00:00', '2023-09-09', '2023-09-15', 494.19, 7, 'Go game nothing recent not leg break.', '2025-04-19 04:49:24', '2025-04-19 04:49:24'),
(592, 10, 2, '2023-01-13 00:00:00', '2023-01-23', '2023-01-25', 540.31, NULL, 'Consumer beat fish phone.', '2025-04-19 04:49:24', '2025-04-19 04:49:24'),
(593, 128, 5, '2023-08-19 00:00:00', '2023-08-20', '2023-08-21', 405.36, 11, 'Short small design.', '2025-04-19 04:49:24', '2025-04-19 04:49:24'),
(594, 104, 1, '2023-04-19 00:00:00', '2023-04-28', '2023-05-02', 946.08, 18, 'Least theory wall film race wall.', '2025-04-19 04:49:24', '2025-04-19 04:49:24'),
(595, 190, 5, '2023-04-30 00:00:00', '2023-05-02', '2023-05-03', 761.91, 16, 'Section scene financial here expert.', '2025-04-19 04:49:24', '2025-04-19 04:49:24'),
(596, 121, 5, '2023-01-24 00:00:00', '2023-01-28', '2023-02-03', 683.91, 1, 'Cell firm difficult could third.', '2025-04-19 04:49:24', '2025-04-19 04:49:24'),
(597, 162, 1, '2023-06-07 00:00:00', '2023-06-09', '2023-06-13', 650.1, 19, 'Without else keep begin.', '2025-04-19 04:49:24', '2025-04-19 04:49:24'),
(598, 28, 1, '2023-09-12 00:00:00', '2023-09-22', '2023-09-29', 654.07, 3, 'Official give politics last piece story.', '2025-04-19 04:49:24', '2025-04-19 04:49:24'),
(599, 110, 3, '2023-07-25 00:00:00', '2023-07-31', '2023-08-01', 978.27, 19, 'Wear one choose.', '2025-04-19 04:49:24', '2025-04-19 04:49:24'),
(600, 83, 2, '2023-01-24 00:00:00', '2023-02-03', '2023-02-05', 401.95, NULL, 'Decision reduce get specific someone debate record.', '2025-04-19 04:49:24', '2025-04-19 04:49:24'),
(601, 37, 4, '2023-03-28 00:00:00', '2023-04-03', '2023-04-08', 248.51, 8, 'Necessary sea especially message decision design end.', '2025-04-19 04:49:24', '2025-04-19 04:49:24'),
(602, 35, 1, '2023-11-20 00:00:00', '2023-11-30', '2023-12-04', 799.9, NULL, 'Military piece little level.', '2025-04-19 04:49:24', '2025-04-19 04:49:24'),
(603, 21, 1, '2023-01-04 00:00:00', '2023-01-07', '2023-01-08', 736.07, NULL, 'Head help open almost red picture.', '2025-04-19 04:49:24', '2025-04-19 04:49:24'),
(604, 107, 4, '2023-03-06 00:00:00', '2023-03-10', '2023-03-12', 675.84, NULL, 'City little from.', '2025-04-19 04:49:24', '2025-04-19 04:49:24'),
(605, 106, 2, '2023-03-31 00:00:00', '2023-04-10', '2023-04-16', 133.86, NULL, 'Cost group clear national.', '2025-04-19 04:49:24', '2025-04-19 04:49:24'),
(606, 157, 1, '2023-11-18 00:00:00', '2023-11-23', '2023-11-26', 476.91, 18, 'Keep pattern order.', '2025-04-19 04:49:24', '2025-04-19 04:49:24'),
(607, 50, 1, '2023-09-29 00:00:00', '2023-10-01', '2023-10-06', 425.71, 18, 'Room list during rich over lot.', '2025-04-19 04:49:24', '2025-04-19 04:49:24'),
(608, 119, 2, '2023-05-22 00:00:00', '2023-05-23', '2023-05-25', 201.41, NULL, 'Feel wife theory shake too medical.', '2025-04-19 04:49:24', '2025-04-19 04:49:24'),
(609, 128, 2, '2023-03-23 00:00:00', '2023-03-24', '2023-03-25', 680.37, 10, 'International especially officer or clearly coach.', '2025-04-19 04:49:24', '2025-04-19 04:49:24'),
(610, 112, 3, '2023-06-21 00:00:00', '2023-07-01', '2023-07-08', 901.07, 15, 'Though whole wall cup win.', '2025-04-19 04:49:24', '2025-04-19 04:49:24'),
(611, 27, 1, '2023-10-03 00:00:00', '2023-10-06', '2023-10-08', 806.94, 16, 'Candidate four whether wife.', '2025-04-19 04:49:24', '2025-04-19 04:49:24'),
(612, 19, 2, '2023-08-16 00:00:00', '2023-08-26', '2023-08-31', 393.38, NULL, 'Society center get how leave.', '2025-04-19 04:49:24', '2025-04-19 04:49:24'),
(613, 59, 1, '2023-06-16 00:00:00', '2023-06-20', '2023-06-21', 313.41, 14, 'Customer common film continue.', '2025-04-19 04:49:24', '2025-04-19 04:49:24'),
(614, 97, 2, '2023-02-07 00:00:00', '2023-02-15', '2023-02-20', 535.97, 14, 'Job right child new simply.', '2025-04-19 04:49:24', '2025-04-19 04:49:24'),
(615, 56, 5, '2023-08-21 00:00:00', '2023-08-24', '2023-08-28', 436.14, 15, 'Local general likely.', '2025-04-19 04:49:24', '2025-04-19 04:49:24'),
(616, 162, 3, '2023-05-19 00:00:00', '2023-05-23', '2023-05-26', 214.49, 19, 'Recognize tree protect story relationship several.', '2025-04-19 04:49:24', '2025-04-19 04:49:24'),
(617, 72, 2, '2023-02-26 00:00:00', '2023-03-06', '2023-03-10', 476.4, 11, 'Hold five very hundred.', '2025-04-19 04:49:24', '2025-04-19 04:49:24'),
(618, 76, 5, '2023-03-22 00:00:00', '2023-04-01', '2023-04-03', 620.31, 18, 'Today star room interesting hour author.', '2025-04-19 04:49:24', '2025-04-19 04:49:24'),
(619, 23, 4, '2023-09-25 00:00:00', '2023-10-03', '2023-10-10', 996.1, NULL, 'Prove wife agree those concern dog gun.', '2025-04-19 04:49:24', '2025-04-19 04:49:24'),
(620, 119, 3, '2023-01-08 00:00:00', '2023-01-15', '2023-01-21', 885.34, NULL, 'Statement particular seem trip population catch could.', '2025-04-19 04:49:24', '2025-04-19 04:49:24'),
(621, 112, 5, '2023-04-24 00:00:00', '2023-05-04', '2023-05-06', 922.38, NULL, 'Few behavior himself conference character.', '2025-04-19 04:49:24', '2025-04-19 04:49:24'),
(622, 12, 1, '2023-08-29 00:00:00', '2023-09-07', '2023-09-08', 483.13, NULL, 'Hit start alone when instead.', '2025-04-19 04:49:24', '2025-04-19 04:49:24'),
(623, 179, 1, '2023-08-20 00:00:00', '2023-08-28', '2023-08-30', 174.78, NULL, 'Huge military blood south.', '2025-04-19 04:49:24', '2025-04-19 04:49:24'),
(624, 56, 2, '2023-07-03 00:00:00', '2023-07-08', '2023-07-10', 682.88, 3, 'Rather big television sound activity five.', '2025-04-19 04:49:24', '2025-04-19 04:49:24'),
(625, 123, 3, '2023-03-24 00:00:00', '2023-04-01', '2023-04-08', 613.34, 19, 'Medical rather activity president prove institution approach.', '2025-04-19 04:49:24', '2025-04-19 04:49:24'),
(626, 117, 4, '2023-03-12 00:00:00', '2023-03-19', '2023-03-21', 810.87, NULL, 'Else plant page sort late health.', '2025-04-19 04:49:24', '2025-04-19 04:49:24'),
(627, 181, 1, '2023-11-18 00:00:00', '2023-11-20', '2023-11-24', 904.09, 11, 'Republican such will born condition interest service.', '2025-04-19 04:49:24', '2025-04-19 04:49:24'),
(628, 76, 4, '2023-05-19 00:00:00', '2023-05-29', '2023-06-03', 617.71, 7, 'Character front various opportunity.', '2025-04-19 04:49:24', '2025-04-19 04:49:24'),
(629, 159, 3, '2023-01-29 00:00:00', '2023-02-07', '2023-02-13', 427.59, 2, 'Method pass the itself let.', '2025-04-19 04:49:24', '2025-04-19 04:49:24'),
(630, 99, 3, '2023-08-27 00:00:00', '2023-09-06', '2023-09-07', 429.01, 6, 'Business majority happen.', '2025-04-19 04:49:24', '2025-04-19 04:49:24'),
(631, 144, 2, '2023-03-12 00:00:00', '2023-03-18', '2023-03-20', 585.67, 16, 'Rather education front fast standard myself condition ground.', '2025-04-19 04:49:24', '2025-04-19 04:49:24'),
(632, 193, 2, '2023-06-14 00:00:00', '2023-06-20', '2023-06-23', 553.21, NULL, 'Land fear along.', '2025-04-19 04:49:24', '2025-04-19 04:49:24'),
(633, 14, 1, '2023-07-10 00:00:00', '2023-07-16', '2023-07-20', 537.6, 17, 'Ground already school eat.', '2025-04-19 04:49:24', '2025-04-19 04:49:24'),
(634, 121, 5, '2023-09-30 00:00:00', '2023-10-05', '2023-10-09', 658.86, 3, 'Movement call certain management.', '2025-04-19 04:49:24', '2025-04-19 04:49:24'),
(635, 118, 1, '2023-02-11 00:00:00', '2023-02-18', '2023-02-20', 359.54, 3, 'Generation leader pay try tough.', '2025-04-19 04:49:24', '2025-04-19 04:49:24'),
(636, 43, 3, '2023-02-27 00:00:00', '2023-03-02', '2023-03-06', 235.45, 7, 'Notice American force although participant rich speech.', '2025-04-19 04:49:24', '2025-04-19 04:49:24'),
(637, 76, 4, '2023-10-05 00:00:00', '2023-10-08', '2023-10-12', 412.03, 15, 'High woman bad until.', '2025-04-19 04:49:24', '2025-04-19 04:49:24'),
(638, 75, 2, '2023-02-02 00:00:00', '2023-02-03', '2023-02-10', 821.79, NULL, 'Institution against wear either present.', '2025-04-19 04:49:24', '2025-04-19 04:49:24'),
(639, 106, 5, '2023-06-25 00:00:00', '2023-07-01', '2023-07-05', 634.02, NULL, 'Student item bring court.', '2025-04-19 04:49:24', '2025-04-19 04:49:24'),
(640, 118, 3, '2023-10-18 00:00:00', '2023-10-21', '2023-10-28', 375.85, 9, 'Yet past much soldier reason.', '2025-04-19 04:49:24', '2025-04-19 04:49:24'),
(641, 124, 3, '2023-05-28 00:00:00', '2023-05-29', '2023-05-31', 417.81, 15, 'Hear list set.', '2025-04-19 04:49:24', '2025-04-19 04:49:24'),
(642, 159, 2, '2023-10-02 00:00:00', '2023-10-07', '2023-10-09', 975.89, 5, 'Ever read control maybe animal human.', '2025-04-19 04:49:24', '2025-04-19 04:49:24'),
(643, 61, 1, '2023-01-22 00:00:00', '2023-01-28', '2023-02-02', 213.83, NULL, 'Question evening imagine affect.', '2025-04-19 04:49:24', '2025-04-19 04:49:24'),
(644, 48, 2, '2023-10-15 00:00:00', '2023-10-16', '2023-10-22', 385.25, 12, 'Price ever leg so play best.', '2025-04-19 04:49:24', '2025-04-19 04:49:24'),
(645, 96, 4, '2023-10-04 00:00:00', '2023-10-07', '2023-10-12', 371.4, NULL, 'Adult foot as explain Republican.', '2025-04-19 04:49:24', '2025-04-19 04:49:24'),
(646, 128, 2, '2023-08-23 00:00:00', '2023-08-29', '2023-08-31', 103.86, NULL, 'Onto play forget home upon actually future.', '2025-04-19 04:49:24', '2025-04-19 04:49:24'),
(647, 166, 3, '2023-08-31 00:00:00', '2023-09-05', '2023-09-12', 982.62, 19, 'State charge take material mother color.', '2025-04-19 04:49:24', '2025-04-19 04:49:24'),
(648, 145, 4, '2023-06-23 00:00:00', '2023-06-25', '2023-07-01', 531.08, 2, 'Eight allow system whose place no.', '2025-04-19 04:49:24', '2025-04-19 04:49:24'),
(649, 174, 5, '2023-03-01 00:00:00', '2023-03-06', '2023-03-07', 461.47, NULL, 'Bar security morning fight seem later.', '2025-04-19 04:49:24', '2025-04-19 04:49:24'),
(650, 92, 1, '2023-06-17 00:00:00', '2023-06-18', '2023-06-23', 677.18, 19, 'Ahead person coach goal it yet age.', '2025-04-19 04:49:24', '2025-04-19 04:49:24'),
(651, 197, 3, '2023-04-11 00:00:00', '2023-04-12', '2023-04-13', 584.57, 15, 'News make doctor TV capital.', '2025-04-19 04:49:24', '2025-04-19 04:49:24'),
(652, 132, 4, '2023-04-10 00:00:00', '2023-04-18', '2023-04-21', 642.85, 17, 'We but how deep book eye ten short.', '2025-04-19 04:49:24', '2025-04-19 04:49:24'),
(653, 171, 3, '2023-07-23 00:00:00', '2023-07-26', '2023-08-01', 868.42, NULL, 'Nearly goal design too everything side.', '2025-04-19 04:49:24', '2025-04-19 04:49:24'),
(654, 96, 1, '2023-05-26 00:00:00', '2023-06-01', '2023-06-04', 377.28, 15, 'Black those whether seven fish movie hot teacher.', '2025-04-19 04:49:24', '2025-04-19 04:49:24'),
(655, 56, 4, '2023-08-01 00:00:00', '2023-08-09', '2023-08-12', 247.41, NULL, 'Series experience under church them hundred about.', '2025-04-19 04:49:24', '2025-04-19 04:49:24'),
(656, 36, 5, '2023-11-03 00:00:00', '2023-11-05', '2023-11-07', 287.01, NULL, 'Several prevent raise better oil individual.', '2025-04-19 04:49:24', '2025-04-19 04:49:24'),
(657, 17, 5, '2023-07-12 00:00:00', '2023-07-14', '2023-07-15', 468.51, NULL, 'Improve player peace catch people your.', '2025-04-19 04:49:24', '2025-04-19 04:49:24'),
(658, 45, 5, '2023-08-25 00:00:00', '2023-09-04', '2023-09-11', 923.38, 7, 'Number impact age particular coach personal range weight.', '2025-04-19 04:49:24', '2025-04-19 04:49:24'),
(659, 98, 3, '2023-10-11 00:00:00', '2023-10-19', '2023-10-20', 840.52, NULL, 'Sea third pressure.', '2025-04-19 04:49:24', '2025-04-19 04:49:24'),
(660, 127, 5, '2023-08-26 00:00:00', '2023-08-30', '2023-08-31', 812.1, NULL, 'Memory cover tree leader rich dream line.', '2025-04-19 04:49:24', '2025-04-19 04:49:24'),
(661, 77, 4, '2023-03-05 00:00:00', '2023-03-10', '2023-03-14', 261.44, 8, 'Follow fall thus debate leave.', '2025-04-19 04:49:24', '2025-04-19 04:49:24'),
(662, 31, 3, '2023-09-10 00:00:00', '2023-09-12', '2023-09-17', 771.01, NULL, 'Raise kitchen drop computer left.', '2025-04-19 04:49:24', '2025-04-19 04:49:24'),
(663, 145, 4, '2023-05-13 00:00:00', '2023-05-21', '2023-05-27', 836.45, 12, 'Sound study the training.', '2025-04-19 04:49:24', '2025-04-19 04:49:24'),
(664, 67, 2, '2023-10-25 00:00:00', '2023-10-26', '2023-10-28', 387.71, NULL, 'Left while according allow quality.', '2025-04-19 04:49:24', '2025-04-19 04:49:24'),
(665, 42, 1, '2023-05-20 00:00:00', '2023-05-26', '2023-05-30', 672.62, 12, 'Yet television audience indicate employee respond building.', '2025-04-19 04:49:24', '2025-04-19 04:49:24'),
(666, 75, 3, '2023-09-29 00:00:00', '2023-10-01', '2023-10-06', 274.43, 6, 'Positive move agency lose rise fall huge state.', '2025-04-19 04:49:24', '2025-04-19 04:49:24'),
(667, 154, 2, '2023-10-06 00:00:00', '2023-10-12', '2023-10-19', 384.59, NULL, 'Guy respond memory.', '2025-04-19 04:49:24', '2025-04-19 04:49:24'),
(668, 176, 3, '2023-02-19 00:00:00', '2023-02-28', '2023-03-05', 416.47, 5, 'Investment buy certainly energy stay send.', '2025-04-19 04:49:24', '2025-04-19 04:49:24'),
(669, 36, 5, '2023-05-25 00:00:00', '2023-05-31', '2023-06-07', 536.41, 11, 'Reveal hand prevent center.', '2025-04-19 04:49:24', '2025-04-19 04:49:24'),
(670, 27, 2, '2023-03-21 00:00:00', '2023-03-30', '2023-04-01', 848.42, 18, 'Somebody decide best politics available.', '2025-04-19 04:49:24', '2025-04-19 04:49:24'),
(671, 107, 4, '2023-02-09 00:00:00', '2023-02-11', '2023-02-18', 218.11, NULL, 'Sell serious garden ready former late election.', '2025-04-19 04:49:24', '2025-04-19 04:49:24'),
(672, 90, 3, '2023-07-05 00:00:00', '2023-07-08', '2023-07-15', 497.74, NULL, 'Organization seven challenge eye determine.', '2025-04-19 04:49:24', '2025-04-19 04:49:24'),
(673, 45, 3, '2023-01-15 00:00:00', '2023-01-17', '2023-01-19', 215.84, 5, 'Nor research fill respond nothing fight.', '2025-04-19 04:49:24', '2025-04-19 04:49:24'),
(674, 79, 2, '2023-04-18 00:00:00', '2023-04-21', '2023-04-22', 482.32, 4, 'Pull child source campaign parent teacher.', '2025-04-19 04:49:24', '2025-04-19 04:49:24'),
(675, 5, 4, '2023-08-09 00:00:00', '2023-08-10', '2023-08-12', 197.04, 17, 'Pm agreement deep field once.', '2025-04-19 04:49:24', '2025-04-19 04:49:24'),
(676, 121, 1, '2023-05-10 00:00:00', '2023-05-11', '2023-05-12', 371.48, 1, 'Hair meet thank might local.', '2025-04-19 04:49:24', '2025-04-19 04:49:24'),
(677, 32, 5, '2023-04-16 00:00:00', '2023-04-26', '2023-04-28', 266.3, 12, 'Win popular onto may.', '2025-04-19 04:49:24', '2025-04-19 04:49:24'),
(678, 24, 2, '2023-05-23 00:00:00', '2023-06-02', '2023-06-05', 416.98, 17, 'Hear tend magazine college moment compare today.', '2025-04-19 04:49:24', '2025-04-19 04:49:24'),
(679, 130, 5, '2023-02-04 00:00:00', '2023-02-06', '2023-02-13', 620.32, 1, 'Protect ask different.', '2025-04-19 04:49:24', '2025-04-19 04:49:24'),
(680, 184, 2, '2023-05-25 00:00:00', '2023-05-28', '2023-06-04', 583.41, 4, 'Difference everything sing smile practice.', '2025-04-19 04:49:24', '2025-04-19 04:49:24'),
(681, 130, 4, '2023-07-07 00:00:00', '2023-07-17', '2023-07-19', 495.7, 4, 'Material notice police activity second standard.', '2025-04-19 04:49:24', '2025-04-19 04:49:24'),
(682, 91, 4, '2023-08-06 00:00:00', '2023-08-10', '2023-08-15', 304.8, NULL, 'Together scientist hair allow phone weight medical.', '2025-04-19 04:49:24', '2025-04-19 04:49:24'),
(683, 32, 4, '2023-02-26 00:00:00', '2023-03-07', '2023-03-09', 546.23, NULL, 'Network movement scientist their wife.', '2025-04-19 04:49:24', '2025-04-19 04:49:24'),
(684, 143, 1, '2023-02-12 00:00:00', '2023-02-18', '2023-02-22', 204.15, NULL, 'Land mission each something.', '2025-04-19 04:49:24', '2025-04-19 04:49:24'),
(685, 154, 3, '2023-08-16 00:00:00', '2023-08-20', '2023-08-25', 466.55, 14, 'Ready practice each ready.', '2025-04-19 04:49:24', '2025-04-19 04:49:24'),
(686, 18, 4, '2023-07-08 00:00:00', '2023-07-11', '2023-07-12', 998.85, 16, 'Concern without entire everyone sea safe true.', '2025-04-19 04:49:24', '2025-04-19 04:49:24'),
(687, 102, 4, '2023-09-25 00:00:00', '2023-09-27', '2023-09-28', 229.03, 13, 'Mission article dinner one.', '2025-04-19 04:49:24', '2025-04-19 04:49:24'),
(688, 190, 2, '2023-02-03 00:00:00', '2023-02-09', '2023-02-11', 404.77, NULL, 'Local better think anything so authority long kind.', '2025-04-19 04:49:24', '2025-04-19 04:49:24'),
(689, 32, 2, '2023-08-06 00:00:00', '2023-08-14', '2023-08-17', 788.34, NULL, 'Culture my Democrat maintain notice ok technology.', '2025-04-19 04:49:24', '2025-04-19 04:49:24'),
(690, 194, 4, '2023-07-02 00:00:00', '2023-07-10', '2023-07-16', 642.85, NULL, 'Result kind politics open.', '2025-04-19 04:49:24', '2025-04-19 04:49:24'),
(691, 131, 3, '2023-03-17 00:00:00', '2023-03-25', '2023-03-26', 209.97, NULL, 'Sense yeah edge imagine establish piece forget low.', '2025-04-19 04:49:24', '2025-04-19 04:49:24'),
(692, 60, 2, '2023-01-16 00:00:00', '2023-01-18', '2023-01-24', 147.57, NULL, 'Week federal test eat every.', '2025-04-19 04:49:24', '2025-04-19 04:49:24'),
(693, 174, 1, '2023-04-02 00:00:00', '2023-04-09', '2023-04-14', 711.28, NULL, 'Me personal born series consider according throw.', '2025-04-19 04:49:24', '2025-04-19 04:49:24'),
(694, 160, 5, '2023-02-19 00:00:00', '2023-02-21', '2023-02-27', 776.45, NULL, 'Like clear assume it fight understand kitchen.', '2025-04-19 04:49:24', '2025-04-19 04:49:24'),
(695, 52, 3, '2023-09-12 00:00:00', '2023-09-20', '2023-09-25', 335.5, 11, 'State cover board discussion film figure short.', '2025-04-19 04:49:24', '2025-04-19 04:49:24'),
(696, 196, 1, '2023-08-09 00:00:00', '2023-08-11', '2023-08-15', 505.1, NULL, 'Bill feel participant number choice choose short.', '2025-04-19 04:49:24', '2025-04-19 04:49:24'),
(697, 118, 1, '2023-01-17 00:00:00', '2023-01-20', '2023-01-25', 693.47, 10, 'System particular church what.', '2025-04-19 04:49:24', '2025-04-19 04:49:24'),
(698, 126, 4, '2023-03-10 00:00:00', '2023-03-15', '2023-03-21', 450.17, NULL, 'President small sister especially usually line task.', '2025-04-19 04:49:24', '2025-04-19 04:49:24'),
(699, 169, 5, '2023-10-04 00:00:00', '2023-10-14', '2023-10-18', 528.32, 6, 'He fill risk stop firm.', '2025-04-19 04:49:24', '2025-04-19 04:49:24'),
(700, 101, 3, '2023-09-11 00:00:00', '2023-09-21', '2023-09-25', 655.25, NULL, 'Interesting hour individual several identify.', '2025-04-19 04:49:24', '2025-04-19 04:49:24'),
(701, 83, 1, '2023-01-15 00:00:00', '2023-01-25', '2023-01-26', 215.38, NULL, 'Government south window short affect region.', '2025-04-19 04:49:24', '2025-04-19 04:49:24'),
(702, 190, 5, '2023-01-14 00:00:00', '2023-01-20', '2023-01-24', 187.62, NULL, 'Product eight strategy age into.', '2025-04-19 04:49:24', '2025-04-19 04:49:24'),
(703, 106, 3, '2023-01-29 00:00:00', '2023-02-02', '2023-02-04', 311.16, 10, 'For nice current Democrat me task.', '2025-04-19 04:49:24', '2025-04-19 04:49:24'),
(704, 177, 1, '2023-06-06 00:00:00', '2023-06-08', '2023-06-11', 252.8, NULL, 'Avoid civil reveal walk.', '2025-04-19 04:49:24', '2025-04-19 04:49:24'),
(705, 10, 4, '2023-08-05 00:00:00', '2023-08-15', '2023-08-20', 911.27, 9, 'Like wife animal process reach training main exactly.', '2025-04-19 04:49:24', '2025-04-19 04:49:24'),
(706, 179, 4, '2023-10-29 00:00:00', '2023-10-30', '2023-11-02', 439.96, NULL, 'Only arrive argue garden Mrs just exist line.', '2025-04-19 04:49:24', '2025-04-19 04:49:24'),
(707, 147, 1, '2023-09-08 00:00:00', '2023-09-10', '2023-09-16', 707.6, NULL, 'Foot simple including charge.', '2025-04-19 04:49:24', '2025-04-19 04:49:24'),
(708, 129, 3, '2023-03-27 00:00:00', '2023-04-06', '2023-04-09', 427.0, 14, 'Operation off no just.', '2025-04-19 04:49:24', '2025-04-19 04:49:24'),
(709, 128, 1, '2023-10-02 00:00:00', '2023-10-06', '2023-10-09', 338.64, NULL, 'Of several end most fact against.', '2025-04-19 04:49:24', '2025-04-19 04:49:24'),
(710, 58, 5, '2023-02-17 00:00:00', '2023-02-27', '2023-02-28', 632.68, 9, 'That recognize school whatever.', '2025-04-19 04:49:24', '2025-04-19 04:49:24'),
(711, 146, 5, '2023-09-01 00:00:00', '2023-09-08', '2023-09-10', 412.58, NULL, 'Toward knowledge this contain life leave.', '2025-04-19 04:49:24', '2025-04-19 04:49:24'),
(712, 130, 3, '2023-08-10 00:00:00', '2023-08-19', '2023-08-22', 280.07, NULL, 'Current will else page usually cell.', '2025-04-19 04:49:24', '2025-04-19 04:49:24'),
(713, 160, 5, '2023-08-21 00:00:00', '2023-08-30', '2023-09-01', 892.81, 17, 'Interview south something story art writer.', '2025-04-19 04:49:24', '2025-04-19 04:49:24'),
(714, 148, 4, '2023-04-20 00:00:00', '2023-04-28', '2023-05-01', 943.45, NULL, 'Administration join allow mean sometimes so.', '2025-04-19 04:49:24', '2025-04-19 04:49:24'),
(715, 145, 1, '2023-09-25 00:00:00', '2023-09-29', '2023-10-02', 516.24, 8, 'Executive free attack away begin next both.', '2025-04-19 04:49:24', '2025-04-19 04:49:24'),
(716, 192, 3, '2023-08-11 00:00:00', '2023-08-18', '2023-08-21', 874.17, 3, 'Sometimes suffer because two.', '2025-04-19 04:49:24', '2025-04-19 04:49:24'),
(717, 106, 3, '2023-05-27 00:00:00', '2023-05-30', '2023-06-02', 718.17, NULL, 'Practice course authority range stand letter threat yes.', '2025-04-19 04:49:24', '2025-04-19 04:49:24'),
(718, 62, 1, '2023-03-18 00:00:00', '2023-03-22', '2023-03-23', 321.03, NULL, 'Practice authority possible fund.', '2025-04-19 04:49:24', '2025-04-19 04:49:24'),
(719, 125, 5, '2023-08-12 00:00:00', '2023-08-19', '2023-08-25', 915.09, 7, 'Sit science way threat husband family perhaps.', '2025-04-19 04:49:24', '2025-04-19 04:49:24'),
(720, 70, 2, '2023-01-15 00:00:00', '2023-01-20', '2023-01-27', 823.18, 18, 'Affect different interview else development purpose.', '2025-04-19 04:49:24', '2025-04-19 04:49:24'),
(721, 165, 1, '2023-09-06 00:00:00', '2023-09-07', '2023-09-08', 873.63, NULL, 'Mother president customer start understand throw.', '2025-04-19 04:49:24', '2025-04-19 04:49:24'),
(722, 155, 3, '2023-02-02 00:00:00', '2023-02-09', '2023-02-12', 704.5, NULL, 'Check significant deal consider ago own suddenly.', '2025-04-19 04:49:24', '2025-04-19 04:49:24'),
(723, 186, 2, '2023-05-01 00:00:00', '2023-05-03', '2023-05-08', 761.03, NULL, 'Music west force firm.', '2025-04-19 04:49:24', '2025-04-19 04:49:24'),
(724, 128, 1, '2023-05-02 00:00:00', '2023-05-12', '2023-05-13', 795.87, NULL, 'Probably cut clear yard do.', '2025-04-19 04:49:24', '2025-04-19 04:49:24'),
(725, 150, 4, '2023-05-01 00:00:00', '2023-05-08', '2023-05-10', 229.85, 6, 'Sign agree there want but.', '2025-04-19 04:49:24', '2025-04-19 04:49:24'),
(726, 71, 4, '2023-07-29 00:00:00', '2023-08-03', '2023-08-10', 630.53, NULL, 'Agent test take decade any just.', '2025-04-19 04:49:24', '2025-04-19 04:49:24'),
(727, 180, 1, '2023-06-12 00:00:00', '2023-06-21', '2023-06-25', 527.37, NULL, 'Day herself sport behavior compare.', '2025-04-19 04:49:24', '2025-04-19 04:49:24'),
(728, 38, 3, '2023-09-01 00:00:00', '2023-09-07', '2023-09-14', 377.35, 20, 'Right business series build major painting see first.', '2025-04-19 04:49:24', '2025-04-19 04:49:24'),
(729, 190, 1, '2023-05-03 00:00:00', '2023-05-08', '2023-05-13', 446.22, 12, 'Decision before medical long meet.', '2025-04-19 04:49:24', '2025-04-19 04:49:24'),
(730, 137, 2, '2023-08-15 00:00:00', '2023-08-22', '2023-08-23', 918.81, NULL, 'Administration herself information which beyond growth finally.', '2025-04-19 04:49:24', '2025-04-19 04:49:24'),
(731, 78, 1, '2023-05-01 00:00:00', '2023-05-06', '2023-05-08', 873.48, NULL, 'Its summer feel yourself.', '2025-04-19 04:49:24', '2025-04-19 04:49:24'),
(732, 162, 3, '2023-11-26 00:00:00', '2023-12-03', '2023-12-10', 130.49, NULL, 'Practice special then administration.', '2025-04-19 04:49:24', '2025-04-19 04:49:24'),
(733, 121, 4, '2023-06-20 00:00:00', '2023-06-27', '2023-07-04', 190.36, NULL, 'Role today animal suggest concern.', '2025-04-19 04:49:24', '2025-04-19 04:49:24'),
(734, 130, 1, '2023-06-30 00:00:00', '2023-07-07', '2023-07-12', 756.31, NULL, 'Campaign choose reason.', '2025-04-19 04:49:24', '2025-04-19 04:49:24'),
(735, 117, 1, '2023-01-27 00:00:00', '2023-01-30', '2023-02-05', 499.06, 5, 'Article sort term.', '2025-04-19 04:49:24', '2025-04-19 04:49:24'),
(736, 103, 2, '2023-11-18 00:00:00', '2023-11-23', '2023-11-26', 618.23, 4, 'He increase church common view.', '2025-04-19 04:49:24', '2025-04-19 04:49:24'),
(737, 64, 5, '2023-11-29 00:00:00', '2023-12-02', '2023-12-09', 634.61, NULL, 'Score special consider these.', '2025-04-19 04:49:24', '2025-04-19 04:49:24'),
(738, 116, 4, '2023-03-10 00:00:00', '2023-03-15', '2023-03-17', 718.72, NULL, 'Skill air daughter idea.', '2025-04-19 04:49:24', '2025-04-19 04:49:24'),
(739, 51, 1, '2023-08-01 00:00:00', '2023-08-07', '2023-08-09', 454.14, 13, 'Training enter fly situation former threat.', '2025-04-19 04:49:24', '2025-04-19 04:49:24'),
(740, 6, 1, '2023-10-13 00:00:00', '2023-10-23', '2023-10-29', 305.84, NULL, 'Same certain imagine.', '2025-04-19 04:49:24', '2025-04-19 04:49:24'),
(741, 51, 3, '2023-03-28 00:00:00', '2023-03-29', '2023-04-02', 656.2, NULL, 'Help out modern citizen address today begin.', '2025-04-19 04:49:24', '2025-04-19 04:49:24'),
(742, 39, 1, '2023-07-08 00:00:00', '2023-07-11', '2023-07-16', 205.62, NULL, 'Both little work task.', '2025-04-19 04:49:24', '2025-04-19 04:49:24'),
(743, 198, 4, '2023-09-11 00:00:00', '2023-09-13', '2023-09-15', 742.21, NULL, 'Key tax speak a live tonight either.', '2025-04-19 04:49:24', '2025-04-19 04:49:24'),
(744, 74, 4, '2023-07-15 00:00:00', '2023-07-18', '2023-07-22', 870.7, 20, 'Prevent half party respond local see.', '2025-04-19 04:49:24', '2025-04-19 04:49:24'),
(745, 73, 2, '2023-08-03 00:00:00', '2023-08-06', '2023-08-10', 813.22, NULL, 'Cultural despite candidate walk difficult bank believe.', '2025-04-19 04:49:24', '2025-04-19 04:49:24'),
(746, 68, 2, '2023-11-13 00:00:00', '2023-11-21', '2023-11-23', 432.67, 15, 'Executive past economic economy role feeling.', '2025-04-19 04:49:24', '2025-04-19 04:49:24'),
(747, 3, 4, '2023-03-10 00:00:00', '2023-03-16', '2023-03-22', 457.8, NULL, 'Property mind officer third service capital instead.', '2025-04-19 04:49:24', '2025-04-19 04:49:24'),
(748, 182, 4, '2023-11-02 00:00:00', '2023-11-07', '2023-11-08', 185.75, 2, 'Often various alone town.', '2025-04-19 04:49:24', '2025-04-19 04:49:24'),
(749, 86, 2, '2023-08-30 00:00:00', '2023-09-05', '2023-09-10', 945.39, 20, 'Place some woman add play structure.', '2025-04-19 04:49:24', '2025-04-19 04:49:24'),
(750, 2, 3, '2023-09-16 00:00:00', '2023-09-26', '2023-09-30', 372.26, NULL, 'Class follow occur low gas.', '2025-04-19 04:49:24', '2025-04-19 04:49:24'),
(751, 34, 5, '2023-01-22 00:00:00', '2023-02-01', '2023-02-03', 334.26, NULL, 'Thank wife if yeah law enjoy key seat.', '2025-04-19 04:49:24', '2025-04-19 04:49:24'),
(752, 87, 4, '2023-03-09 00:00:00', '2023-03-11', '2023-03-14', 739.23, 14, 'Under front throughout effort southern maintain nature.', '2025-04-19 04:49:24', '2025-04-19 04:49:24'),
(753, 67, 1, '2023-06-10 00:00:00', '2023-06-11', '2023-06-13', 549.29, NULL, 'Property garden mind as.', '2025-04-19 04:49:24', '2025-04-19 04:49:24'),
(754, 111, 3, '2023-05-15 00:00:00', '2023-05-25', '2023-06-01', 785.41, NULL, 'Interview agent myself behind window store.', '2025-04-19 04:49:24', '2025-04-19 04:49:24'),
(755, 112, 2, '2023-06-11 00:00:00', '2023-06-19', '2023-06-26', 955.05, NULL, 'Nearly fast their film.', '2025-04-19 04:49:24', '2025-04-19 04:49:24'),
(756, 14, 2, '2023-03-18 00:00:00', '2023-03-19', '2023-03-21', 264.83, NULL, 'Network vote whom will consumer star.', '2025-04-19 04:49:24', '2025-04-19 04:49:24'),
(757, 42, 4, '2023-08-12 00:00:00', '2023-08-14', '2023-08-18', 136.71, NULL, 'Crime style develop admit safe government over.', '2025-04-19 04:49:24', '2025-04-19 04:49:24'),
(758, 118, 4, '2023-02-27 00:00:00', '2023-03-02', '2023-03-03', 414.64, NULL, 'None most another mouth.', '2025-04-19 04:49:24', '2025-04-19 04:49:24'),
(759, 47, 2, '2023-09-18 00:00:00', '2023-09-23', '2023-09-28', 901.81, 19, 'Discover water most hear beyond close plant.', '2025-04-19 04:49:24', '2025-04-19 04:49:24'),
(760, 150, 1, '2023-09-27 00:00:00', '2023-10-07', '2023-10-09', 474.78, 3, 'Difficult us respond must western interest dark any.', '2025-04-19 04:49:24', '2025-04-19 04:49:24'),
(761, 197, 4, '2023-02-18 00:00:00', '2023-02-24', '2023-02-25', 355.85, NULL, 'Fast too will throw life carry.', '2025-04-19 04:49:24', '2025-04-19 04:49:24'),
(762, 96, 5, '2023-02-24 00:00:00', '2023-03-02', '2023-03-04', 125.99, NULL, 'A edge new find type.', '2025-04-19 04:49:24', '2025-04-19 04:49:24'),
(763, 117, 3, '2023-11-01 00:00:00', '2023-11-02', '2023-11-05', 972.79, NULL, 'Order at sense cell lose civil will with.', '2025-04-19 04:49:24', '2025-04-19 04:49:24'),
(764, 84, 5, '2023-03-08 00:00:00', '2023-03-12', '2023-03-19', 143.81, NULL, 'Hospital city industry option eat.', '2025-04-19 04:49:24', '2025-04-19 04:49:24'),
(765, 15, 1, '2023-10-08 00:00:00', '2023-10-18', '2023-10-22', 183.3, 9, 'Audience white everybody throughout but science.', '2025-04-19 04:49:24', '2025-04-19 04:49:24'),
(766, 62, 4, '2023-02-15 00:00:00', '2023-02-16', '2023-02-23', 287.4, NULL, 'Day central every force.', '2025-04-19 04:49:24', '2025-04-19 04:49:24'),
(767, 73, 2, '2023-03-03 00:00:00', '2023-03-08', '2023-03-12', 820.99, 10, 'Minute modern sign out.', '2025-04-19 04:49:24', '2025-04-19 04:49:24'),
(768, 92, 1, '2023-07-08 00:00:00', '2023-07-17', '2023-07-19', 540.66, NULL, 'Produce federal by sea lawyer.', '2025-04-19 04:49:24', '2025-04-19 04:49:24'),
(769, 69, 5, '2023-11-04 00:00:00', '2023-11-11', '2023-11-12', 780.84, 12, 'They senior result themselves.', '2025-04-19 04:49:24', '2025-04-19 04:49:24'),
(770, 112, 4, '2023-02-17 00:00:00', '2023-02-18', '2023-02-23', 407.57, 15, 'High through both.', '2025-04-19 04:49:24', '2025-04-19 04:49:24'),
(771, 166, 2, '2023-09-11 00:00:00', '2023-09-20', '2023-09-26', 682.5, NULL, 'International collection report tend maintain fact mission.', '2025-04-19 04:49:24', '2025-04-19 04:49:24'),
(772, 120, 4, '2023-02-10 00:00:00', '2023-02-18', '2023-02-21', 233.75, NULL, 'Young owner out guy.', '2025-04-19 04:49:24', '2025-04-19 04:49:24'),
(773, 64, 5, '2023-08-07 00:00:00', '2023-08-12', '2023-08-17', 142.96, 3, 'Student white instead point tend exactly right.', '2025-04-19 04:49:24', '2025-04-19 04:49:24'),
(774, 132, 1, '2023-09-19 00:00:00', '2023-09-26', '2023-09-30', 185.04, NULL, 'Toward policy forget project economy.', '2025-04-19 04:49:24', '2025-04-19 04:49:24'),
(775, 91, 3, '2023-10-27 00:00:00', '2023-10-29', '2023-11-05', 553.1, NULL, 'Bar big south drug manager opportunity.', '2025-04-19 04:49:24', '2025-04-19 04:49:24'),
(776, 46, 2, '2023-07-21 00:00:00', '2023-07-22', '2023-07-23', 474.63, NULL, 'Billion sit remain night study.', '2025-04-19 04:49:24', '2025-04-19 04:49:24'),
(777, 151, 4, '2023-08-19 00:00:00', '2023-08-29', '2023-09-05', 338.57, 6, 'Parent that property among blue study.', '2025-04-19 04:49:24', '2025-04-19 04:49:24'),
(778, 48, 1, '2023-11-06 00:00:00', '2023-11-11', '2023-11-18', 706.07, 14, 'Offer brother shake guess.', '2025-04-19 04:49:24', '2025-04-19 04:49:24'),
(779, 2, 4, '2023-03-01 00:00:00', '2023-03-02', '2023-03-04', 690.22, NULL, 'Instead hour season girl small system of mission.', '2025-04-19 04:49:24', '2025-04-19 04:49:24'),
(780, 169, 5, '2023-09-07 00:00:00', '2023-09-12', '2023-09-17', 831.82, NULL, 'Spend physical sing protect agent note.', '2025-04-19 04:49:24', '2025-04-19 04:49:24'),
(781, 177, 4, '2023-06-04 00:00:00', '2023-06-06', '2023-06-08', 221.6, 7, 'Piece forget factor.', '2025-04-19 04:49:24', '2025-04-19 04:49:24'),
(782, 5, 2, '2023-01-14 00:00:00', '2023-01-18', '2023-01-22', 683.76, NULL, 'Soon rock support effect stand general.', '2025-04-19 04:49:24', '2025-04-19 04:49:24'),
(783, 161, 5, '2023-04-08 00:00:00', '2023-04-10', '2023-04-13', 792.75, NULL, 'Everybody situation foot recognize play.', '2025-04-19 04:49:24', '2025-04-19 04:49:24'),
(784, 109, 1, '2023-03-01 00:00:00', '2023-03-04', '2023-03-06', 764.9, NULL, 'Decide side natural focus.', '2025-04-19 04:49:24', '2025-04-19 04:49:24'),
(785, 121, 1, '2023-08-19 00:00:00', '2023-08-29', '2023-08-31', 281.2, NULL, 'Send sit common matter become goal.', '2025-04-19 04:49:24', '2025-04-19 04:49:24'),
(786, 14, 3, '2023-01-05 00:00:00', '2023-01-07', '2023-01-13', 862.87, NULL, 'Science structure dinner stock big reveal police.', '2025-04-19 04:49:24', '2025-04-19 04:49:24'),
(787, 127, 5, '2023-11-02 00:00:00', '2023-11-11', '2023-11-14', 133.32, NULL, 'Perform police series dark task magazine.', '2025-04-19 04:49:24', '2025-04-19 04:49:24'),
(788, 132, 5, '2023-11-10 00:00:00', '2023-11-18', '2023-11-20', 742.86, 17, 'South time senior where follow born.', '2025-04-19 04:49:24', '2025-04-19 04:49:24'),
(789, 109, 5, '2023-06-11 00:00:00', '2023-06-20', '2023-06-21', 341.06, NULL, 'Financial media politics fast nice concern peace away.', '2025-04-19 04:49:24', '2025-04-19 04:49:24'),
(790, 30, 4, '2023-11-15 00:00:00', '2023-11-21', '2023-11-25', 727.76, 1, 'Bed our theory identify.', '2025-04-19 04:49:24', '2025-04-19 04:49:24'),
(791, 74, 2, '2023-08-29 00:00:00', '2023-09-04', '2023-09-08', 308.89, NULL, 'Certainly future government card history.', '2025-04-19 04:49:24', '2025-04-19 04:49:24'),
(792, 155, 4, '2023-03-09 00:00:00', '2023-03-14', '2023-03-20', 740.25, NULL, 'Party wife food different step.', '2025-04-19 04:49:24', '2025-04-19 04:49:24'),
(793, 121, 2, '2023-11-15 00:00:00', '2023-11-19', '2023-11-22', 721.63, NULL, 'Nature property event manager street.', '2025-04-19 04:49:24', '2025-04-19 04:49:24'),
(794, 34, 2, '2023-04-13 00:00:00', '2023-04-16', '2023-04-21', 542.97, NULL, 'Early difficult possible democratic actually.', '2025-04-19 04:49:24', '2025-04-19 04:49:24'),
(795, 78, 2, '2023-04-18 00:00:00', '2023-04-27', '2023-04-28', 999.34, NULL, 'Who tax low keep news.', '2025-04-19 04:49:24', '2025-04-19 04:49:24'),
(796, 92, 2, '2023-03-31 00:00:00', '2023-04-09', '2023-04-10', 826.13, NULL, 'Court control million hundred offer total hit.', '2025-04-19 04:49:24', '2025-04-19 04:49:24'),
(797, 30, 5, '2023-04-27 00:00:00', '2023-04-29', '2023-05-04', 301.69, NULL, 'Religious word sound enjoy have.', '2025-04-19 04:49:24', '2025-04-19 04:49:24'),
(798, 91, 1, '2023-10-13 00:00:00', '2023-10-18', '2023-10-20', 868.07, 17, 'Floor ground when care team.', '2025-04-19 04:49:24', '2025-04-19 04:49:24'),
(799, 181, 1, '2023-08-13 00:00:00', '2023-08-21', '2023-08-28', 780.19, 4, 'Somebody often benefit true world.', '2025-04-19 04:49:24', '2025-04-19 04:49:24'),
(800, 144, 1, '2023-09-17 00:00:00', '2023-09-19', '2023-09-21', 666.93, NULL, 'Movement bit step direction give reduce with.', '2025-04-19 04:49:24', '2025-04-19 04:49:24'),
(801, 41, 3, '2023-08-15 00:00:00', '2023-08-24', '2023-08-28', 759.3, 4, 'Let off apply peace market.', '2025-04-19 04:49:24', '2025-04-19 04:49:24'),
(802, 166, 3, '2023-06-21 00:00:00', '2023-06-24', '2023-06-25', 863.74, NULL, 'Ask yet against large practice time.', '2025-04-19 04:49:24', '2025-04-19 04:49:24'),
(803, 197, 1, '2023-05-06 00:00:00', '2023-05-14', '2023-05-17', 358.08, 6, 'Test challenge radio assume rest now water.', '2025-04-19 04:49:24', '2025-04-19 04:49:24'),
(804, 69, 3, '2023-08-01 00:00:00', '2023-08-07', '2023-08-13', 698.5, NULL, 'Require make region.', '2025-04-19 04:49:24', '2025-04-19 04:49:24'),
(805, 59, 2, '2023-08-08 00:00:00', '2023-08-15', '2023-08-19', 908.26, NULL, 'Worry Democrat laugh Mrs.', '2025-04-19 04:49:24', '2025-04-19 04:49:24'),
(806, 8, 4, '2023-03-16 00:00:00', '2023-03-17', '2023-03-23', 825.62, 3, 'Form now then watch certain.', '2025-04-19 04:49:24', '2025-04-19 04:49:24'),
(807, 87, 3, '2023-07-25 00:00:00', '2023-07-28', '2023-08-01', 155.32, 2, 'Woman only television wife apply senior onto.', '2025-04-19 04:49:24', '2025-04-19 04:49:24'),
(808, 148, 1, '2023-11-20 00:00:00', '2023-11-29', '2023-12-02', 477.37, NULL, 'Pass morning room run.', '2025-04-19 04:49:24', '2025-04-19 04:49:24'),
(809, 185, 3, '2023-06-26 00:00:00', '2023-06-27', '2023-07-04', 351.8, 17, 'Woman similar writer structure ahead.', '2025-04-19 04:49:24', '2025-04-19 04:49:24'),
(810, 180, 4, '2023-08-17 00:00:00', '2023-08-21', '2023-08-26', 661.92, NULL, 'Rock forward behind idea red rate source.', '2025-04-19 04:49:24', '2025-04-19 04:49:24'),
(811, 179, 3, '2023-11-29 00:00:00', '2023-12-06', '2023-12-13', 277.57, 10, 'Recent catch gas benefit great religious.', '2025-04-19 04:49:24', '2025-04-19 04:49:24'),
(812, 10, 5, '2023-06-21 00:00:00', '2023-06-28', '2023-07-04', 746.99, NULL, 'Matter continue husband dinner worry.', '2025-04-19 04:49:24', '2025-04-19 04:49:24'),
(813, 55, 1, '2023-09-19 00:00:00', '2023-09-28', '2023-10-01', 569.2, 6, 'Fund sell model after.', '2025-04-19 04:49:24', '2025-04-19 04:49:24'),
(814, 8, 5, '2023-10-31 00:00:00', '2023-11-05', '2023-11-07', 849.01, NULL, 'Article news radio believe ability world actually force.', '2025-04-19 04:49:24', '2025-04-19 04:49:24'),
(815, 130, 1, '2023-01-31 00:00:00', '2023-02-06', '2023-02-09', 664.29, 12, 'Agree toward nor teacher western.', '2025-04-19 04:49:24', '2025-04-19 04:49:24'),
(816, 13, 1, '2023-08-18 00:00:00', '2023-08-23', '2023-08-28', 763.17, NULL, 'Pm marriage movement wish best.', '2025-04-19 04:49:24', '2025-04-19 04:49:24'),
(817, 61, 5, '2023-10-17 00:00:00', '2023-10-26', '2023-11-02', 635.99, NULL, 'Outside off through relationship.', '2025-04-19 04:49:24', '2025-04-19 04:49:24'),
(818, 73, 5, '2023-03-13 00:00:00', '2023-03-20', '2023-03-25', 763.76, NULL, 'Medical sport knowledge performance.', '2025-04-19 04:49:24', '2025-04-19 04:49:24'),
(819, 133, 5, '2023-04-09 00:00:00', '2023-04-15', '2023-04-19', 188.19, NULL, 'Thousand soldier build various various blue raise.', '2025-04-19 04:49:24', '2025-04-19 04:49:24'),
(820, 21, 1, '2023-02-01 00:00:00', '2023-02-08', '2023-02-10', 528.63, 15, 'Million too marriage page young turn visit up.', '2025-04-19 04:49:24', '2025-04-19 04:49:24'),
(821, 95, 5, '2023-07-26 00:00:00', '2023-08-05', '2023-08-10', 567.05, NULL, 'Story six want protect assume east center.', '2025-04-19 04:49:24', '2025-04-19 04:49:24'),
(822, 150, 4, '2023-11-22 00:00:00', '2023-11-29', '2023-12-03', 720.12, NULL, 'Could identify group true TV specific travel.', '2025-04-19 04:49:24', '2025-04-19 04:49:24'),
(823, 42, 2, '2023-09-16 00:00:00', '2023-09-19', '2023-09-23', 740.04, 5, 'Better mind professional fly month offer mother hour.', '2025-04-19 04:49:24', '2025-04-19 04:49:24'),
(824, 178, 2, '2023-08-22 00:00:00', '2023-08-30', '2023-08-31', 771.85, NULL, 'Poor executive career shake fall phone identify.', '2025-04-19 04:49:24', '2025-04-19 04:49:24'),
(825, 31, 5, '2023-07-29 00:00:00', '2023-07-31', '2023-08-01', 432.63, 10, 'Bank agency bit night participant fill.', '2025-04-19 04:49:24', '2025-04-19 04:49:24'),
(826, 134, 2, '2023-03-02 00:00:00', '2023-03-08', '2023-03-11', 991.92, NULL, 'Side recognize month among water.', '2025-04-19 04:49:24', '2025-04-19 04:49:24'),
(827, 125, 1, '2023-03-15 00:00:00', '2023-03-18', '2023-03-25', 630.66, NULL, 'Throughout security number community finish.', '2025-04-19 04:49:24', '2025-04-19 04:49:24'),
(828, 73, 2, '2023-04-04 00:00:00', '2023-04-12', '2023-04-13', 210.1, 12, 'Move another field.', '2025-04-19 04:49:24', '2025-04-19 04:49:24'),
(829, 12, 4, '2023-09-04 00:00:00', '2023-09-14', '2023-09-17', 609.19, NULL, 'Goal Mrs statement range its.', '2025-04-19 04:49:24', '2025-04-19 04:49:24'),
(830, 122, 5, '2023-03-09 00:00:00', '2023-03-12', '2023-03-17', 672.81, NULL, 'Model condition he recognize treat better wear.', '2025-04-19 04:49:24', '2025-04-19 04:49:24'),
(831, 39, 3, '2023-02-15 00:00:00', '2023-02-25', '2023-03-03', 661.23, 13, 'Republican authority data deal policy.', '2025-04-19 04:49:24', '2025-04-19 04:49:24'),
(832, 102, 3, '2023-10-04 00:00:00', '2023-10-05', '2023-10-11', 901.04, 9, 'And high too.', '2025-04-19 04:49:24', '2025-04-19 04:49:24'),
(833, 43, 1, '2023-10-20 00:00:00', '2023-10-25', '2023-10-30', 680.64, 18, 'Under above drive sport.', '2025-04-19 04:49:24', '2025-04-19 04:49:24'),
(834, 50, 5, '2023-10-05 00:00:00', '2023-10-15', '2023-10-22', 147.59, 19, 'Worker would step head study and.', '2025-04-19 04:49:24', '2025-04-19 04:49:24'),
(835, 193, 4, '2023-09-15 00:00:00', '2023-09-16', '2023-09-17', 692.43, 18, 'Out perform election two.', '2025-04-19 04:49:24', '2025-04-19 04:49:24'),
(836, 5, 3, '2023-04-16 00:00:00', '2023-04-20', '2023-04-27', 735.06, NULL, 'Report top finally wait president trial important.', '2025-04-19 04:49:24', '2025-04-19 04:49:24'),
(837, 22, 5, '2023-11-07 00:00:00', '2023-11-13', '2023-11-17', 630.0, 16, 'Indeed including everything.', '2025-04-19 04:49:24', '2025-04-19 04:49:24'),
(838, 88, 4, '2023-04-03 00:00:00', '2023-04-10', '2023-04-11', 873.68, NULL, 'Stage major outside phone house.', '2025-04-19 04:49:24', '2025-04-19 04:49:24'),
(839, 66, 1, '2023-02-28 00:00:00', '2023-03-02', '2023-03-07', 251.34, 5, 'Can ready audience boy city social at.', '2025-04-19 04:49:24', '2025-04-19 04:49:24'),
(840, 66, 1, '2023-03-20 00:00:00', '2023-03-25', '2023-03-29', 710.75, NULL, 'Force want either race us huge movie.', '2025-04-19 04:49:24', '2025-04-19 04:49:24'),
(841, 47, 1, '2023-01-30 00:00:00', '2023-02-04', '2023-02-08', 188.87, NULL, 'Talk end set house those.', '2025-04-19 04:49:24', '2025-04-19 04:49:24'),
(842, 83, 3, '2023-07-12 00:00:00', '2023-07-14', '2023-07-15', 282.3, 20, 'Wear never marriage camera yet.', '2025-04-19 04:49:24', '2025-04-19 04:49:24'),
(843, 127, 5, '2023-09-16 00:00:00', '2023-09-23', '2023-09-24', 342.36, NULL, 'Long born also hold base really attack.', '2025-04-19 04:49:24', '2025-04-19 04:49:24'),
(844, 142, 4, '2023-02-03 00:00:00', '2023-02-11', '2023-02-12', 466.74, 8, 'Past just central others American value.', '2025-04-19 04:49:24', '2025-04-19 04:49:24'),
(845, 69, 5, '2023-10-28 00:00:00', '2023-10-30', '2023-11-01', 786.68, NULL, 'Shoulder right analysis add check.', '2025-04-19 04:49:24', '2025-04-19 04:49:24'),
(846, 146, 4, '2023-08-17 00:00:00', '2023-08-19', '2023-08-26', 672.22, 7, 'Two glass customer popular hospital.', '2025-04-19 04:49:24', '2025-04-19 04:49:24'),
(847, 96, 5, '2023-03-28 00:00:00', '2023-04-01', '2023-04-06', 957.35, NULL, 'Water measure different physical.', '2025-04-19 04:49:24', '2025-04-19 04:49:24'),
(848, 11, 1, '2023-08-26 00:00:00', '2023-09-05', '2023-09-08', 687.75, 6, 'Price keep the attorney early more.', '2025-04-19 04:49:24', '2025-04-19 04:49:24'),
(849, 16, 4, '2023-05-20 00:00:00', '2023-05-30', '2023-06-02', 855.54, NULL, 'Claim natural fish born assume million admit.', '2025-04-19 04:49:24', '2025-04-19 04:49:24'),
(850, 162, 2, '2023-10-27 00:00:00', '2023-11-05', '2023-11-08', 140.94, 18, 'Right focus although top.', '2025-04-19 04:49:24', '2025-04-19 04:49:24'),
(851, 77, 1, '2023-07-22 00:00:00', '2023-07-24', '2023-07-31', 225.69, NULL, 'Accept about around hold note.', '2025-04-19 04:49:24', '2025-04-19 04:49:24'),
(852, 111, 2, '2023-11-09 00:00:00', '2023-11-18', '2023-11-25', 386.47, NULL, 'Several along nation after station.', '2025-04-19 04:49:24', '2025-04-19 04:49:24'),
(853, 193, 4, '2023-05-20 00:00:00', '2023-05-24', '2023-05-30', 984.72, 11, 'Visit population executive pattern last security raise.', '2025-04-19 04:49:24', '2025-04-19 04:49:24'),
(854, 118, 5, '2023-06-18 00:00:00', '2023-06-19', '2023-06-25', 220.35, NULL, 'Economic woman PM look together lawyer these difference.', '2025-04-19 04:49:24', '2025-04-19 04:49:24'),
(855, 2, 1, '2023-03-30 00:00:00', '2023-04-06', '2023-04-11', 905.74, NULL, 'Pm company whose yourself think.', '2025-04-19 04:49:24', '2025-04-19 04:49:24'),
(856, 138, 1, '2023-11-29 00:00:00', '2023-12-01', '2023-12-06', 127.85, 15, 'Science it feel amount improve they.', '2025-04-19 04:49:24', '2025-04-19 04:49:24'),
(857, 91, 4, '2023-11-04 00:00:00', '2023-11-10', '2023-11-14', 259.47, 1, 'Would by phone decade image.', '2025-04-19 04:49:24', '2025-04-19 04:49:24'),
(858, 119, 3, '2023-04-09 00:00:00', '2023-04-17', '2023-04-18', 299.37, NULL, 'Leave laugh weight less full program.', '2025-04-19 04:49:24', '2025-04-19 04:49:24'),
(859, 175, 3, '2023-04-09 00:00:00', '2023-04-11', '2023-04-18', 652.1, 10, 'Rich day describe course.', '2025-04-19 04:49:24', '2025-04-19 04:49:24'),
(860, 60, 4, '2023-07-05 00:00:00', '2023-07-06', '2023-07-09', 543.55, 20, 'Way role six guy leg.', '2025-04-19 04:49:24', '2025-04-19 04:49:24'),
(861, 2, 2, '2023-11-23 00:00:00', '2023-11-30', '2023-12-01', 882.92, NULL, 'Hear fill hotel like myself laugh.', '2025-04-19 04:49:24', '2025-04-19 04:49:24'),
(862, 44, 5, '2023-04-10 00:00:00', '2023-04-20', '2023-04-26', 714.15, 19, 'Include current front three process view it wall.', '2025-04-19 04:49:24', '2025-04-19 04:49:24'),
(863, 17, 5, '2023-03-07 00:00:00', '2023-03-09', '2023-03-11', 333.66, 19, 'Really history project.', '2025-04-19 04:49:24', '2025-04-19 04:49:24'),
(864, 134, 3, '2023-04-09 00:00:00', '2023-04-10', '2023-04-16', 709.96, NULL, 'Worker quite shoulder political offer.', '2025-04-19 04:49:24', '2025-04-19 04:49:24'),
(865, 175, 5, '2023-08-21 00:00:00', '2023-08-22', '2023-08-26', 676.87, NULL, 'Character first early school several.', '2025-04-19 04:49:24', '2025-04-19 04:49:24'),
(866, 111, 4, '2023-05-21 00:00:00', '2023-05-23', '2023-05-29', 566.47, NULL, 'First usually partner same then put skin.', '2025-04-19 04:49:24', '2025-04-19 04:49:24'),
(867, 133, 1, '2023-04-25 00:00:00', '2023-04-26', '2023-04-29', 926.55, NULL, 'Again turn thank former.', '2025-04-19 04:49:24', '2025-04-19 04:49:24'),
(868, 81, 1, '2023-07-20 00:00:00', '2023-07-24', '2023-07-27', 173.63, 19, 'Finish top data character.', '2025-04-19 04:49:24', '2025-04-19 04:49:24'),
(869, 189, 2, '2023-08-05 00:00:00', '2023-08-07', '2023-08-09', 277.19, NULL, 'Film at perhaps firm toward.', '2025-04-19 04:49:24', '2025-04-19 04:49:24'),
(870, 17, 1, '2023-01-15 00:00:00', '2023-01-23', '2023-01-27', 827.25, NULL, 'Little region face big no too charge.', '2025-04-19 04:49:24', '2025-04-19 04:49:24'),
(871, 65, 2, '2023-02-25 00:00:00', '2023-03-05', '2023-03-07', 962.92, NULL, 'Budget travel important no pick record.', '2025-04-19 04:49:24', '2025-04-19 04:49:24'),
(872, 134, 2, '2023-02-07 00:00:00', '2023-02-17', '2023-02-22', 494.68, NULL, 'Ready tough wish professional chair.', '2025-04-19 04:49:24', '2025-04-19 04:49:24'),
(873, 149, 1, '2023-02-13 00:00:00', '2023-02-14', '2023-02-15', 439.66, 3, 'Best always they list local short.', '2025-04-19 04:49:24', '2025-04-19 04:49:24'),
(874, 16, 4, '2023-01-29 00:00:00', '2023-02-03', '2023-02-08', 663.57, 3, 'Read stand us once consider thus wife water.', '2025-04-19 04:49:24', '2025-04-19 04:49:24'),
(875, 174, 1, '2023-10-14 00:00:00', '2023-10-15', '2023-10-18', 864.94, 13, 'Gas fund be have concern perhaps quality.', '2025-04-19 04:49:24', '2025-04-19 04:49:24'),
(876, 159, 4, '2023-04-30 00:00:00', '2023-05-10', '2023-05-17', 693.75, NULL, 'Book various whether culture.', '2025-04-19 04:49:24', '2025-04-19 04:49:24'),
(877, 99, 4, '2023-08-08 00:00:00', '2023-08-18', '2023-08-23', 191.15, NULL, 'Factor society skill great worker manager.', '2025-04-19 04:49:24', '2025-04-19 04:49:24'),
(878, 133, 3, '2023-10-28 00:00:00', '2023-11-01', '2023-11-02', 192.42, 20, 'Through individual college surface court exactly minute trouble.', '2025-04-19 04:49:24', '2025-04-19 04:49:24'),
(879, 152, 2, '2023-10-21 00:00:00', '2023-10-24', '2023-10-30', 558.01, NULL, 'Five cold power red enjoy you front.', '2025-04-19 04:49:24', '2025-04-19 04:49:24'),
(880, 124, 5, '2023-08-16 00:00:00', '2023-08-19', '2023-08-21', 223.91, 2, 'Seek service leader bag necessary.', '2025-04-19 04:49:24', '2025-04-19 04:49:24'),
(881, 33, 3, '2023-10-27 00:00:00', '2023-11-03', '2023-11-08', 963.77, NULL, 'The unit action off.', '2025-04-19 04:49:24', '2025-04-19 04:49:24'),
(882, 150, 5, '2023-03-16 00:00:00', '2023-03-19', '2023-03-23', 377.81, NULL, 'Herself toward here along public.', '2025-04-19 04:49:24', '2025-04-19 04:49:24'),
(883, 95, 1, '2023-09-23 00:00:00', '2023-10-03', '2023-10-09', 710.47, 2, 'Friend sort table six imagine garden.', '2025-04-19 04:49:24', '2025-04-19 04:49:24'),
(884, 130, 5, '2023-01-28 00:00:00', '2023-02-04', '2023-02-07', 275.87, 7, 'Rest need major entire tree try.', '2025-04-19 04:49:24', '2025-04-19 04:49:24'),
(885, 18, 3, '2023-04-07 00:00:00', '2023-04-15', '2023-04-21', 722.66, NULL, 'South tree technology time.', '2025-04-19 04:49:24', '2025-04-19 04:49:24'),
(886, 149, 5, '2023-06-21 00:00:00', '2023-07-01', '2023-07-04', 476.83, 6, 'Specific south blood.', '2025-04-19 04:49:24', '2025-04-19 04:49:24'),
(887, 117, 1, '2023-09-11 00:00:00', '2023-09-15', '2023-09-16', 674.89, NULL, 'Computer assume occur down.', '2025-04-19 04:49:24', '2025-04-19 04:49:24'),
(888, 160, 2, '2023-05-03 00:00:00', '2023-05-11', '2023-05-17', 791.51, NULL, 'Tell act add southern.', '2025-04-19 04:49:24', '2025-04-19 04:49:24'),
(889, 53, 4, '2023-04-05 00:00:00', '2023-04-06', '2023-04-09', 108.9, 12, 'Audience old whole wide piece former professor partner.', '2025-04-19 04:49:24', '2025-04-19 04:49:24'),
(890, 143, 1, '2023-03-14 00:00:00', '2023-03-19', '2023-03-23', 274.96, NULL, 'Region current second ball.', '2025-04-19 04:49:24', '2025-04-19 04:49:24'),
(891, 12, 1, '2023-04-12 00:00:00', '2023-04-16', '2023-04-19', 256.73, 9, 'Responsibility before item rate.', '2025-04-19 04:49:24', '2025-04-19 04:49:24'),
(892, 87, 5, '2023-05-06 00:00:00', '2023-05-09', '2023-05-11', 119.34, 9, 'Anyone bag fly more live.', '2025-04-19 04:49:24', '2025-04-19 04:49:24'),
(893, 6, 2, '2023-07-14 00:00:00', '2023-07-16', '2023-07-19', 942.5, NULL, 'Remain manager relationship light rule.', '2025-04-19 04:49:24', '2025-04-19 04:49:24'),
(894, 62, 3, '2023-07-10 00:00:00', '2023-07-13', '2023-07-18', 979.39, NULL, 'Ten article continue according compare culture century my.', '2025-04-19 04:49:24', '2025-04-19 04:49:24'),
(895, 183, 1, '2023-03-02 00:00:00', '2023-03-05', '2023-03-07', 815.41, NULL, 'Record reflect away cost focus.', '2025-04-19 04:49:24', '2025-04-19 04:49:24'),
(896, 178, 3, '2023-06-12 00:00:00', '2023-06-22', '2023-06-26', 979.28, 8, 'Class play or own media.', '2025-04-19 04:49:24', '2025-04-19 04:49:24'),
(897, 196, 5, '2023-10-28 00:00:00', '2023-11-01', '2023-11-08', 581.92, NULL, 'Design economy general drive according.', '2025-04-19 04:49:24', '2025-04-19 04:49:24'),
(898, 64, 1, '2023-11-19 00:00:00', '2023-11-24', '2023-12-01', 213.81, NULL, 'Example claim article management total.', '2025-04-19 04:49:24', '2025-04-19 04:49:24'),
(899, 54, 1, '2023-08-29 00:00:00', '2023-09-08', '2023-09-09', 250.69, NULL, 'People stage bag share.', '2025-04-19 04:49:24', '2025-04-19 04:49:24'),
(900, 128, 5, '2023-08-26 00:00:00', '2023-08-29', '2023-09-01', 741.24, NULL, 'Activity season because open trouble guess race.', '2025-04-19 04:49:24', '2025-04-19 04:49:24'),
(901, 184, 4, '2023-08-31 00:00:00', '2023-09-05', '2023-09-10', 460.85, 19, 'Notice road five group.', '2025-04-19 04:49:24', '2025-04-19 04:49:24'),
(902, 54, 2, '2023-04-14 00:00:00', '2023-04-22', '2023-04-29', 310.95, NULL, 'Have feel major national seat direction color.', '2025-04-19 04:49:24', '2025-04-19 04:49:24'),
(903, 109, 4, '2023-10-20 00:00:00', '2023-10-23', '2023-10-30', 436.7, 18, 'Important they food someone war idea.', '2025-04-19 04:49:24', '2025-04-19 04:49:24'),
(904, 35, 1, '2023-06-01 00:00:00', '2023-06-09', '2023-06-14', 416.42, 19, 'Laugh center seek information agency cause first.', '2025-04-19 04:49:24', '2025-04-19 04:49:24'),
(905, 120, 5, '2023-11-15 00:00:00', '2023-11-21', '2023-11-25', 506.04, NULL, 'Change hand its stage town character watch describe.', '2025-04-19 04:49:24', '2025-04-19 04:49:24'),
(906, 95, 4, '2023-06-12 00:00:00', '2023-06-17', '2023-06-21', 122.25, 15, 'Hospital change front.', '2025-04-19 04:49:24', '2025-04-19 04:49:24'),
(907, 68, 1, '2023-07-03 00:00:00', '2023-07-05', '2023-07-08', 858.34, 17, 'Market citizen stop.', '2025-04-19 04:49:24', '2025-04-19 04:49:24'),
(908, 71, 2, '2023-02-20 00:00:00', '2023-02-22', '2023-02-23', 424.21, 18, 'Everyone couple parent material itself surface maintain.', '2025-04-19 04:49:24', '2025-04-19 04:49:24'),
(909, 86, 2, '2023-06-18 00:00:00', '2023-06-23', '2023-06-26', 770.69, 9, 'Government black well relationship.', '2025-04-19 04:49:24', '2025-04-19 04:49:24'),
(910, 181, 5, '2023-03-12 00:00:00', '2023-03-21', '2023-03-24', 107.68, NULL, 'Eye dog wall sound indicate actually final city.', '2025-04-19 04:49:24', '2025-04-19 04:49:24'),
(911, 89, 4, '2023-07-27 00:00:00', '2023-08-06', '2023-08-13', 689.78, 16, 'Financial peace particularly out morning game health read.', '2025-04-19 04:49:24', '2025-04-19 04:49:24'),
(912, 102, 2, '2023-04-27 00:00:00', '2023-05-01', '2023-05-05', 310.35, NULL, 'Hard wife as language.', '2025-04-19 04:49:24', '2025-04-19 04:49:24'),
(913, 185, 4, '2023-06-24 00:00:00', '2023-06-26', '2023-06-29', 861.22, NULL, 'Early war read travel total plant.', '2025-04-19 04:49:24', '2025-04-19 04:49:24'),
(914, 54, 4, '2023-08-19 00:00:00', '2023-08-28', '2023-08-29', 437.23, 19, 'Skill never officer former create camera focus.', '2025-04-19 04:49:24', '2025-04-19 04:49:24'),
(915, 79, 1, '2023-09-13 00:00:00', '2023-09-19', '2023-09-22', 302.94, NULL, 'Occur treat remain participant spend eat none three.', '2025-04-19 04:49:24', '2025-04-19 04:49:24'),
(916, 196, 5, '2023-06-03 00:00:00', '2023-06-09', '2023-06-14', 120.92, 2, 'Memory believe seek perhaps ball make.', '2025-04-19 04:49:24', '2025-04-19 04:49:24'),
(917, 40, 3, '2023-10-18 00:00:00', '2023-10-28', '2023-11-02', 616.49, NULL, 'Too water road at hope cover show Republican.', '2025-04-19 04:49:24', '2025-04-19 04:49:24'),
(918, 53, 4, '2023-02-02 00:00:00', '2023-02-11', '2023-02-15', 269.5, NULL, 'Summer arrive east plan force station.', '2025-04-19 04:49:24', '2025-04-19 04:49:24'),
(919, 146, 4, '2023-11-24 00:00:00', '2023-11-29', '2023-11-30', 254.28, 18, 'No situation what machine fire third customer.', '2025-04-19 04:49:24', '2025-04-19 04:49:24'),
(920, 9, 5, '2023-09-08 00:00:00', '2023-09-09', '2023-09-11', 279.1, NULL, 'Whatever our build safe save.', '2025-04-19 04:49:24', '2025-04-19 04:49:24'),
(921, 53, 2, '2023-05-30 00:00:00', '2023-06-08', '2023-06-09', 509.2, 12, 'Model mean eat heavy red.', '2025-04-19 04:49:24', '2025-04-19 04:49:24'),
(922, 44, 3, '2023-07-30 00:00:00', '2023-08-06', '2023-08-08', 990.64, NULL, 'Fear daughter fast.', '2025-04-19 04:49:24', '2025-04-19 04:49:24'),
(923, 123, 1, '2023-07-19 00:00:00', '2023-07-23', '2023-07-25', 883.4, NULL, 'Prepare several bad.', '2025-04-19 04:49:24', '2025-04-19 04:49:24'),
(924, 182, 4, '2023-03-23 00:00:00', '2023-04-02', '2023-04-07', 945.24, 19, 'Simply year land high church know finish.', '2025-04-19 04:49:24', '2025-04-19 04:49:24'),
(925, 129, 4, '2023-05-22 00:00:00', '2023-05-26', '2023-05-27', 991.98, 15, 'Lay cup paper expect only.', '2025-04-19 04:49:24', '2025-04-19 04:49:24'),
(926, 103, 5, '2023-05-07 00:00:00', '2023-05-16', '2023-05-19', 919.27, NULL, 'What buy test need hard firm.', '2025-04-19 04:49:24', '2025-04-19 04:49:24'),
(927, 119, 5, '2023-01-21 00:00:00', '2023-01-23', '2023-01-26', 681.67, NULL, 'Nearly pick position how force structure.', '2025-04-19 04:49:24', '2025-04-19 04:49:24'),
(928, 180, 3, '2023-07-20 00:00:00', '2023-07-30', '2023-08-06', 828.99, NULL, 'Poor food series.', '2025-04-19 04:49:24', '2025-04-19 04:49:24'),
(929, 64, 2, '2023-11-13 00:00:00', '2023-11-20', '2023-11-24', 446.2, 6, 'Third argue response.', '2025-04-19 04:49:24', '2025-04-19 04:49:24'),
(930, 101, 1, '2023-05-03 00:00:00', '2023-05-06', '2023-05-09', 894.3, NULL, 'Market until cause bill.', '2025-04-19 04:49:24', '2025-04-19 04:49:24'),
(931, 171, 1, '2023-04-22 00:00:00', '2023-04-30', '2023-05-04', 993.15, 18, 'Vote dog senior win.', '2025-04-19 04:49:24', '2025-04-19 04:49:24'),
(932, 95, 1, '2023-02-23 00:00:00', '2023-03-04', '2023-03-11', 801.56, NULL, 'Ball gas attorney hundred artist indicate.', '2025-04-19 04:49:24', '2025-04-19 04:49:24'),
(933, 43, 3, '2023-04-17 00:00:00', '2023-04-26', '2023-04-27', 515.95, NULL, 'Reason nature become debate city several.', '2025-04-19 04:49:24', '2025-04-19 04:49:24'),
(934, 98, 3, '2023-07-24 00:00:00', '2023-07-28', '2023-08-01', 134.0, 9, 'Dinner argue raise agency poor.', '2025-04-19 04:49:24', '2025-04-19 04:49:24'),
(935, 182, 2, '2023-06-17 00:00:00', '2023-06-25', '2023-06-29', 515.22, 3, 'Long among serve wear west.', '2025-04-19 04:49:24', '2025-04-19 04:49:24'),
(936, 183, 4, '2023-03-13 00:00:00', '2023-03-21', '2023-03-28', 351.23, 6, 'May follow series prove.', '2025-04-19 04:49:24', '2025-04-19 04:49:24'),
(937, 5, 5, '2023-02-21 00:00:00', '2023-02-24', '2023-02-27', 211.74, 13, 'Member face age.', '2025-04-19 04:49:24', '2025-04-19 04:49:24'),
(938, 20, 1, '2023-05-20 00:00:00', '2023-05-23', '2023-05-27', 422.28, 7, 'Nearly always operation decade old according.', '2025-04-19 04:49:24', '2025-04-19 04:49:24'),
(939, 173, 5, '2023-04-21 00:00:00', '2023-04-29', '2023-05-05', 142.98, 17, 'Ok happy together clearly.', '2025-04-19 04:49:24', '2025-04-19 04:49:24'),
(940, 100, 3, '2023-08-16 00:00:00', '2023-08-17', '2023-08-22', 104.2, 13, 'Charge account physical performance enter.', '2025-04-19 04:49:24', '2025-04-19 04:49:24'),
(941, 64, 3, '2023-05-03 00:00:00', '2023-05-07', '2023-05-08', 114.43, 1, 'Memory civil cut parent free force.', '2025-04-19 04:49:24', '2025-04-19 04:49:24'),
(942, 87, 2, '2023-02-02 00:00:00', '2023-02-06', '2023-02-07', 817.23, 6, 'Hotel practice later knowledge whose.', '2025-04-19 04:49:24', '2025-04-19 04:49:24'),
(943, 12, 4, '2023-09-20 00:00:00', '2023-09-22', '2023-09-29', 394.43, 18, 'Show daughter both hold blood value day.', '2025-04-19 04:49:24', '2025-04-19 04:49:24'),
(944, 160, 2, '2023-10-05 00:00:00', '2023-10-12', '2023-10-16', 208.72, 7, 'Save fear ready Democrat order field less.', '2025-04-19 04:49:24', '2025-04-19 04:49:24'),
(945, 92, 3, '2023-03-30 00:00:00', '2023-03-31', '2023-04-04', 688.59, NULL, 'Discover three such describe agency actually stop team.', '2025-04-19 04:49:24', '2025-04-19 04:49:24'),
(946, 55, 4, '2023-04-23 00:00:00', '2023-04-25', '2023-05-01', 833.58, NULL, 'Matter result result leader hospital.', '2025-04-19 04:49:24', '2025-04-19 04:49:24'),
(947, 12, 1, '2023-04-22 00:00:00', '2023-04-29', '2023-05-02', 790.79, 16, 'Tv lose others some.', '2025-04-19 04:49:24', '2025-04-19 04:49:24'),
(948, 183, 5, '2023-10-19 00:00:00', '2023-10-22', '2023-10-25', 963.13, NULL, 'Back blue a all anyone.', '2025-04-19 04:49:24', '2025-04-19 04:49:24'),
(949, 162, 4, '2023-03-10 00:00:00', '2023-03-16', '2023-03-18', 671.82, NULL, 'Water us field.', '2025-04-19 04:49:24', '2025-04-19 04:49:24'),
(950, 18, 3, '2023-01-10 00:00:00', '2023-01-20', '2023-01-25', 504.02, 17, 'Rock which best happy position wife.', '2025-04-19 04:49:24', '2025-04-19 04:49:24'),
(951, 129, 5, '2023-01-07 00:00:00', '2023-01-11', '2023-01-12', 654.71, NULL, 'Away individual against side together few.', '2025-04-19 04:49:24', '2025-04-19 04:49:24'),
(952, 61, 4, '2023-05-05 00:00:00', '2023-05-15', '2023-05-16', 153.93, NULL, 'Lead usually work trip build.', '2025-04-19 04:49:24', '2025-04-19 04:49:24'),
(953, 76, 2, '2023-03-19 00:00:00', '2023-03-26', '2023-03-28', 677.84, NULL, 'They usually company.', '2025-04-19 04:49:24', '2025-04-19 04:49:24'),
(954, 190, 3, '2023-03-10 00:00:00', '2023-03-15', '2023-03-18', 679.24, NULL, 'Beat doctor thank often.', '2025-04-19 04:49:24', '2025-04-19 04:49:24'),
(955, 166, 3, '2023-01-13 00:00:00', '2023-01-17', '2023-01-24', 759.59, 11, 'Event against none as reality democratic huge.', '2025-04-19 04:49:24', '2025-04-19 04:49:24'),
(956, 53, 5, '2023-01-28 00:00:00', '2023-02-01', '2023-02-08', 718.61, NULL, 'Air market store include win officer.', '2025-04-19 04:49:24', '2025-04-19 04:49:24'),
(957, 134, 3, '2023-04-04 00:00:00', '2023-04-12', '2023-04-18', 105.44, 16, 'Prevent where then.', '2025-04-19 04:49:24', '2025-04-19 04:49:24'),
(958, 50, 1, '2023-11-21 00:00:00', '2023-11-24', '2023-11-26', 213.0, 6, 'Rest dark environment provide white.', '2025-04-19 04:49:24', '2025-04-19 04:49:24'),
(959, 61, 5, '2023-02-10 00:00:00', '2023-02-17', '2023-02-23', 520.37, 6, 'Dog language ability practice them.', '2025-04-19 04:49:24', '2025-04-19 04:49:24'),
(960, 63, 4, '2023-04-01 00:00:00', '2023-04-11', '2023-04-13', 372.79, NULL, 'Next reflect social resource score expert.', '2025-04-19 04:49:24', '2025-04-19 04:49:24'),
(961, 163, 2, '2023-05-20 00:00:00', '2023-05-28', '2023-05-29', 955.91, NULL, 'Our lead line clearly.', '2025-04-19 04:49:24', '2025-04-19 04:49:24'),
(962, 97, 2, '2023-08-30 00:00:00', '2023-09-07', '2023-09-11', 554.76, 14, 'Risk must fly police imagine oil.', '2025-04-19 04:49:24', '2025-04-19 04:49:24'),
(963, 124, 1, '2023-07-15 00:00:00', '2023-07-22', '2023-07-29', 174.91, 10, 'Level girl factor sport seem manager.', '2025-04-19 04:49:24', '2025-04-19 04:49:24'),
(964, 142, 2, '2023-05-12 00:00:00', '2023-05-19', '2023-05-23', 375.26, NULL, 'Imagine which beat education case under population.', '2025-04-19 04:49:24', '2025-04-19 04:49:24'),
(965, 144, 5, '2023-09-04 00:00:00', '2023-09-06', '2023-09-09', 222.99, 16, 'Send technology clearly amount media teacher person.', '2025-04-19 04:49:24', '2025-04-19 04:49:24'),
(966, 40, 2, '2023-01-03 00:00:00', '2023-01-04', '2023-01-11', 550.63, NULL, 'Game plan seat surface off with society station.', '2025-04-19 04:49:24', '2025-04-19 04:49:24'),
(967, 104, 4, '2023-07-22 00:00:00', '2023-07-28', '2023-08-01', 540.6, 19, 'Bank industry born may among billion.', '2025-04-19 04:49:24', '2025-04-19 04:49:24'),
(968, 105, 1, '2023-03-05 00:00:00', '2023-03-12', '2023-03-17', 246.13, NULL, 'Effort nearly walk.', '2025-04-19 04:49:24', '2025-04-19 04:49:24'),
(969, 198, 3, '2023-09-18 00:00:00', '2023-09-26', '2023-10-02', 719.64, NULL, 'Range skin major for student.', '2025-04-19 04:49:24', '2025-04-19 04:49:24'),
(970, 109, 2, '2023-05-05 00:00:00', '2023-05-13', '2023-05-14', 929.32, 12, 'Nature house prevent hotel officer seek.', '2025-04-19 04:49:24', '2025-04-19 04:49:24'),
(971, 179, 2, '2023-05-14 00:00:00', '2023-05-24', '2023-05-28', 949.84, NULL, 'Difficult popular choose really.', '2025-04-19 04:49:24', '2025-04-19 04:49:24'),
(972, 64, 5, '2023-10-24 00:00:00', '2023-10-27', '2023-10-28', 205.06, NULL, 'Respond throw wide son manager.', '2025-04-19 04:49:24', '2025-04-19 04:49:24'),
(973, 102, 5, '2023-02-11 00:00:00', '2023-02-20', '2023-02-22', 888.41, NULL, 'Reason fill sense field.', '2025-04-19 04:49:24', '2025-04-19 04:49:24'),
(974, 65, 3, '2023-09-14 00:00:00', '2023-09-23', '2023-09-29', 897.99, NULL, 'My benefit sport age all.', '2025-04-19 04:49:24', '2025-04-19 04:49:24'),
(975, 188, 4, '2023-02-15 00:00:00', '2023-02-17', '2023-02-23', 615.35, 12, 'Debate still quite attack.', '2025-04-19 04:49:24', '2025-04-19 04:49:24'),
(976, 69, 2, '2023-07-23 00:00:00', '2023-07-28', '2023-07-29', 988.32, 16, 'Week instead group idea recently feel hold.', '2025-04-19 04:49:24', '2025-04-19 04:49:24'),
(977, 25, 1, '2023-08-02 00:00:00', '2023-08-11', '2023-08-15', 689.07, 14, 'Field people try play order.', '2025-04-19 04:49:24', '2025-04-19 04:49:24'),
(978, 46, 3, '2023-04-06 00:00:00', '2023-04-09', '2023-04-11', 537.82, 17, 'With matter goal eight list something send.', '2025-04-19 04:49:24', '2025-04-19 04:49:24'),
(979, 116, 5, '2023-04-19 00:00:00', '2023-04-22', '2023-04-24', 153.08, 6, 'Institution onto thing we.', '2025-04-19 04:49:24', '2025-04-19 04:49:24'),
(980, 67, 4, '2023-08-14 00:00:00', '2023-08-24', '2023-08-25', 881.53, 6, 'Yes here while service beautiful edge begin.', '2025-04-19 04:49:24', '2025-04-19 04:49:24'),
(981, 76, 1, '2023-07-13 00:00:00', '2023-07-15', '2023-07-18', 157.84, 1, 'Right resource two lawyer see.', '2025-04-19 04:49:24', '2025-04-19 04:49:24'),
(982, 123, 4, '2023-02-21 00:00:00', '2023-02-22', '2023-02-23', 339.47, 1, 'Page light follow need region.', '2025-04-19 04:49:24', '2025-04-19 04:49:24'),
(983, 25, 2, '2023-09-25 00:00:00', '2023-09-26', '2023-09-30', 642.69, NULL, 'Describe improve act campaign television sit very.', '2025-04-19 04:49:24', '2025-04-19 04:49:24'),
(984, 122, 3, '2023-11-06 00:00:00', '2023-11-13', '2023-11-16', 433.71, NULL, 'Attorney Congress ever north soon movie.', '2025-04-19 04:49:24', '2025-04-19 04:49:24'),
(985, 62, 3, '2023-07-24 00:00:00', '2023-07-31', '2023-08-05', 151.52, NULL, 'Education brother might.', '2025-04-19 04:49:24', '2025-04-19 04:49:24'),
(986, 26, 1, '2023-08-22 00:00:00', '2023-08-29', '2023-09-04', 851.88, 5, 'Total fall clear face.', '2025-04-19 04:49:24', '2025-04-19 04:49:24'),
(987, 155, 1, '2023-09-29 00:00:00', '2023-10-04', '2023-10-10', 776.3, NULL, 'Interview rather why baby lot eat.', '2025-04-19 04:49:24', '2025-04-19 04:49:24'),
(988, 116, 5, '2023-09-01 00:00:00', '2023-09-10', '2023-09-14', 694.21, NULL, 'Simply southern town significant analysis consumer.', '2025-04-19 04:49:24', '2025-04-19 04:49:24'),
(989, 5, 3, '2023-01-24 00:00:00', '2023-01-30', '2023-02-05', 499.88, NULL, 'Tend on management research space way.', '2025-04-19 04:49:24', '2025-04-19 04:49:24'),
(990, 103, 5, '2023-02-11 00:00:00', '2023-02-17', '2023-02-21', 945.18, 16, 'Big cause science water.', '2025-04-19 04:49:24', '2025-04-19 04:49:24'),
(991, 188, 4, '2023-05-31 00:00:00', '2023-06-10', '2023-06-12', 740.75, 17, 'Age many some involve remain today happy.', '2025-04-19 04:49:24', '2025-04-19 04:49:24'),
(992, 33, 4, '2023-02-14 00:00:00', '2023-02-19', '2023-02-26', 705.76, NULL, 'Blood list everything newspaper institution assume enjoy.', '2025-04-19 04:49:24', '2025-04-19 04:49:24'),
(993, 44, 4, '2023-03-01 00:00:00', '2023-03-09', '2023-03-15', 586.6, 8, 'Listen medical during until case agency.', '2025-04-19 04:49:24', '2025-04-19 04:49:24'),
(994, 44, 1, '2023-02-24 00:00:00', '2023-03-03', '2023-03-09', 126.3, NULL, 'Now professor land you.', '2025-04-19 04:49:24', '2025-04-19 04:49:24'),
(995, 197, 3, '2023-04-23 00:00:00', '2023-04-28', '2023-05-04', 528.67, 4, 'Newspaper long wife prevent old break.', '2025-04-19 04:49:24', '2025-04-19 04:49:24'),
(996, 137, 4, '2023-02-16 00:00:00', '2023-02-22', '2023-03-01', 301.43, 19, 'Discussion challenge card.', '2025-04-19 04:49:24', '2025-04-19 04:49:24'),
(997, 165, 3, '2023-07-13 00:00:00', '2023-07-20', '2023-07-26', 677.89, NULL, 'Action art small both program one.', '2025-04-19 04:49:24', '2025-04-19 04:49:24'),
(998, 60, 2, '2023-05-13 00:00:00', '2023-05-15', '2023-05-18', 178.91, NULL, 'Field specific floor.', '2025-04-19 04:49:24', '2025-04-19 04:49:24'),
(999, 190, 5, '2023-04-07 00:00:00', '2023-04-09', '2023-04-14', 430.96, NULL, 'Team song country listen long.', '2025-04-19 04:49:24', '2025-04-19 04:49:24'),
(1000, 148, 1, '2023-06-09 00:00:00', '2023-06-10', '2023-06-15', 582.04, NULL, 'Common need phone teach.', '2025-04-19 04:49:24', '2025-04-19 04:49:24');

-- booked_rooms
INSERT INTO booked_rooms (booking_id, room_id, rate_applied) VALUES
(1, 241, 231.7),
(2, 199, 204.67),
(3, 245, 290.2),
(4, 386, 106.33),
(5, 355, 141.69),
(6, 129, 220.88),
(7, 93, 224.74),
(8, 24, 263.76),
(9, 220, 261.77),
(10, 243, 165.56),
(11, 175, 120.02),
(12, 282, 188.28),
(13, 45, 267.18),
(14, 254, 223.94),
(15, 290, 137.76),
(16, 154, 239.47),
(17, 22, 276.44),
(18, 147, 212.07),
(19, 228, 161.53),
(20, 396, 153.46),
(21, 394, 199.24),
(22, 113, 153.73),
(23, 220, 256.18),
(24, 101, 200.2),
(25, 200, 214.52),
(26, 230, 214.05),
(27, 6, 133.1),
(28, 151, 254.54),
(29, 190, 249.07),
(30, 194, 268.41),
(31, 71, 183.6),
(32, 291, 108.29),
(33, 353, 193.52),
(34, 102, 203.14),
(35, 376, 241.22),
(36, 33, 230.57),
(37, 2, 219.12),
(38, 117, 200.17),
(39, 173, 225.16),
(40, 161, 196.34),
(41, 138, 134.88),
(42, 201, 245.22),
(43, 121, 164.26),
(44, 303, 220.68),
(45, 17, 216.31),
(46, 113, 195.39),
(47, 40, 152.37),
(48, 219, 109.98),
(49, 251, 269.29),
(50, 326, 182.11),
(51, 49, 158.72),
(52, 234, 201.04),
(53, 268, 152.38),
(54, 109, 191.41),
(55, 203, 245.55),
(56, 43, 208.45),
(57, 232, 268.65),
(58, 180, 275.69),
(59, 132, 279.22),
(60, 240, 126.27),
(61, 199, 251.0),
(62, 207, 210.69),
(63, 35, 173.55),
(64, 153, 276.45),
(65, 45, 203.89),
(66, 265, 249.31),
(67, 293, 106.71),
(68, 31, 129.83),
(69, 244, 284.9),
(70, 86, 215.37),
(71, 57, 102.22),
(72, 265, 161.61),
(73, 21, 239.5),
(74, 333, 268.25),
(75, 288, 177.01),
(76, 149, 295.26),
(77, 187, 182.38),
(78, 220, 106.65),
(79, 19, 145.58),
(80, 127, 188.84),
(81, 218, 218.43),
(82, 126, 142.25),
(83, 203, 196.61),
(84, 226, 233.17),
(85, 12, 263.48),
(86, 242, 240.17),
(87, 62, 209.6),
(88, 70, 136.61),
(89, 94, 184.13),
(90, 244, 282.24),
(91, 329, 156.24),
(92, 42, 222.86),
(93, 395, 202.38),
(94, 261, 229.41),
(95, 221, 165.82),
(96, 258, 251.99),
(97, 347, 219.56),
(98, 24, 177.44),
(99, 385, 141.05),
(100, 213, 140.87),
(101, 349, 262.64),
(102, 357, 203.01),
(103, 317, 273.69),
(104, 258, 251.19),
(105, 205, 104.81),
(106, 162, 259.76),
(107, 327, 164.53),
(108, 12, 268.77),
(109, 327, 160.54),
(110, 71, 127.8),
(111, 61, 238.89),
(112, 31, 152.47),
(113, 288, 184.52),
(114, 359, 252.97),
(115, 280, 272.86),
(116, 350, 244.66),
(117, 16, 181.43),
(118, 106, 137.36),
(119, 32, 252.51),
(120, 206, 252.6),
(121, 296, 286.19),
(122, 347, 279.26),
(123, 8, 194.91),
(124, 298, 216.27),
(125, 393, 267.4),
(126, 316, 116.02),
(127, 291, 263.28),
(128, 82, 198.11),
(129, 288, 130.78),
(130, 360, 164.57),
(131, 394, 140.81),
(132, 120, 192.73),
(133, 235, 247.51),
(134, 4, 206.78),
(135, 158, 222.15),
(136, 88, 181.05),
(137, 150, 131.55),
(138, 106, 243.59),
(139, 303, 207.11),
(140, 341, 146.88),
(141, 45, 234.91),
(142, 122, 291.53),
(143, 155, 237.42),
(144, 328, 220.3),
(145, 10, 122.59),
(146, 184, 255.02),
(147, 313, 295.68),
(148, 231, 105.36),
(149, 195, 219.76),
(150, 33, 223.39),
(151, 276, 187.84),
(152, 2, 173.57),
(153, 311, 206.1),
(154, 140, 146.4),
(155, 263, 248.5),
(156, 143, 231.74),
(157, 126, 262.34),
(158, 358, 129.34),
(159, 356, 235.66),
(160, 380, 115.07),
(161, 372, 207.76),
(162, 213, 194.3),
(163, 3, 177.27),
(164, 193, 290.77),
(165, 139, 232.66),
(166, 348, 122.78),
(167, 331, 205.54),
(168, 387, 251.72),
(169, 27, 120.59),
(170, 334, 270.18),
(171, 396, 216.18),
(172, 371, 231.63),
(173, 335, 202.2),
(174, 169, 100.29),
(175, 230, 254.94),
(176, 59, 195.19),
(177, 307, 295.47),
(178, 212, 226.16),
(179, 22, 189.25),
(180, 25, 140.72),
(181, 263, 225.82),
(182, 17, 203.52),
(183, 34, 190.85),
(184, 206, 130.04),
(185, 85, 220.13),
(186, 213, 210.05),
(187, 334, 274.02),
(188, 152, 266.58),
(189, 270, 165.25),
(190, 16, 232.1),
(191, 10, 191.53),
(192, 265, 201.53),
(193, 297, 293.19),
(194, 290, 136.77),
(195, 332, 193.39),
(196, 142, 117.76),
(197, 215, 207.97),
(198, 217, 287.41),
(199, 351, 122.47),
(200, 308, 276.91),
(201, 198, 271.72),
(202, 88, 259.96),
(203, 208, 178.38),
(204, 8, 211.49),
(205, 272, 126.69),
(206, 9, 148.02),
(207, 62, 191.26),
(208, 326, 251.48),
(209, 90, 298.85),
(210, 216, 138.92),
(211, 136, 156.12),
(212, 112, 165.21),
(213, 305, 176.3),
(214, 334, 136.78),
(215, 130, 166.8),
(216, 268, 236.09),
(217, 249, 280.0),
(218, 42, 135.73),
(219, 377, 249.28),
(220, 339, 286.09),
(221, 74, 159.65),
(222, 337, 275.38),
(223, 111, 181.56),
(224, 10, 217.11),
(225, 80, 291.36),
(226, 235, 172.85),
(227, 5, 136.53),
(228, 137, 213.98),
(229, 208, 264.58),
(230, 361, 111.76),
(231, 313, 175.34),
(232, 390, 189.77),
(233, 68, 283.66),
(234, 151, 148.46),
(235, 163, 126.59),
(236, 392, 278.28),
(237, 158, 108.41),
(238, 182, 144.46),
(239, 392, 184.98),
(240, 257, 250.78),
(241, 359, 206.56),
(242, 226, 257.95),
(243, 399, 288.33),
(244, 348, 103.25),
(245, 125, 274.74),
(246, 360, 154.4),
(247, 262, 209.36),
(248, 61, 170.46),
(249, 368, 213.99),
(250, 256, 149.75),
(251, 190, 155.29),
(252, 365, 180.01),
(253, 78, 299.81),
(254, 66, 146.16),
(255, 20, 176.23),
(256, 238, 220.86),
(257, 320, 294.03),
(258, 209, 156.74),
(259, 38, 125.87),
(260, 298, 162.08),
(261, 249, 293.56),
(262, 342, 281.02),
(263, 70, 249.7),
(264, 132, 137.2),
(265, 269, 177.39),
(266, 85, 292.25),
(267, 289, 223.98),
(268, 6, 176.77),
(269, 204, 114.53),
(270, 233, 289.73),
(271, 292, 216.68),
(272, 91, 137.83),
(273, 177, 175.39),
(274, 303, 281.74),
(275, 308, 231.46),
(276, 80, 217.6),
(277, 378, 220.64),
(278, 376, 209.63),
(279, 111, 164.12),
(280, 284, 246.96),
(281, 205, 211.2),
(282, 238, 242.02),
(283, 231, 222.18),
(284, 191, 283.27),
(285, 223, 102.47),
(286, 63, 149.41),
(287, 269, 134.53),
(288, 268, 289.51),
(289, 129, 279.04),
(290, 127, 119.13),
(291, 103, 220.62),
(292, 382, 137.92),
(293, 392, 219.9),
(294, 80, 298.21),
(295, 207, 101.97),
(296, 3, 279.36),
(297, 149, 159.5),
(298, 335, 295.78),
(299, 358, 193.28),
(300, 205, 129.36),
(301, 316, 244.88),
(302, 35, 291.32),
(303, 157, 248.24),
(304, 339, 145.37),
(305, 18, 274.14),
(306, 375, 287.16),
(307, 37, 143.55),
(308, 61, 103.34),
(309, 265, 262.31),
(310, 254, 164.28),
(311, 326, 268.72),
(312, 241, 126.48),
(313, 303, 222.58),
(314, 223, 228.89),
(315, 344, 176.75),
(316, 82, 248.46),
(317, 342, 287.96),
(318, 70, 159.37),
(319, 6, 165.9),
(320, 364, 229.79),
(321, 29, 203.72),
(322, 120, 167.37),
(323, 119, 106.2),
(324, 249, 298.67),
(325, 220, 221.73),
(326, 53, 224.48),
(327, 134, 211.74),
(328, 318, 180.14),
(329, 292, 288.03),
(330, 398, 209.04),
(331, 18, 229.81),
(332, 190, 180.46),
(333, 68, 275.87),
(334, 44, 194.77),
(335, 187, 149.2),
(336, 2, 189.71),
(337, 210, 181.81),
(338, 270, 186.12),
(339, 171, 295.63),
(340, 79, 251.54),
(341, 334, 283.07),
(342, 329, 292.72),
(343, 149, 269.91),
(344, 4, 161.92),
(345, 158, 198.15),
(346, 62, 242.16),
(347, 163, 145.11),
(348, 38, 231.33),
(349, 247, 232.1),
(350, 162, 270.08),
(351, 50, 102.55),
(352, 255, 198.04),
(353, 101, 228.47),
(354, 38, 199.27),
(355, 180, 112.42),
(356, 215, 117.23),
(357, 295, 252.36),
(358, 92, 293.2),
(359, 76, 239.0),
(360, 319, 248.84),
(361, 299, 219.52),
(362, 37, 218.16),
(363, 265, 196.86),
(364, 108, 191.92),
(365, 98, 159.65),
(366, 95, 262.07),
(367, 159, 155.01),
(368, 230, 157.32),
(369, 312, 100.02),
(370, 139, 198.68),
(371, 14, 188.79),
(372, 274, 183.2),
(373, 66, 254.89),
(374, 162, 297.29),
(375, 3, 238.37),
(376, 241, 182.71),
(377, 40, 255.48),
(378, 312, 114.26),
(379, 242, 225.97),
(380, 353, 211.47),
(381, 400, 295.0),
(382, 46, 196.66),
(383, 123, 292.2),
(384, 86, 272.78),
(385, 304, 169.42),
(386, 138, 170.34),
(387, 99, 294.32),
(388, 19, 221.0),
(389, 38, 211.67),
(390, 182, 201.78),
(391, 177, 169.26),
(392, 380, 115.81),
(393, 378, 261.55),
(394, 165, 279.04),
(395, 232, 152.11),
(396, 368, 260.15),
(397, 201, 233.82),
(398, 128, 220.46),
(399, 60, 284.37),
(400, 25, 229.32),
(401, 243, 100.54),
(402, 146, 102.26),
(403, 126, 278.45),
(404, 7, 243.36),
(405, 164, 278.56),
(406, 61, 207.92),
(407, 10, 298.89),
(408, 128, 220.84),
(409, 365, 209.19),
(410, 92, 116.29),
(411, 277, 104.83),
(412, 108, 217.71),
(413, 202, 253.79),
(414, 393, 287.95),
(415, 375, 107.98),
(416, 264, 174.35),
(417, 279, 210.94),
(418, 351, 289.7),
(419, 322, 294.42),
(420, 381, 104.21),
(421, 228, 206.84),
(422, 7, 130.31),
(423, 165, 131.49),
(424, 358, 167.59),
(425, 196, 156.5),
(426, 224, 241.86),
(427, 106, 273.39),
(428, 370, 147.35),
(429, 370, 183.5),
(430, 103, 111.1),
(431, 98, 220.98),
(432, 240, 160.0),
(433, 11, 200.63),
(434, 260, 280.0),
(435, 391, 253.72),
(436, 222, 197.48),
(437, 259, 243.97),
(438, 310, 211.68),
(439, 22, 219.32),
(440, 22, 295.81),
(441, 367, 123.5),
(442, 359, 223.03),
(443, 277, 267.82),
(444, 355, 225.84),
(445, 145, 273.13),
(446, 41, 118.38),
(447, 349, 271.23),
(448, 75, 262.15),
(449, 194, 120.05),
(450, 172, 207.42),
(451, 284, 167.7),
(452, 25, 168.58),
(453, 205, 148.19),
(454, 337, 123.86),
(455, 305, 231.24),
(456, 17, 159.05),
(457, 233, 259.74),
(458, 345, 297.56),
(459, 76, 103.62),
(460, 116, 220.12),
(461, 241, 235.62),
(462, 244, 195.48),
(463, 140, 172.67),
(464, 143, 159.25),
(465, 372, 239.64),
(466, 30, 272.71),
(467, 348, 278.34),
(468, 396, 127.52),
(469, 328, 279.08),
(470, 41, 188.76),
(471, 33, 157.86),
(472, 382, 114.69),
(473, 317, 214.46),
(474, 374, 148.78),
(475, 140, 184.24),
(476, 249, 260.78),
(477, 209, 126.45),
(478, 209, 135.96),
(479, 168, 240.62),
(480, 296, 175.19),
(481, 2, 172.66),
(482, 7, 127.57),
(483, 197, 114.73),
(484, 274, 160.24),
(485, 67, 174.79),
(486, 285, 281.44),
(487, 4, 143.22),
(488, 199, 203.39),
(489, 25, 166.13),
(490, 27, 178.67),
(491, 22, 179.25),
(492, 123, 186.79),
(493, 5, 174.19),
(494, 67, 246.19),
(495, 329, 117.55),
(496, 325, 185.79),
(497, 5, 224.77),
(498, 301, 124.14),
(499, 111, 217.33),
(500, 304, 123.65),
(501, 85, 111.74),
(502, 380, 147.45),
(503, 15, 128.63),
(504, 70, 104.66),
(505, 135, 167.79),
(506, 353, 140.01),
(507, 236, 251.4),
(508, 292, 193.5),
(509, 306, 173.33),
(510, 58, 214.9),
(511, 96, 293.84),
(512, 22, 109.91),
(513, 367, 206.69),
(514, 23, 126.61),
(515, 238, 169.76),
(516, 253, 286.89),
(517, 339, 164.34),
(518, 140, 296.3),
(519, 303, 290.36),
(520, 23, 163.8),
(521, 383, 211.37),
(522, 310, 156.3),
(523, 147, 285.15),
(524, 116, 202.76),
(525, 64, 211.49),
(526, 323, 212.21),
(527, 368, 209.6),
(528, 200, 169.57),
(529, 180, 205.88),
(530, 146, 277.26),
(531, 145, 252.42),
(532, 204, 296.07),
(533, 81, 273.39),
(534, 306, 258.84),
(535, 190, 129.88),
(536, 253, 223.31),
(537, 27, 162.98),
(538, 209, 175.98),
(539, 121, 293.9),
(540, 210, 120.51),
(541, 216, 268.07),
(542, 159, 208.35),
(543, 16, 189.53),
(544, 152, 189.78),
(545, 328, 130.85),
(546, 216, 280.36),
(547, 208, 103.21),
(548, 101, 170.66),
(549, 33, 173.19),
(550, 187, 105.43),
(551, 192, 290.98),
(552, 349, 100.87),
(553, 226, 146.08),
(554, 372, 226.96),
(555, 47, 184.63),
(556, 49, 163.21),
(557, 28, 169.37),
(558, 226, 214.42),
(559, 192, 125.79),
(560, 131, 160.44),
(561, 108, 149.06),
(562, 168, 161.52),
(563, 291, 153.07),
(564, 364, 175.08),
(565, 136, 246.38),
(566, 188, 142.76),
(567, 349, 262.33),
(568, 356, 287.79),
(569, 240, 216.7),
(570, 164, 244.54),
(571, 64, 214.53),
(572, 377, 115.99),
(573, 330, 286.48),
(574, 327, 215.12),
(575, 204, 186.95),
(576, 381, 287.35),
(577, 368, 180.92),
(578, 110, 185.94),
(579, 199, 277.03),
(580, 284, 147.01),
(581, 166, 242.7),
(582, 254, 152.77),
(583, 344, 211.91),
(584, 203, 209.39),
(585, 4, 174.85),
(586, 240, 109.84),
(587, 96, 294.11),
(588, 382, 238.81),
(589, 243, 260.26),
(590, 46, 208.41),
(591, 126, 271.11),
(592, 329, 120.05),
(593, 96, 132.79),
(594, 309, 171.98),
(595, 251, 148.38),
(596, 98, 270.06),
(597, 74, 238.04),
(598, 310, 239.72),
(599, 109, 257.23),
(600, 69, 142.07),
(601, 208, 157.82),
(602, 21, 137.21),
(603, 288, 284.31),
(604, 165, 148.01),
(605, 84, 263.1),
(606, 236, 175.21),
(607, 304, 230.55),
(608, 133, 133.07),
(609, 243, 283.69),
(610, 319, 286.61),
(611, 82, 144.77),
(612, 274, 273.49),
(613, 334, 128.14),
(614, 70, 147.66),
(615, 94, 104.34),
(616, 49, 150.27),
(617, 1, 113.05),
(618, 316, 137.78),
(619, 390, 259.68),
(620, 265, 155.78),
(621, 71, 142.48),
(622, 153, 198.93),
(623, 37, 220.93),
(624, 269, 129.87),
(625, 312, 101.82),
(626, 345, 196.65),
(627, 165, 272.4),
(628, 169, 268.55),
(629, 354, 168.42),
(630, 200, 111.52),
(631, 227, 164.72),
(632, 292, 237.95),
(633, 319, 113.89),
(634, 283, 291.88),
(635, 64, 105.89),
(636, 367, 266.47),
(637, 146, 296.94),
(638, 110, 234.69),
(639, 95, 254.69),
(640, 222, 298.58),
(641, 372, 255.82),
(642, 66, 198.55),
(643, 240, 193.37),
(644, 105, 287.85),
(645, 213, 277.34),
(646, 260, 239.97),
(647, 18, 290.99),
(648, 206, 285.72),
(649, 374, 195.63),
(650, 227, 100.69),
(651, 286, 172.3),
(652, 122, 175.69),
(653, 18, 167.01),
(654, 161, 133.89),
(655, 258, 259.23),
(656, 70, 226.03),
(657, 44, 245.59),
(658, 20, 228.06),
(659, 363, 159.5),
(660, 28, 126.46),
(661, 254, 154.05),
(662, 346, 229.6),
(663, 223, 194.65),
(664, 389, 173.36),
(665, 86, 185.61),
(666, 216, 127.54),
(667, 292, 285.2),
(668, 221, 266.08),
(669, 8, 268.55),
(670, 126, 241.32),
(671, 98, 260.97),
(672, 340, 296.42),
(673, 325, 269.39),
(674, 207, 276.61),
(675, 135, 289.17),
(676, 374, 114.19),
(677, 294, 189.56),
(678, 162, 219.0),
(679, 331, 217.24),
(680, 54, 204.54),
(681, 112, 296.19),
(682, 358, 254.01),
(683, 348, 196.88),
(684, 295, 267.73),
(685, 363, 155.56),
(686, 307, 257.92),
(687, 132, 219.75),
(688, 362, 201.22),
(689, 18, 217.86),
(690, 318, 277.75),
(691, 161, 102.84),
(692, 145, 219.44),
(693, 339, 141.51),
(694, 214, 255.02),
(695, 224, 159.32),
(696, 66, 126.36),
(697, 114, 295.07),
(698, 132, 278.64),
(699, 52, 126.15),
(700, 81, 243.72),
(701, 300, 240.78),
(702, 274, 261.12),
(703, 39, 232.11),
(704, 54, 165.91),
(705, 148, 212.48),
(706, 174, 145.6),
(707, 9, 100.82),
(708, 38, 136.49),
(709, 231, 187.39),
(710, 358, 297.54),
(711, 84, 127.49),
(712, 99, 263.32),
(713, 272, 240.64),
(714, 156, 287.81),
(715, 154, 134.52),
(716, 327, 132.32),
(717, 204, 243.03),
(718, 383, 200.8),
(719, 252, 112.84),
(720, 263, 254.87),
(721, 270, 128.27),
(722, 66, 141.01),
(723, 270, 228.59),
(724, 333, 196.62),
(725, 169, 231.45),
(726, 149, 113.48),
(727, 268, 109.9),
(728, 358, 115.41),
(729, 375, 139.99),
(730, 371, 151.08),
(731, 329, 174.02),
(732, 157, 193.51),
(733, 295, 219.89),
(734, 139, 178.28),
(735, 386, 235.89),
(736, 264, 185.68),
(737, 228, 224.71),
(738, 291, 255.01),
(739, 199, 138.56),
(740, 348, 208.32),
(741, 2, 271.26),
(742, 228, 130.83),
(743, 203, 260.8),
(744, 26, 267.88),
(745, 31, 214.79),
(746, 73, 183.44),
(747, 197, 180.16),
(748, 4, 119.79),
(749, 166, 171.27),
(750, 164, 246.49),
(751, 351, 201.31),
(752, 143, 166.11),
(753, 341, 285.36),
(754, 205, 164.49),
(755, 385, 251.73),
(756, 253, 170.41),
(757, 89, 150.95),
(758, 221, 154.92),
(759, 4, 110.46),
(760, 269, 189.28),
(761, 267, 257.38),
(762, 213, 261.67),
(763, 68, 158.23),
(764, 30, 171.48),
(765, 213, 176.52),
(766, 131, 165.02),
(767, 79, 135.03),
(768, 132, 272.31),
(769, 134, 113.74),
(770, 263, 217.75),
(771, 242, 286.59),
(772, 3, 128.74),
(773, 104, 140.32),
(774, 209, 282.43),
(775, 219, 103.4),
(776, 398, 146.68),
(777, 163, 264.12),
(778, 22, 246.04),
(779, 232, 103.98),
(780, 126, 181.64),
(781, 24, 276.38),
(782, 153, 261.98),
(783, 138, 130.78),
(784, 109, 202.54),
(785, 211, 112.15),
(786, 24, 259.46),
(787, 171, 246.26),
(788, 277, 222.29),
(789, 274, 144.67),
(790, 312, 255.37),
(791, 143, 249.34),
(792, 109, 153.82),
(793, 297, 102.42),
(794, 395, 186.65),
(795, 34, 264.73),
(796, 244, 219.28),
(797, 295, 275.53),
(798, 70, 268.14),
(799, 173, 298.01),
(800, 285, 153.75),
(801, 108, 172.52),
(802, 313, 154.06),
(803, 7, 159.76),
(804, 22, 192.81),
(805, 182, 250.7),
(806, 194, 250.36),
(807, 252, 159.83),
(808, 261, 294.74),
(809, 8, 214.61),
(810, 256, 228.04),
(811, 115, 214.61),
(812, 347, 103.77),
(813, 173, 216.9),
(814, 322, 252.25),
(815, 24, 128.07),
(816, 222, 100.22),
(817, 368, 223.4),
(818, 139, 129.43),
(819, 23, 260.29),
(820, 47, 170.75),
(821, 272, 220.09),
(822, 391, 127.98),
(823, 267, 156.07),
(824, 9, 193.73),
(825, 160, 130.71),
(826, 117, 119.27),
(827, 381, 188.0),
(828, 236, 194.23),
(829, 273, 187.36),
(830, 186, 221.93),
(831, 59, 231.26),
(832, 35, 202.7),
(833, 218, 247.56),
(834, 352, 204.54),
(835, 82, 140.29),
(836, 257, 204.4),
(837, 371, 125.83),
(838, 311, 164.0),
(839, 329, 204.0),
(840, 203, 239.27),
(841, 142, 121.2),
(842, 216, 131.83),
(843, 332, 253.29),
(844, 87, 294.21),
(845, 220, 106.23),
(846, 330, 172.12),
(847, 281, 175.35),
(848, 319, 251.35),
(849, 85, 191.85),
(850, 247, 158.51),
(851, 265, 141.96),
(852, 228, 138.49),
(853, 2, 176.79),
(854, 94, 268.68),
(855, 110, 231.44),
(856, 329, 282.95),
(857, 45, 174.31),
(858, 272, 284.66),
(859, 392, 118.07),
(860, 277, 200.13),
(861, 151, 255.79),
(862, 196, 264.67),
(863, 175, 212.63),
(864, 213, 224.57),
(865, 304, 267.2),
(866, 216, 285.57),
(867, 121, 126.7),
(868, 372, 128.88),
(869, 335, 194.75),
(870, 231, 224.93),
(871, 297, 105.39),
(872, 78, 276.78),
(873, 117, 194.31),
(874, 294, 111.32),
(875, 363, 262.51),
(876, 391, 295.7),
(877, 162, 264.78),
(878, 366, 208.43),
(879, 327, 189.6),
(880, 344, 277.71),
(881, 144, 261.98),
(882, 229, 216.18),
(883, 361, 151.9),
(884, 322, 258.21),
(885, 216, 199.28),
(886, 161, 140.51),
(887, 269, 115.48),
(888, 279, 208.16),
(889, 351, 107.96),
(890, 232, 249.79),
(891, 237, 202.84),
(892, 181, 216.64),
(893, 165, 198.82),
(894, 30, 211.57),
(895, 155, 173.92),
(896, 312, 252.42),
(897, 322, 178.12),
(898, 208, 265.35),
(899, 108, 201.11),
(900, 282, 202.35),
(901, 211, 141.07),
(902, 12, 272.25),
(903, 9, 237.05),
(904, 205, 115.85),
(905, 122, 218.74),
(906, 349, 121.75),
(907, 59, 287.13),
(908, 342, 220.53),
(909, 324, 269.94),
(910, 378, 117.64),
(911, 280, 119.95),
(912, 291, 229.41),
(913, 277, 204.6),
(914, 199, 269.47),
(915, 391, 119.66),
(916, 393, 126.76),
(917, 14, 229.77),
(918, 251, 101.41),
(919, 206, 177.6),
(920, 390, 269.96),
(921, 306, 107.33),
(922, 61, 109.42),
(923, 301, 126.39),
(924, 247, 255.87),
(925, 302, 210.97),
(926, 199, 210.66),
(927, 119, 144.78),
(928, 362, 202.28),
(929, 224, 232.27),
(930, 312, 280.42),
(931, 24, 148.52),
(932, 162, 108.85),
(933, 252, 165.58),
(934, 262, 222.84),
(935, 266, 256.59),
(936, 116, 299.31),
(937, 98, 167.66),
(938, 354, 189.22),
(939, 250, 188.45),
(940, 379, 120.31),
(941, 88, 267.97),
(942, 337, 279.76),
(943, 112, 120.03),
(944, 169, 168.05),
(945, 22, 236.27),
(946, 394, 163.66),
(947, 347, 281.01),
(948, 184, 125.4),
(949, 48, 204.96),
(950, 317, 220.7),
(951, 379, 144.53),
(952, 141, 242.18),
(953, 144, 152.68),
(954, 160, 173.53),
(955, 261, 207.48),
(956, 54, 294.37),
(957, 160, 112.78),
(958, 248, 290.19),
(959, 334, 283.95),
(960, 53, 250.51),
(961, 117, 295.56),
(962, 166, 270.17),
(963, 102, 180.12),
(964, 228, 122.77),
(965, 322, 250.01),
(966, 398, 206.76),
(967, 39, 248.73),
(968, 299, 227.77),
(969, 231, 223.58),
(970, 276, 110.69),
(971, 73, 146.42),
(972, 155, 260.86),
(973, 322, 153.4),
(974, 219, 202.48),
(975, 135, 182.4),
(976, 243, 214.9),
(977, 151, 104.95),
(978, 390, 297.94),
(979, 396, 184.65),
(980, 219, 290.76),
(981, 12, 113.28),
(982, 112, 287.53),
(983, 314, 163.86),
(984, 112, 251.68),
(985, 260, 232.38),
(986, 61, 171.01),
(987, 256, 173.21),
(988, 362, 283.4),
(989, 308, 282.0),
(990, 343, 129.46),
(991, 225, 146.7),
(992, 261, 178.7),
(993, 287, 254.8),
(994, 107, 242.13),
(995, 70, 212.99),
(996, 46, 166.29),
(997, 189, 284.35),
(998, 339, 160.86),
(999, 84, 299.19),
(1000, 117, 145.33);

-- hotel_services
INSERT INTO hotel_services (service_id, service_name, description, price, availability, created_at, updated_at) VALUES
(1, 'Avoid', 'Project tax certainly set.', 62.62, 'On Request', '2025-04-19 04:49:24', '2025-04-19 04:49:24'),
(2, 'Mean', 'Wrong authority clearly phone including personal visit.', 76.54, 'Available', '2025-04-19 04:49:24', '2025-04-19 04:49:24'),
(3, 'Their', 'Image sell amount fly house.', 73.14, 'On Request', '2025-04-19 04:49:24', '2025-04-19 04:49:24'),
(4, 'Data', 'Hospital paper term security camera past.', 22.97, 'On Request', '2025-04-19 04:49:24', '2025-04-19 04:49:24'),
(5, 'Street', 'Thousand position sense church out explain significant.', 97.06, 'Available', '2025-04-19 04:49:24', '2025-04-19 04:49:24'),
(6, 'Lead', 'All at be through certainly political hard hotel.', 30.12, 'On Request', '2025-04-19 04:49:24', '2025-04-19 04:49:24'),
(7, 'Majority', 'Field movement force final way memory.', 67.57, 'Available', '2025-04-19 04:49:24', '2025-04-19 04:49:24'),
(8, 'Imagine', 'Receive type painting produce off light before majority.', 37.08, 'Unavailable', '2025-04-19 04:49:24', '2025-04-19 04:49:24'),
(9, 'Guess', 'Military place edge environmental even eye message.', 74.72, 'Available', '2025-04-19 04:49:24', '2025-04-19 04:49:24'),
(10, 'Form', 'Trade not give fill stay military.', 82.51, 'On Request', '2025-04-19 04:49:24', '2025-04-19 04:49:24'),
(11, 'Its', 'Enough interest probably shoulder three.', 71.9, 'Available', '2025-04-19 04:49:24', '2025-04-19 04:49:24'),
(12, 'Chair', 'Couple rather Republican need daughter.', 16.04, 'Available', '2025-04-19 04:49:24', '2025-04-19 04:49:24'),
(13, 'Maintain', 'Minute bring reveal factor east our plant front.', 64.34, 'Available', '2025-04-19 04:49:24', '2025-04-19 04:49:24'),
(14, 'Very', 'Heart hot response usually learn game effort.', 56.78, 'Available', '2025-04-19 04:49:24', '2025-04-19 04:49:24'),
(15, 'Away', 'Buy heavy nearly hotel at.', 28.39, 'Unavailable', '2025-04-19 04:49:24', '2025-04-19 04:49:24'),
(16, 'Task', 'Until lawyer yard on everyone.', 12.22, 'On Request', '2025-04-19 04:49:24', '2025-04-19 04:49:24'),
(17, 'Out', 'Current anything into word other live.', 49.94, 'Available', '2025-04-19 04:49:24', '2025-04-19 04:49:24'),
(18, 'Impact', 'Budget Congress guess soon approach suggest.', 93.34, 'Unavailable', '2025-04-19 04:49:24', '2025-04-19 04:49:24'),
(19, 'Fall', 'Nature environmental six understand.', 46.41, 'Available', '2025-04-19 04:49:24', '2025-04-19 04:49:24'),
(20, 'Right', 'Daughter through note act front person.', 83.82, 'On Request', '2025-04-19 04:49:24', '2025-04-19 04:49:24'),
(21, 'Factor', 'Involve discover peace number environment.', 33.42, 'On Request', '2025-04-19 04:49:24', '2025-04-19 04:49:24'),
(22, 'Old', 'Subject charge network first detail south.', 71.32, 'On Request', '2025-04-19 04:49:24', '2025-04-19 04:49:24'),
(23, 'Thank', 'Data pattern west before science without.', 65.54, 'Unavailable', '2025-04-19 04:49:24', '2025-04-19 04:49:24'),
(24, 'Expect', 'Buy east image drug participant throughout truth.', 23.16, 'Available', '2025-04-19 04:49:24', '2025-04-19 04:49:24'),
(25, 'Far', 'About provide itself team.', 26.63, 'On Request', '2025-04-19 04:49:24', '2025-04-19 04:49:24'),
(26, 'Time', 'Land discussion suggest impact know character.', 69.17, 'Available', '2025-04-19 04:49:24', '2025-04-19 04:49:24'),
(27, 'View', 'Sure seek age share day pull.', 56.04, 'On Request', '2025-04-19 04:49:24', '2025-04-19 04:49:24'),
(28, 'Leave', 'Garden again medical hold kind day certain.', 59.2, 'Unavailable', '2025-04-19 04:49:24', '2025-04-19 04:49:24'),
(29, 'Bank', 'Student raise collection identify design government ever resource.', 53.24, 'Unavailable', '2025-04-19 04:49:24', '2025-04-19 04:49:24'),
(30, 'Way', 'Here there whether rather none.', 70.08, 'On Request', '2025-04-19 04:49:24', '2025-04-19 04:49:24'),
(31, 'Quite', 'Laugh son home generation.', 54.37, 'On Request', '2025-04-19 04:49:24', '2025-04-19 04:49:24'),
(32, 'I', 'Make right training.', 34.77, 'Unavailable', '2025-04-19 04:49:24', '2025-04-19 04:49:24'),
(33, 'Behind', 'Effort direction hand young long collection.', 72.79, 'Available', '2025-04-19 04:49:24', '2025-04-19 04:49:24'),
(34, 'Too', 'Population out special suffer without hair set bed.', 51.76, 'Unavailable', '2025-04-19 04:49:24', '2025-04-19 04:49:24'),
(35, 'Whole', 'Begin receive anyone bad.', 23.33, 'Unavailable', '2025-04-19 04:49:24', '2025-04-19 04:49:24'),
(36, 'Work', 'Laugh fall teach everything trouble.', 51.14, 'On Request', '2025-04-19 04:49:24', '2025-04-19 04:49:24'),
(37, 'Drop', 'Find minute discussion begin appear pressure.', 45.05, 'On Request', '2025-04-19 04:49:24', '2025-04-19 04:49:24'),
(38, 'Still', 'Explain like institution collection.', 37.25, 'On Request', '2025-04-19 04:49:24', '2025-04-19 04:49:24'),
(39, 'Adult', 'Owner baby significant especially situation.', 68.54, 'On Request', '2025-04-19 04:49:24', '2025-04-19 04:49:24'),
(40, 'None', 'Single network hard condition.', 65.79, 'Available', '2025-04-19 04:49:24', '2025-04-19 04:49:24'),
(41, 'None', 'Early across talk short.', 91.73, 'Unavailable', '2025-04-19 04:49:24', '2025-04-19 04:49:24'),
(42, 'Must', 'May thus hour.', 96.65, 'Unavailable', '2025-04-19 04:49:24', '2025-04-19 04:49:24'),
(43, 'Computer', 'Light suffer drop.', 89.42, 'Unavailable', '2025-04-19 04:49:24', '2025-04-19 04:49:24'),
(44, 'Politics', 'Off evidence early compare body eat.', 34.92, 'Available', '2025-04-19 04:49:24', '2025-04-19 04:49:24'),
(45, 'Push', 'Senior attack help a leave sometimes quality house.', 42.2, 'On Request', '2025-04-19 04:49:24', '2025-04-19 04:49:24'),
(46, 'Number', 'Threat level positive mind skill officer.', 28.97, 'On Request', '2025-04-19 04:49:24', '2025-04-19 04:49:24'),
(47, 'Third', 'Seem model imagine me matter source.', 57.26, 'On Request', '2025-04-19 04:49:24', '2025-04-19 04:49:24'),
(48, 'Design', 'Outside happen fear page.', 15.65, 'On Request', '2025-04-19 04:49:24', '2025-04-19 04:49:24'),
(49, 'Itself', 'Heavy health fire cup administration itself.', 23.63, 'On Request', '2025-04-19 04:49:24', '2025-04-19 04:49:24'),
(50, 'Pull', 'Last opportunity serve cause.', 74.73, 'Unavailable', '2025-04-19 04:49:24', '2025-04-19 04:49:24'),
(51, 'Student', 'How central too tough education.', 51.35, 'Available', '2025-04-19 04:49:24', '2025-04-19 04:49:24'),
(52, 'Inside', 'Require he daughter candidate where early certainly.', 35.05, 'On Request', '2025-04-19 04:49:24', '2025-04-19 04:49:24'),
(53, 'Push', 'Far apply let hit.', 37.26, 'Unavailable', '2025-04-19 04:49:24', '2025-04-19 04:49:24'),
(54, 'Ready', 'Back family start necessary American wonder.', 16.14, 'On Request', '2025-04-19 04:49:24', '2025-04-19 04:49:24'),
(55, 'Throw', 'Attack former financial medical action big season.', 53.54, 'Unavailable', '2025-04-19 04:49:24', '2025-04-19 04:49:24'),
(56, 'Or', 'Art meeting piece he large.', 64.53, 'Available', '2025-04-19 04:49:24', '2025-04-19 04:49:24'),
(57, 'Good', 'Least perform expect anything military but just maintain.', 61.84, 'On Request', '2025-04-19 04:49:24', '2025-04-19 04:49:24'),
(58, 'Source', 'Already single rock not attack why usually.', 79.79, 'On Request', '2025-04-19 04:49:24', '2025-04-19 04:49:24'),
(59, 'Huge', 'Produce key reveal environment central trip.', 33.33, 'On Request', '2025-04-19 04:49:24', '2025-04-19 04:49:24'),
(60, 'Better', 'Himself hour among field well create notice individual.', 39.17, 'On Request', '2025-04-19 04:49:24', '2025-04-19 04:49:24'),
(61, 'That', 'Interview nothing wrong decision.', 41.33, 'On Request', '2025-04-19 04:49:24', '2025-04-19 04:49:24'),
(62, 'Attorney', 'Teach enter lot at.', 84.69, 'Available', '2025-04-19 04:49:24', '2025-04-19 04:49:24'),
(63, 'Management', 'Understand management bag least.', 14.04, 'On Request', '2025-04-19 04:49:24', '2025-04-19 04:49:24'),
(64, 'Way', 'Pattern woman sure western election next.', 24.33, 'Available', '2025-04-19 04:49:24', '2025-04-19 04:49:24'),
(65, 'Visit', 'Place force choose radio respond mind.', 69.87, 'Unavailable', '2025-04-19 04:49:24', '2025-04-19 04:49:24'),
(66, 'Family', 'Sing early spring its evening vote feel win.', 94.08, 'Unavailable', '2025-04-19 04:49:24', '2025-04-19 04:49:24'),
(67, 'Interview', 'Weight feel tell.', 39.13, 'Available', '2025-04-19 04:49:24', '2025-04-19 04:49:24'),
(68, 'Both', 'Never such despite what.', 98.32, 'On Request', '2025-04-19 04:49:24', '2025-04-19 04:49:24'),
(69, 'Majority', 'Unit recently media include.', 81.6, 'Available', '2025-04-19 04:49:24', '2025-04-19 04:49:24'),
(70, 'Instead', 'Note federal drug performance way production.', 90.98, 'Available', '2025-04-19 04:49:24', '2025-04-19 04:49:24'),
(71, 'Stage', 'Unit arm image it increase within.', 75.53, 'Unavailable', '2025-04-19 04:49:24', '2025-04-19 04:49:24'),
(72, 'Goal', 'Brother dog these man when open.', 78.02, 'Unavailable', '2025-04-19 04:49:24', '2025-04-19 04:49:24'),
(73, 'Into', 'Support expert particular close city force.', 93.01, 'Available', '2025-04-19 04:49:24', '2025-04-19 04:49:24'),
(74, 'However', 'Beyond bank scene change.', 65.07, 'Available', '2025-04-19 04:49:24', '2025-04-19 04:49:24'),
(75, 'Later', 'To various soldier recently charge anything likely.', 13.37, 'On Request', '2025-04-19 04:49:24', '2025-04-19 04:49:24'),
(76, 'Alone', 'Fact such quickly truth.', 16.56, 'Unavailable', '2025-04-19 04:49:24', '2025-04-19 04:49:24'),
(77, 'Scene', 'Program beautiful close finally beyond you.', 64.59, 'Available', '2025-04-19 04:49:24', '2025-04-19 04:49:24'),
(78, 'Beautiful', 'Pass start court.', 93.12, 'Unavailable', '2025-04-19 04:49:24', '2025-04-19 04:49:24'),
(79, 'Conference', 'Station make environment fact student author.', 19.69, 'Unavailable', '2025-04-19 04:49:24', '2025-04-19 04:49:24'),
(80, 'Position', 'Catch left system church simply.', 43.99, 'On Request', '2025-04-19 04:49:24', '2025-04-19 04:49:24'),
(81, 'Myself', 'Market difference exist hotel.', 61.64, 'Available', '2025-04-19 04:49:24', '2025-04-19 04:49:24'),
(82, 'Ground', 'Reason special grow meeting.', 27.61, 'Unavailable', '2025-04-19 04:49:24', '2025-04-19 04:49:24'),
(83, 'Finally', 'Individual us some suggest program decision.', 49.38, 'Unavailable', '2025-04-19 04:49:24', '2025-04-19 04:49:24'),
(84, 'Main', 'Reflect already arrive themselves.', 30.29, 'On Request', '2025-04-19 04:49:24', '2025-04-19 04:49:24'),
(85, 'Choose', 'Your call reveal executive.', 24.59, 'On Request', '2025-04-19 04:49:24', '2025-04-19 04:49:24'),
(86, 'Go', 'Often responsibility itself but popular wall.', 82.78, 'Available', '2025-04-19 04:49:24', '2025-04-19 04:49:24'),
(87, 'Old', 'Few remember time prevent hair hospital generation any.', 17.74, 'Available', '2025-04-19 04:49:24', '2025-04-19 04:49:24'),
(88, 'Thought', 'Hope speech less whom situation.', 66.62, 'On Request', '2025-04-19 04:49:24', '2025-04-19 04:49:24'),
(89, 'Travel', 'Last staff seat religious probably when.', 18.66, 'Available', '2025-04-19 04:49:24', '2025-04-19 04:49:24'),
(90, 'Society', 'Test contain than clearly economy behavior then.', 82.9, 'Available', '2025-04-19 04:49:24', '2025-04-19 04:49:24'),
(91, 'Good', 'Among cell mention manager.', 42.36, 'Unavailable', '2025-04-19 04:49:24', '2025-04-19 04:49:24'),
(92, 'Fall', 'Result individual side place represent.', 61.15, 'Available', '2025-04-19 04:49:24', '2025-04-19 04:49:24'),
(93, 'Such', 'Health able lot station may decision forward probably.', 40.66, 'On Request', '2025-04-19 04:49:24', '2025-04-19 04:49:24'),
(94, 'Since', 'Event hospital more opportunity unit cultural show.', 75.7, 'On Request', '2025-04-19 04:49:24', '2025-04-19 04:49:24'),
(95, 'Side', 'Lawyer rest natural.', 67.8, 'Unavailable', '2025-04-19 04:49:24', '2025-04-19 04:49:24'),
(96, 'Nothing', 'And forward imagine phone social listen there.', 27.11, 'Available', '2025-04-19 04:49:24', '2025-04-19 04:49:24'),
(97, 'Woman', 'Trial participant discuss firm opportunity last feel.', 61.33, 'Unavailable', '2025-04-19 04:49:24', '2025-04-19 04:49:24'),
(98, 'Reach', 'Stage protect often.', 55.08, 'Unavailable', '2025-04-19 04:49:24', '2025-04-19 04:49:24'),
(99, 'Indicate', 'Above director develop start dream.', 65.66, 'On Request', '2025-04-19 04:49:24', '2025-04-19 04:49:24'),
(100, 'Able', 'Answer away sort movement tonight vote.', 86.81, 'Available', '2025-04-19 04:49:24', '2025-04-19 04:49:24');

-- hotel_service_usages
INSERT INTO hotel_service_usages (usage_id, booking_id, service_id, service_date, quantity, total_price, created_at, updated_at) VALUES
(1, 450, 55, '2023-11-17', 4, 268.49, '2025-04-19 04:49:24', '2025-04-19 04:49:24'),
(2, 583, 11, '2023-03-07', 5, 124.56, '2025-04-19 04:49:24', '2025-04-19 04:49:24'),
(3, 121, 64, '2023-04-29', 1, 200.37, '2025-04-19 04:49:24', '2025-04-19 04:49:24'),
(4, 339, 3, '2023-04-25', 3, 280.57, '2025-04-19 04:49:24', '2025-04-19 04:49:24'),
(5, 258, 50, '2023-07-03', 1, 268.11, '2025-04-19 04:49:24', '2025-04-19 04:49:24'),
(6, 162, 37, '2023-02-08', 5, 193.84, '2025-04-19 04:49:24', '2025-04-19 04:49:24'),
(7, 874, 67, '2023-11-09', 5, 128.06, '2025-04-19 04:49:24', '2025-04-19 04:49:24'),
(8, 634, 8, '2023-10-07', 1, 195.69, '2025-04-19 04:49:24', '2025-04-19 04:49:24'),
(9, 960, 34, '2023-12-01', 1, 58.07, '2025-04-19 04:49:24', '2025-04-19 04:49:24'),
(10, 432, 34, '2023-04-13', 3, 272.01, '2025-04-19 04:49:24', '2025-04-19 04:49:24'),
(11, 61, 18, '2023-04-15', 5, 254.19, '2025-04-19 04:49:24', '2025-04-19 04:49:24'),
(12, 338, 97, '2023-02-01', 2, 173.39, '2025-04-19 04:49:24', '2025-04-19 04:49:24'),
(13, 825, 73, '2023-11-09', 1, 136.46, '2025-04-19 04:49:24', '2025-04-19 04:49:24'),
(14, 73, 54, '2023-11-03', 5, 282.34, '2025-04-19 04:49:24', '2025-04-19 04:49:24'),
(15, 909, 71, '2023-09-03', 2, 117.63, '2025-04-19 04:49:24', '2025-04-19 04:49:24'),
(16, 43, 14, '2023-01-19', 4, 176.9, '2025-04-19 04:49:24', '2025-04-19 04:49:24'),
(17, 666, 45, '2023-08-09', 4, 125.85, '2025-04-19 04:49:24', '2025-04-19 04:49:24'),
(18, 871, 30, '2023-01-11', 1, 56.59, '2025-04-19 04:49:24', '2025-04-19 04:49:24'),
(19, 801, 26, '2023-10-01', 5, 265.07, '2025-04-19 04:49:24', '2025-04-19 04:49:24'),
(20, 699, 88, '2023-01-10', 5, 170.54, '2025-04-19 04:49:24', '2025-04-19 04:49:24'),
(21, 397, 99, '2023-07-13', 2, 157.43, '2025-04-19 04:49:24', '2025-04-19 04:49:24'),
(22, 438, 71, '2023-03-12', 1, 159.49, '2025-04-19 04:49:24', '2025-04-19 04:49:24'),
(23, 919, 79, '2023-07-08', 3, 98.41, '2025-04-19 04:49:24', '2025-04-19 04:49:24'),
(24, 448, 8, '2023-05-02', 2, 73.0, '2025-04-19 04:49:24', '2025-04-19 04:49:24'),
(25, 11, 30, '2023-07-31', 5, 192.01, '2025-04-19 04:49:24', '2025-04-19 04:49:24'),
(26, 822, 2, '2023-05-08', 1, 69.15, '2025-04-19 04:49:24', '2025-04-19 04:49:24'),
(27, 130, 57, '2023-04-03', 3, 60.93, '2025-04-19 04:49:24', '2025-04-19 04:49:24'),
(28, 359, 78, '2023-05-06', 3, 82.43, '2025-04-19 04:49:24', '2025-04-19 04:49:24'),
(29, 408, 62, '2023-03-04', 1, 69.09, '2025-04-19 04:49:24', '2025-04-19 04:49:24'),
(30, 961, 70, '2023-04-16', 4, 226.31, '2025-04-19 04:49:24', '2025-04-19 04:49:24'),
(31, 833, 46, '2023-04-23', 4, 228.28, '2025-04-19 04:49:24', '2025-04-19 04:49:24'),
(32, 965, 47, '2023-10-10', 3, 267.24, '2025-04-19 04:49:24', '2025-04-19 04:49:24'),
(33, 251, 68, '2023-05-17', 3, 224.44, '2025-04-19 04:49:24', '2025-04-19 04:49:24'),
(34, 516, 14, '2023-01-28', 3, 275.11, '2025-04-19 04:49:24', '2025-04-19 04:49:24'),
(35, 723, 80, '2023-09-06', 3, 69.61, '2025-04-19 04:49:24', '2025-04-19 04:49:24'),
(36, 934, 18, '2023-09-24', 2, 126.23, '2025-04-19 04:49:24', '2025-04-19 04:49:24'),
(37, 567, 27, '2023-03-04', 3, 231.23, '2025-04-19 04:49:24', '2025-04-19 04:49:24'),
(38, 807, 19, '2023-01-19', 2, 224.59, '2025-04-19 04:49:24', '2025-04-19 04:49:24'),
(39, 666, 98, '2023-08-21', 1, 55.32, '2025-04-19 04:49:24', '2025-04-19 04:49:24'),
(40, 857, 5, '2023-05-19', 3, 197.06, '2025-04-19 04:49:24', '2025-04-19 04:49:24'),
(41, 308, 11, '2023-01-31', 3, 263.64, '2025-04-19 04:49:24', '2025-04-19 04:49:24'),
(42, 394, 64, '2023-01-10', 4, 146.17, '2025-04-19 04:49:24', '2025-04-19 04:49:24'),
(43, 46, 29, '2023-04-16', 4, 96.11, '2025-04-19 04:49:24', '2025-04-19 04:49:24'),
(44, 442, 69, '2023-01-27', 3, 57.83, '2025-04-19 04:49:24', '2025-04-19 04:49:24'),
(45, 782, 45, '2023-01-14', 5, 238.62, '2025-04-19 04:49:24', '2025-04-19 04:49:24'),
(46, 345, 34, '2023-10-30', 2, 239.31, '2025-04-19 04:49:24', '2025-04-19 04:49:24'),
(47, 350, 93, '2023-11-15', 4, 266.44, '2025-04-19 04:49:24', '2025-04-19 04:49:24'),
(48, 802, 94, '2023-01-30', 1, 188.32, '2025-04-19 04:49:24', '2025-04-19 04:49:24'),
(49, 976, 93, '2023-05-28', 5, 165.88, '2025-04-19 04:49:24', '2025-04-19 04:49:24'),
(50, 587, 93, '2023-10-18', 5, 115.03, '2025-04-19 04:49:24', '2025-04-19 04:49:24'),
(51, 984, 49, '2023-08-28', 2, 82.97, '2025-04-19 04:49:24', '2025-04-19 04:49:24'),
(52, 16, 36, '2023-05-21', 1, 299.7, '2025-04-19 04:49:24', '2025-04-19 04:49:24'),
(53, 790, 70, '2023-06-01', 3, 192.77, '2025-04-19 04:49:24', '2025-04-19 04:49:24'),
(54, 40, 79, '2023-05-21', 3, 117.19, '2025-04-19 04:49:24', '2025-04-19 04:49:24'),
(55, 257, 84, '2023-11-08', 1, 81.08, '2025-04-19 04:49:24', '2025-04-19 04:49:24'),
(56, 583, 85, '2023-06-14', 3, 261.9, '2025-04-19 04:49:24', '2025-04-19 04:49:24'),
(57, 455, 60, '2023-01-09', 4, 52.22, '2025-04-19 04:49:24', '2025-04-19 04:49:24'),
(58, 38, 46, '2023-09-03', 5, 104.46, '2025-04-19 04:49:24', '2025-04-19 04:49:24'),
(59, 60, 75, '2023-02-10', 3, 274.26, '2025-04-19 04:49:24', '2025-04-19 04:49:24'),
(60, 565, 41, '2023-02-02', 4, 94.95, '2025-04-19 04:49:24', '2025-04-19 04:49:24'),
(61, 785, 36, '2023-05-13', 4, 81.81, '2025-04-19 04:49:24', '2025-04-19 04:49:24'),
(62, 646, 23, '2023-03-17', 5, 213.99, '2025-04-19 04:49:24', '2025-04-19 04:49:24'),
(63, 239, 15, '2023-01-20', 2, 221.11, '2025-04-19 04:49:24', '2025-04-19 04:49:24'),
(64, 882, 57, '2023-10-24', 3, 60.49, '2025-04-19 04:49:24', '2025-04-19 04:49:24'),
(65, 735, 30, '2023-02-01', 3, 293.82, '2025-04-19 04:49:24', '2025-04-19 04:49:24'),
(66, 17, 87, '2023-06-30', 5, 229.58, '2025-04-19 04:49:24', '2025-04-19 04:49:24'),
(67, 615, 31, '2023-06-29', 1, 69.37, '2025-04-19 04:49:24', '2025-04-19 04:49:24'),
(68, 455, 15, '2023-09-19', 1, 109.24, '2025-04-19 04:49:24', '2025-04-19 04:49:24'),
(69, 334, 74, '2023-07-10', 4, 67.85, '2025-04-19 04:49:24', '2025-04-19 04:49:24'),
(70, 437, 37, '2023-03-15', 1, 131.64, '2025-04-19 04:49:24', '2025-04-19 04:49:24'),
(71, 808, 47, '2023-06-21', 4, 274.35, '2025-04-19 04:49:24', '2025-04-19 04:49:24'),
(72, 384, 61, '2023-05-31', 5, 57.79, '2025-04-19 04:49:24', '2025-04-19 04:49:24'),
(73, 378, 6, '2023-05-29', 2, 277.97, '2025-04-19 04:49:24', '2025-04-19 04:49:24'),
(74, 27, 14, '2023-11-08', 2, 252.01, '2025-04-19 04:49:24', '2025-04-19 04:49:24'),
(75, 524, 92, '2023-09-18', 5, 228.21, '2025-04-19 04:49:24', '2025-04-19 04:49:24'),
(76, 963, 28, '2023-07-13', 5, 58.15, '2025-04-19 04:49:24', '2025-04-19 04:49:24'),
(77, 744, 20, '2023-07-15', 1, 288.79, '2025-04-19 04:49:24', '2025-04-19 04:49:24'),
(78, 982, 29, '2023-10-17', 5, 299.45, '2025-04-19 04:49:24', '2025-04-19 04:49:24'),
(79, 646, 71, '2023-08-03', 5, 233.26, '2025-04-19 04:49:24', '2025-04-19 04:49:24'),
(80, 868, 68, '2023-01-27', 5, 168.08, '2025-04-19 04:49:24', '2025-04-19 04:49:24'),
(81, 538, 67, '2023-08-14', 3, 117.3, '2025-04-19 04:49:24', '2025-04-19 04:49:24'),
(82, 857, 74, '2023-05-31', 2, 132.17, '2025-04-19 04:49:24', '2025-04-19 04:49:24'),
(83, 819, 99, '2023-07-05', 2, 163.96, '2025-04-19 04:49:24', '2025-04-19 04:49:24'),
(84, 767, 15, '2023-05-04', 4, 233.2, '2025-04-19 04:49:24', '2025-04-19 04:49:24'),
(85, 902, 53, '2023-07-05', 1, 138.0, '2025-04-19 04:49:24', '2025-04-19 04:49:24'),
(86, 518, 10, '2023-07-05', 4, 201.3, '2025-04-19 04:49:24', '2025-04-19 04:49:24'),
(87, 460, 54, '2023-04-28', 5, 256.96, '2025-04-19 04:49:24', '2025-04-19 04:49:24'),
(88, 129, 69, '2023-05-06', 4, 218.53, '2025-04-19 04:49:24', '2025-04-19 04:49:24'),
(89, 682, 18, '2023-11-07', 3, 248.96, '2025-04-19 04:49:24', '2025-04-19 04:49:24'),
(90, 350, 41, '2023-03-02', 1, 152.13, '2025-04-19 04:49:24', '2025-04-19 04:49:24'),
(91, 518, 19, '2023-10-22', 4, 208.16, '2025-04-19 04:49:24', '2025-04-19 04:49:24'),
(92, 792, 26, '2023-04-03', 4, 53.88, '2025-04-19 04:49:24', '2025-04-19 04:49:24'),
(93, 124, 54, '2023-05-15', 5, 227.85, '2025-04-19 04:49:24', '2025-04-19 04:49:24'),
(94, 482, 96, '2023-02-21', 2, 267.36, '2025-04-19 04:49:24', '2025-04-19 04:49:24'),
(95, 854, 56, '2023-01-13', 2, 297.48, '2025-04-19 04:49:24', '2025-04-19 04:49:24'),
(96, 136, 66, '2023-09-29', 4, 276.07, '2025-04-19 04:49:24', '2025-04-19 04:49:24'),
(97, 363, 17, '2023-07-25', 5, 110.36, '2025-04-19 04:49:24', '2025-04-19 04:49:24'),
(98, 301, 16, '2023-06-22', 3, 197.87, '2025-04-19 04:49:24', '2025-04-19 04:49:24'),
(99, 632, 14, '2023-01-24', 1, 234.69, '2025-04-19 04:49:24', '2025-04-19 04:49:24'),
(100, 364, 58, '2023-07-29', 4, 235.17, '2025-04-19 04:49:24', '2025-04-19 04:49:24'),
(101, 447, 38, '2023-09-02', 2, 233.36, '2025-04-19 04:49:24', '2025-04-19 04:49:24'),
(102, 742, 99, '2023-10-29', 5, 70.95, '2025-04-19 04:49:24', '2025-04-19 04:49:24'),
(103, 918, 1, '2023-10-31', 5, 142.47, '2025-04-19 04:49:24', '2025-04-19 04:49:24'),
(104, 665, 59, '2023-07-14', 3, 159.65, '2025-04-19 04:49:24', '2025-04-19 04:49:24'),
(105, 521, 93, '2023-10-29', 3, 286.19, '2025-04-19 04:49:24', '2025-04-19 04:49:24'),
(106, 100, 30, '2023-06-02', 4, 135.28, '2025-04-19 04:49:24', '2025-04-19 04:49:24'),
(107, 578, 67, '2023-09-26', 5, 177.06, '2025-04-19 04:49:24', '2025-04-19 04:49:24'),
(108, 951, 55, '2023-05-27', 3, 146.02, '2025-04-19 04:49:24', '2025-04-19 04:49:24'),
(109, 776, 23, '2023-03-15', 1, 253.5, '2025-04-19 04:49:24', '2025-04-19 04:49:24'),
(110, 753, 94, '2023-04-18', 4, 179.78, '2025-04-19 04:49:24', '2025-04-19 04:49:24'),
(111, 589, 79, '2023-06-10', 1, 136.84, '2025-04-19 04:49:24', '2025-04-19 04:49:24'),
(112, 170, 16, '2023-05-28', 3, 171.66, '2025-04-19 04:49:24', '2025-04-19 04:49:24'),
(113, 230, 22, '2023-05-28', 3, 297.2, '2025-04-19 04:49:24', '2025-04-19 04:49:24'),
(114, 772, 14, '2023-04-29', 3, 85.25, '2025-04-19 04:49:24', '2025-04-19 04:49:24'),
(115, 212, 71, '2023-09-18', 2, 56.84, '2025-04-19 04:49:24', '2025-04-19 04:49:24'),
(116, 925, 6, '2023-10-04', 5, 249.75, '2025-04-19 04:49:24', '2025-04-19 04:49:24'),
(117, 7, 63, '2023-01-14', 3, 100.79, '2025-04-19 04:49:24', '2025-04-19 04:49:24'),
(118, 965, 74, '2023-08-07', 4, 180.22, '2025-04-19 04:49:24', '2025-04-19 04:49:24'),
(119, 851, 59, '2023-06-01', 1, 229.06, '2025-04-19 04:49:24', '2025-04-19 04:49:24'),
(120, 942, 16, '2023-08-16', 4, 173.31, '2025-04-19 04:49:24', '2025-04-19 04:49:24'),
(121, 89, 18, '2023-05-23', 1, 292.11, '2025-04-19 04:49:24', '2025-04-19 04:49:24'),
(122, 823, 11, '2023-04-24', 1, 131.78, '2025-04-19 04:49:24', '2025-04-19 04:49:24'),
(123, 520, 43, '2023-05-22', 4, 207.66, '2025-04-19 04:49:24', '2025-04-19 04:49:24'),
(124, 526, 87, '2023-02-07', 3, 273.07, '2025-04-19 04:49:24', '2025-04-19 04:49:24'),
(125, 40, 56, '2023-02-21', 5, 129.38, '2025-04-19 04:49:24', '2025-04-19 04:49:24'),
(126, 862, 72, '2023-11-17', 1, 287.3, '2025-04-19 04:49:24', '2025-04-19 04:49:24'),
(127, 643, 2, '2023-05-06', 2, 196.59, '2025-04-19 04:49:24', '2025-04-19 04:49:24'),
(128, 894, 29, '2023-04-11', 3, 167.53, '2025-04-19 04:49:24', '2025-04-19 04:49:24'),
(129, 497, 24, '2023-09-12', 3, 82.95, '2025-04-19 04:49:24', '2025-04-19 04:49:24'),
(130, 651, 12, '2023-09-22', 2, 50.8, '2025-04-19 04:49:24', '2025-04-19 04:49:24'),
(131, 69, 63, '2023-10-13', 5, 102.14, '2025-04-19 04:49:24', '2025-04-19 04:49:24'),
(132, 183, 5, '2023-08-03', 3, 203.34, '2025-04-19 04:49:24', '2025-04-19 04:49:24'),
(133, 647, 75, '2023-05-01', 3, 171.06, '2025-04-19 04:49:24', '2025-04-19 04:49:24'),
(134, 673, 24, '2023-06-03', 2, 268.76, '2025-04-19 04:49:24', '2025-04-19 04:49:24'),
(135, 685, 63, '2023-09-08', 4, 199.46, '2025-04-19 04:49:24', '2025-04-19 04:49:24'),
(136, 557, 62, '2023-06-01', 1, 104.73, '2025-04-19 04:49:24', '2025-04-19 04:49:24'),
(137, 987, 97, '2023-05-28', 4, 292.34, '2025-04-19 04:49:24', '2025-04-19 04:49:24'),
(138, 334, 32, '2023-08-06', 1, 94.05, '2025-04-19 04:49:24', '2025-04-19 04:49:24'),
(139, 980, 41, '2023-02-28', 3, 224.24, '2025-04-19 04:49:24', '2025-04-19 04:49:24'),
(140, 722, 17, '2023-09-05', 4, 200.26, '2025-04-19 04:49:24', '2025-04-19 04:49:24'),
(141, 704, 31, '2023-01-15', 3, 116.98, '2025-04-19 04:49:24', '2025-04-19 04:49:24'),
(142, 221, 53, '2023-02-01', 5, 242.95, '2025-04-19 04:49:24', '2025-04-19 04:49:24'),
(143, 268, 87, '2023-06-12', 4, 147.84, '2025-04-19 04:49:24', '2025-04-19 04:49:24'),
(144, 453, 55, '2023-07-24', 3, 278.09, '2025-04-19 04:49:24', '2025-04-19 04:49:24'),
(145, 275, 63, '2023-04-23', 3, 209.07, '2025-04-19 04:49:24', '2025-04-19 04:49:24'),
(146, 47, 40, '2023-08-18', 4, 105.33, '2025-04-19 04:49:24', '2025-04-19 04:49:24'),
(147, 897, 22, '2023-10-02', 2, 244.89, '2025-04-19 04:49:24', '2025-04-19 04:49:24'),
(148, 113, 79, '2023-11-09', 3, 82.3, '2025-04-19 04:49:24', '2025-04-19 04:49:24'),
(149, 553, 3, '2023-01-11', 4, 72.56, '2025-04-19 04:49:24', '2025-04-19 04:49:24'),
(150, 722, 43, '2023-06-30', 5, 65.87, '2025-04-19 04:49:24', '2025-04-19 04:49:24'),
(151, 51, 67, '2023-04-18', 3, 183.87, '2025-04-19 04:49:24', '2025-04-19 04:49:24'),
(152, 161, 69, '2023-07-22', 2, 122.55, '2025-04-19 04:49:24', '2025-04-19 04:49:24'),
(153, 166, 48, '2023-06-19', 4, 103.9, '2025-04-19 04:49:24', '2025-04-19 04:49:24'),
(154, 751, 32, '2023-01-07', 1, 261.37, '2025-04-19 04:49:24', '2025-04-19 04:49:24'),
(155, 774, 68, '2023-02-22', 5, 149.48, '2025-04-19 04:49:24', '2025-04-19 04:49:24'),
(156, 497, 6, '2023-03-22', 3, 125.37, '2025-04-19 04:49:24', '2025-04-19 04:49:24'),
(157, 236, 81, '2023-05-07', 1, 118.11, '2025-04-19 04:49:24', '2025-04-19 04:49:24'),
(158, 127, 49, '2023-07-25', 2, 254.57, '2025-04-19 04:49:24', '2025-04-19 04:49:24'),
(159, 898, 35, '2023-02-13', 1, 68.47, '2025-04-19 04:49:24', '2025-04-19 04:49:24'),
(160, 740, 91, '2023-08-01', 1, 53.69, '2025-04-19 04:49:24', '2025-04-19 04:49:24'),
(161, 851, 70, '2023-11-06', 2, 73.89, '2025-04-19 04:49:24', '2025-04-19 04:49:24'),
(162, 603, 51, '2023-04-10', 5, 264.83, '2025-04-19 04:49:24', '2025-04-19 04:49:24'),
(163, 804, 42, '2023-08-06', 5, 235.87, '2025-04-19 04:49:24', '2025-04-19 04:49:24'),
(164, 310, 36, '2023-08-23', 2, 74.92, '2025-04-19 04:49:24', '2025-04-19 04:49:24'),
(165, 993, 84, '2023-10-23', 4, 144.15, '2025-04-19 04:49:24', '2025-04-19 04:49:24'),
(166, 440, 12, '2023-04-24', 4, 190.25, '2025-04-19 04:49:24', '2025-04-19 04:49:24'),
(167, 495, 37, '2023-10-01', 5, 111.15, '2025-04-19 04:49:24', '2025-04-19 04:49:24'),
(168, 18, 64, '2023-07-21', 3, 240.68, '2025-04-19 04:49:24', '2025-04-19 04:49:24'),
(169, 732, 14, '2023-08-20', 2, 194.47, '2025-04-19 04:49:24', '2025-04-19 04:49:24'),
(170, 26, 51, '2023-04-29', 4, 142.46, '2025-04-19 04:49:24', '2025-04-19 04:49:24'),
(171, 577, 14, '2023-11-26', 3, 133.11, '2025-04-19 04:49:24', '2025-04-19 04:49:24'),
(172, 830, 81, '2023-02-12', 1, 190.22, '2025-04-19 04:49:24', '2025-04-19 04:49:24'),
(173, 213, 63, '2023-10-31', 2, 70.97, '2025-04-19 04:49:24', '2025-04-19 04:49:24'),
(174, 413, 79, '2023-08-31', 5, 230.76, '2025-04-19 04:49:24', '2025-04-19 04:49:24'),
(175, 581, 98, '2023-04-30', 1, 241.85, '2025-04-19 04:49:24', '2025-04-19 04:49:24'),
(176, 259, 53, '2023-06-09', 3, 258.58, '2025-04-19 04:49:24', '2025-04-19 04:49:24'),
(177, 38, 42, '2023-10-17', 5, 151.63, '2025-04-19 04:49:24', '2025-04-19 04:49:24'),
(178, 6, 35, '2023-04-18', 5, 248.67, '2025-04-19 04:49:24', '2025-04-19 04:49:24'),
(179, 559, 64, '2023-06-10', 2, 130.46, '2025-04-19 04:49:24', '2025-04-19 04:49:24'),
(180, 726, 62, '2023-09-21', 5, 264.66, '2025-04-19 04:49:24', '2025-04-19 04:49:24'),
(181, 751, 11, '2023-02-23', 4, 224.81, '2025-04-19 04:49:24', '2025-04-19 04:49:24'),
(182, 385, 17, '2023-01-07', 2, 179.98, '2025-04-19 04:49:24', '2025-04-19 04:49:24'),
(183, 125, 22, '2023-04-12', 4, 267.44, '2025-04-19 04:49:24', '2025-04-19 04:49:24'),
(184, 117, 5, '2023-08-06', 4, 92.68, '2025-04-19 04:49:24', '2025-04-19 04:49:24'),
(185, 823, 68, '2023-09-07', 2, 237.25, '2025-04-19 04:49:24', '2025-04-19 04:49:24'),
(186, 561, 54, '2023-07-24', 1, 124.19, '2025-04-19 04:49:24', '2025-04-19 04:49:24'),
(187, 446, 38, '2023-05-19', 5, 130.6, '2025-04-19 04:49:24', '2025-04-19 04:49:24'),
(188, 911, 48, '2023-10-16', 2, 85.38, '2025-04-19 04:49:24', '2025-04-19 04:49:24'),
(189, 536, 88, '2023-04-15', 5, 288.0, '2025-04-19 04:49:24', '2025-04-19 04:49:24'),
(190, 381, 67, '2023-11-06', 3, 168.03, '2025-04-19 04:49:24', '2025-04-19 04:49:24'),
(191, 216, 43, '2023-03-11', 2, 181.09, '2025-04-19 04:49:24', '2025-04-19 04:49:24'),
(192, 850, 61, '2023-01-06', 3, 154.08, '2025-04-19 04:49:24', '2025-04-19 04:49:24'),
(193, 154, 61, '2023-02-04', 1, 127.96, '2025-04-19 04:49:24', '2025-04-19 04:49:24'),
(194, 193, 26, '2023-02-18', 5, 164.65, '2025-04-19 04:49:24', '2025-04-19 04:49:24'),
(195, 97, 8, '2023-11-16', 4, 198.61, '2025-04-19 04:49:24', '2025-04-19 04:49:24'),
(196, 69, 45, '2023-11-22', 5, 270.84, '2025-04-19 04:49:24', '2025-04-19 04:49:24'),
(197, 354, 81, '2023-01-08', 2, 118.65, '2025-04-19 04:49:24', '2025-04-19 04:49:24'),
(198, 841, 55, '2023-10-27', 3, 141.82, '2025-04-19 04:49:24', '2025-04-19 04:49:24'),
(199, 786, 52, '2023-05-11', 5, 185.25, '2025-04-19 04:49:24', '2025-04-19 04:49:24'),
(200, 676, 26, '2023-02-09', 5, 88.11, '2025-04-19 04:49:24', '2025-04-19 04:49:24'),
(201, 749, 28, '2023-05-24', 2, 115.73, '2025-04-19 04:49:24', '2025-04-19 04:49:24'),
(202, 105, 17, '2023-09-25', 5, 211.21, '2025-04-19 04:49:24', '2025-04-19 04:49:24'),
(203, 393, 43, '2023-10-22', 5, 201.19, '2025-04-19 04:49:24', '2025-04-19 04:49:24'),
(204, 990, 95, '2023-11-12', 4, 102.33, '2025-04-19 04:49:24', '2025-04-19 04:49:24'),
(205, 3, 30, '2023-04-21', 1, 282.39, '2025-04-19 04:49:24', '2025-04-19 04:49:24'),
(206, 630, 19, '2023-03-15', 2, 168.87, '2025-04-19 04:49:24', '2025-04-19 04:49:24'),
(207, 1, 42, '2023-02-09', 1, 84.24, '2025-04-19 04:49:24', '2025-04-19 04:49:24'),
(208, 827, 57, '2023-08-06', 4, 131.77, '2025-04-19 04:49:24', '2025-04-19 04:49:24'),
(209, 513, 98, '2023-03-02', 2, 190.04, '2025-04-19 04:49:24', '2025-04-19 04:49:24'),
(210, 387, 100, '2023-07-17', 4, 138.75, '2025-04-19 04:49:24', '2025-04-19 04:49:24'),
(211, 859, 67, '2023-06-12', 5, 69.55, '2025-04-19 04:49:24', '2025-04-19 04:49:24'),
(212, 620, 28, '2023-03-27', 3, 227.84, '2025-04-19 04:49:24', '2025-04-19 04:49:24'),
(213, 861, 56, '2023-10-14', 4, 172.52, '2025-04-19 04:49:24', '2025-04-19 04:49:24'),
(214, 808, 33, '2023-03-03', 5, 274.94, '2025-04-19 04:49:24', '2025-04-19 04:49:24'),
(215, 668, 45, '2023-04-02', 1, 266.53, '2025-04-19 04:49:24', '2025-04-19 04:49:24'),
(216, 876, 60, '2023-06-27', 4, 103.44, '2025-04-19 04:49:24', '2025-04-19 04:49:24'),
(217, 574, 25, '2023-07-15', 3, 94.75, '2025-04-19 04:49:24', '2025-04-19 04:49:24'),
(218, 766, 2, '2023-04-11', 4, 140.25, '2025-04-19 04:49:24', '2025-04-19 04:49:24'),
(219, 200, 1, '2023-10-28', 3, 132.11, '2025-04-19 04:49:24', '2025-04-19 04:49:24'),
(220, 933, 48, '2023-05-10', 5, 280.39, '2025-04-19 04:49:24', '2025-04-19 04:49:24'),
(221, 622, 35, '2023-01-18', 3, 210.42, '2025-04-19 04:49:24', '2025-04-19 04:49:24'),
(222, 408, 6, '2023-05-10', 3, 206.32, '2025-04-19 04:49:24', '2025-04-19 04:49:24'),
(223, 995, 74, '2023-01-16', 4, 299.31, '2025-04-19 04:49:24', '2025-04-19 04:49:24'),
(224, 648, 59, '2023-09-09', 2, 168.36, '2025-04-19 04:49:24', '2025-04-19 04:49:24'),
(225, 896, 83, '2023-10-07', 1, 59.55, '2025-04-19 04:49:24', '2025-04-19 04:49:24'),
(226, 30, 79, '2023-03-20', 2, 267.73, '2025-04-19 04:49:24', '2025-04-19 04:49:24'),
(227, 135, 11, '2023-08-03', 1, 64.01, '2025-04-19 04:49:24', '2025-04-19 04:49:24'),
(228, 653, 91, '2023-02-01', 3, 74.37, '2025-04-19 04:49:24', '2025-04-19 04:49:24'),
(229, 558, 36, '2023-04-10', 5, 234.36, '2025-04-19 04:49:24', '2025-04-19 04:49:24'),
(230, 341, 87, '2023-06-12', 2, 276.43, '2025-04-19 04:49:24', '2025-04-19 04:49:24'),
(231, 601, 93, '2023-07-07', 5, 53.54, '2025-04-19 04:49:24', '2025-04-19 04:49:24'),
(232, 681, 52, '2023-08-02', 1, 66.24, '2025-04-19 04:49:24', '2025-04-19 04:49:24'),
(233, 845, 98, '2023-09-14', 2, 232.24, '2025-04-19 04:49:24', '2025-04-19 04:49:24'),
(234, 86, 23, '2023-08-16', 1, 118.88, '2025-04-19 04:49:24', '2025-04-19 04:49:24'),
(235, 204, 89, '2023-09-16', 4, 93.24, '2025-04-19 04:49:24', '2025-04-19 04:49:24'),
(236, 765, 1, '2023-06-09', 3, 190.14, '2025-04-19 04:49:24', '2025-04-19 04:49:24'),
(237, 121, 44, '2023-08-27', 5, 259.03, '2025-04-19 04:49:24', '2025-04-19 04:49:24'),
(238, 89, 73, '2023-08-26', 1, 79.07, '2025-04-19 04:49:24', '2025-04-19 04:49:24'),
(239, 93, 24, '2023-02-14', 2, 129.38, '2025-04-19 04:49:24', '2025-04-19 04:49:24'),
(240, 642, 3, '2023-03-28', 1, 104.38, '2025-04-19 04:49:24', '2025-04-19 04:49:24'),
(241, 384, 59, '2023-02-11', 2, 126.95, '2025-04-19 04:49:24', '2025-04-19 04:49:24'),
(242, 698, 83, '2023-04-08', 2, 127.62, '2025-04-19 04:49:24', '2025-04-19 04:49:24'),
(243, 389, 91, '2023-05-27', 2, 119.74, '2025-04-19 04:49:24', '2025-04-19 04:49:24'),
(244, 579, 41, '2023-07-31', 2, 258.82, '2025-04-19 04:49:24', '2025-04-19 04:49:24'),
(245, 280, 26, '2023-04-01', 3, 114.84, '2025-04-19 04:49:24', '2025-04-19 04:49:24'),
(246, 451, 34, '2023-02-17', 4, 138.79, '2025-04-19 04:49:24', '2025-04-19 04:49:24'),
(247, 373, 45, '2023-11-25', 5, 162.42, '2025-04-19 04:49:24', '2025-04-19 04:49:24'),
(248, 647, 88, '2023-03-29', 1, 287.42, '2025-04-19 04:49:24', '2025-04-19 04:49:24'),
(249, 600, 50, '2023-03-21', 5, 192.18, '2025-04-19 04:49:24', '2025-04-19 04:49:24'),
(250, 720, 56, '2023-06-27', 3, 101.86, '2025-04-19 04:49:24', '2025-04-19 04:49:24'),
(251, 717, 65, '2023-10-10', 3, 72.69, '2025-04-19 04:49:24', '2025-04-19 04:49:24'),
(252, 792, 27, '2023-05-13', 2, 166.92, '2025-04-19 04:49:24', '2025-04-19 04:49:24'),
(253, 33, 15, '2023-09-22', 2, 168.8, '2025-04-19 04:49:24', '2025-04-19 04:49:24'),
(254, 479, 76, '2023-06-15', 3, 190.94, '2025-04-19 04:49:24', '2025-04-19 04:49:24'),
(255, 675, 76, '2023-01-18', 3, 225.32, '2025-04-19 04:49:24', '2025-04-19 04:49:24'),
(256, 645, 46, '2023-01-05', 2, 155.35, '2025-04-19 04:49:24', '2025-04-19 04:49:24'),
(257, 343, 44, '2023-11-28', 1, 96.78, '2025-04-19 04:49:24', '2025-04-19 04:49:24'),
(258, 367, 40, '2023-03-25', 4, 186.69, '2025-04-19 04:49:24', '2025-04-19 04:49:24'),
(259, 771, 3, '2023-08-13', 5, 164.11, '2025-04-19 04:49:24', '2025-04-19 04:49:24'),
(260, 590, 89, '2023-08-11', 4, 168.39, '2025-04-19 04:49:24', '2025-04-19 04:49:24'),
(261, 250, 33, '2023-07-11', 5, 134.47, '2025-04-19 04:49:24', '2025-04-19 04:49:24'),
(262, 695, 52, '2023-06-03', 1, 292.69, '2025-04-19 04:49:24', '2025-04-19 04:49:24'),
(263, 899, 30, '2023-09-17', 1, 155.25, '2025-04-19 04:49:24', '2025-04-19 04:49:24'),
(264, 793, 35, '2023-10-23', 4, 198.27, '2025-04-19 04:49:24', '2025-04-19 04:49:24'),
(265, 168, 66, '2023-03-27', 3, 271.65, '2025-04-19 04:49:24', '2025-04-19 04:49:24'),
(266, 989, 90, '2023-09-26', 2, 287.87, '2025-04-19 04:49:24', '2025-04-19 04:49:24'),
(267, 582, 97, '2023-03-13', 2, 215.85, '2025-04-19 04:49:24', '2025-04-19 04:49:24'),
(268, 808, 7, '2023-02-16', 3, 248.22, '2025-04-19 04:49:24', '2025-04-19 04:49:24'),
(269, 145, 45, '2023-08-23', 4, 91.34, '2025-04-19 04:49:24', '2025-04-19 04:49:24'),
(270, 1, 85, '2023-03-17', 2, 270.74, '2025-04-19 04:49:24', '2025-04-19 04:49:24'),
(271, 309, 40, '2023-02-11', 2, 109.05, '2025-04-19 04:49:24', '2025-04-19 04:49:24'),
(272, 209, 56, '2023-02-16', 2, 88.53, '2025-04-19 04:49:24', '2025-04-19 04:49:24'),
(273, 569, 100, '2023-07-11', 1, 169.34, '2025-04-19 04:49:24', '2025-04-19 04:49:24'),
(274, 353, 13, '2023-08-30', 5, 221.7, '2025-04-19 04:49:24', '2025-04-19 04:49:24'),
(275, 716, 28, '2023-08-30', 4, 257.84, '2025-04-19 04:49:24', '2025-04-19 04:49:24'),
(276, 724, 32, '2023-02-19', 4, 82.13, '2025-04-19 04:49:24', '2025-04-19 04:49:24'),
(277, 782, 18, '2023-07-24', 3, 274.51, '2025-04-19 04:49:24', '2025-04-19 04:49:24'),
(278, 840, 87, '2023-08-06', 5, 148.46, '2025-04-19 04:49:24', '2025-04-19 04:49:24'),
(279, 74, 45, '2023-09-08', 5, 56.72, '2025-04-19 04:49:24', '2025-04-19 04:49:24'),
(280, 907, 78, '2023-04-02', 2, 142.28, '2025-04-19 04:49:24', '2025-04-19 04:49:24'),
(281, 349, 65, '2023-01-01', 5, 199.79, '2025-04-19 04:49:24', '2025-04-19 04:49:24'),
(282, 408, 10, '2023-11-27', 2, 84.52, '2025-04-19 04:49:24', '2025-04-19 04:49:24'),
(283, 193, 6, '2023-04-19', 3, 158.85, '2025-04-19 04:49:24', '2025-04-19 04:49:24'),
(284, 348, 50, '2023-12-01', 2, 156.43, '2025-04-19 04:49:24', '2025-04-19 04:49:24'),
(285, 292, 40, '2023-07-18', 4, 58.71, '2025-04-19 04:49:24', '2025-04-19 04:49:24'),
(286, 982, 54, '2023-04-02', 2, 149.55, '2025-04-19 04:49:24', '2025-04-19 04:49:24'),
(287, 530, 14, '2023-08-27', 1, 136.57, '2025-04-19 04:49:24', '2025-04-19 04:49:24'),
(288, 751, 13, '2023-07-27', 1, 90.22, '2025-04-19 04:49:24', '2025-04-19 04:49:24'),
(289, 132, 74, '2023-09-17', 4, 221.57, '2025-04-19 04:49:24', '2025-04-19 04:49:24'),
(290, 12, 63, '2023-12-01', 4, 155.61, '2025-04-19 04:49:24', '2025-04-19 04:49:24'),
(291, 56, 39, '2023-08-06', 3, 235.52, '2025-04-19 04:49:24', '2025-04-19 04:49:24'),
(292, 119, 78, '2023-08-19', 5, 143.21, '2025-04-19 04:49:24', '2025-04-19 04:49:24'),
(293, 485, 92, '2023-06-21', 5, 292.94, '2025-04-19 04:49:24', '2025-04-19 04:49:24'),
(294, 115, 23, '2023-08-06', 5, 239.9, '2025-04-19 04:49:24', '2025-04-19 04:49:24'),
(295, 892, 87, '2023-02-10', 2, 51.74, '2025-04-19 04:49:24', '2025-04-19 04:49:24'),
(296, 971, 91, '2023-10-30', 3, 99.4, '2025-04-19 04:49:24', '2025-04-19 04:49:24'),
(297, 833, 79, '2023-08-21', 4, 62.14, '2025-04-19 04:49:24', '2025-04-19 04:49:24'),
(298, 289, 6, '2023-03-04', 4, 165.06, '2025-04-19 04:49:24', '2025-04-19 04:49:24'),
(299, 52, 77, '2023-07-09', 3, 156.43, '2025-04-19 04:49:24', '2025-04-19 04:49:24'),
(300, 692, 38, '2023-01-13', 5, 116.81, '2025-04-19 04:49:24', '2025-04-19 04:49:24'),
(301, 301, 46, '2023-08-02', 1, 161.69, '2025-04-19 04:49:24', '2025-04-19 04:49:24'),
(302, 305, 82, '2023-01-19', 5, 77.92, '2025-04-19 04:49:24', '2025-04-19 04:49:24'),
(303, 750, 5, '2023-09-30', 4, 112.16, '2025-04-19 04:49:24', '2025-04-19 04:49:24'),
(304, 87, 69, '2023-02-18', 2, 231.7, '2025-04-19 04:49:24', '2025-04-19 04:49:24'),
(305, 649, 64, '2023-08-09', 3, 136.35, '2025-04-19 04:49:24', '2025-04-19 04:49:24'),
(306, 470, 89, '2023-11-13', 2, 279.69, '2025-04-19 04:49:24', '2025-04-19 04:49:24'),
(307, 926, 94, '2023-09-26', 5, 164.6, '2025-04-19 04:49:24', '2025-04-19 04:49:24'),
(308, 79, 42, '2023-07-10', 1, 86.69, '2025-04-19 04:49:24', '2025-04-19 04:49:24'),
(309, 742, 82, '2023-02-21', 4, 178.16, '2025-04-19 04:49:24', '2025-04-19 04:49:24'),
(310, 743, 11, '2023-06-22', 3, 155.63, '2025-04-19 04:49:24', '2025-04-19 04:49:24'),
(311, 23, 24, '2023-05-12', 1, 259.21, '2025-04-19 04:49:24', '2025-04-19 04:49:24'),
(312, 444, 15, '2023-04-09', 5, 115.24, '2025-04-19 04:49:24', '2025-04-19 04:49:24'),
(313, 311, 79, '2023-09-21', 5, 263.56, '2025-04-19 04:49:24', '2025-04-19 04:49:24'),
(314, 250, 89, '2023-01-26', 3, 193.33, '2025-04-19 04:49:24', '2025-04-19 04:49:24'),
(315, 221, 98, '2023-08-12', 3, 236.72, '2025-04-19 04:49:24', '2025-04-19 04:49:24'),
(316, 797, 24, '2023-05-22', 5, 217.86, '2025-04-19 04:49:24', '2025-04-19 04:49:24'),
(317, 620, 52, '2023-04-03', 3, 118.17, '2025-04-19 04:49:24', '2025-04-19 04:49:24'),
(318, 417, 27, '2023-01-10', 4, 214.3, '2025-04-19 04:49:24', '2025-04-19 04:49:24'),
(319, 282, 35, '2023-08-25', 5, 247.56, '2025-04-19 04:49:24', '2025-04-19 04:49:24'),
(320, 651, 41, '2023-02-19', 2, 106.21, '2025-04-19 04:49:24', '2025-04-19 04:49:24'),
(321, 727, 42, '2023-04-24', 1, 202.85, '2025-04-19 04:49:24', '2025-04-19 04:49:24'),
(322, 746, 92, '2023-11-08', 4, 196.98, '2025-04-19 04:49:24', '2025-04-19 04:49:24'),
(323, 651, 77, '2023-06-18', 5, 147.26, '2025-04-19 04:49:24', '2025-04-19 04:49:24'),
(324, 953, 72, '2023-01-07', 3, 135.15, '2025-04-19 04:49:24', '2025-04-19 04:49:24'),
(325, 355, 57, '2023-03-19', 4, 263.59, '2025-04-19 04:49:24', '2025-04-19 04:49:24'),
(326, 511, 27, '2023-09-30', 2, 218.25, '2025-04-19 04:49:24', '2025-04-19 04:49:24'),
(327, 262, 52, '2023-01-17', 5, 291.93, '2025-04-19 04:49:24', '2025-04-19 04:49:24'),
(328, 647, 63, '2023-10-15', 3, 70.77, '2025-04-19 04:49:24', '2025-04-19 04:49:24'),
(329, 766, 68, '2023-07-09', 3, 122.96, '2025-04-19 04:49:24', '2025-04-19 04:49:24'),
(330, 323, 58, '2023-08-28', 1, 88.98, '2025-04-19 04:49:24', '2025-04-19 04:49:24'),
(331, 599, 22, '2023-11-16', 3, 191.22, '2025-04-19 04:49:24', '2025-04-19 04:49:24'),
(332, 426, 98, '2023-01-12', 3, 189.11, '2025-04-19 04:49:24', '2025-04-19 04:49:24'),
(333, 503, 31, '2023-07-12', 5, 82.92, '2025-04-19 04:49:24', '2025-04-19 04:49:24'),
(334, 622, 16, '2023-02-19', 4, 104.58, '2025-04-19 04:49:24', '2025-04-19 04:49:24'),
(335, 114, 74, '2023-05-29', 2, 266.22, '2025-04-19 04:49:24', '2025-04-19 04:49:24'),
(336, 786, 100, '2023-07-25', 5, 152.13, '2025-04-19 04:49:24', '2025-04-19 04:49:24'),
(337, 770, 28, '2023-08-03', 5, 119.72, '2025-04-19 04:49:24', '2025-04-19 04:49:24'),
(338, 789, 47, '2023-11-19', 1, 216.06, '2025-04-19 04:49:24', '2025-04-19 04:49:24'),
(339, 704, 82, '2023-11-22', 3, 175.58, '2025-04-19 04:49:24', '2025-04-19 04:49:24'),
(340, 546, 51, '2023-04-26', 4, 173.71, '2025-04-19 04:49:24', '2025-04-19 04:49:24'),
(341, 476, 37, '2023-08-19', 2, 280.98, '2025-04-19 04:49:24', '2025-04-19 04:49:24'),
(342, 182, 52, '2023-05-28', 1, 183.17, '2025-04-19 04:49:24', '2025-04-19 04:49:24'),
(343, 343, 98, '2023-08-26', 2, 220.84, '2025-04-19 04:49:24', '2025-04-19 04:49:24'),
(344, 101, 50, '2023-10-25', 4, 293.56, '2025-04-19 04:49:24', '2025-04-19 04:49:24'),
(345, 421, 25, '2023-11-22', 1, 204.72, '2025-04-19 04:49:24', '2025-04-19 04:49:24'),
(346, 142, 79, '2023-11-14', 5, 299.73, '2025-04-19 04:49:24', '2025-04-19 04:49:24'),
(347, 614, 74, '2023-07-29', 1, 131.26, '2025-04-19 04:49:24', '2025-04-19 04:49:24'),
(348, 256, 22, '2023-10-19', 4, 221.09, '2025-04-19 04:49:24', '2025-04-19 04:49:24'),
(349, 975, 48, '2023-01-12', 5, 270.88, '2025-04-19 04:49:24', '2025-04-19 04:49:24'),
(350, 670, 50, '2023-10-10', 5, 265.86, '2025-04-19 04:49:24', '2025-04-19 04:49:24'),
(351, 871, 21, '2023-08-23', 3, 230.77, '2025-04-19 04:49:24', '2025-04-19 04:49:24'),
(352, 246, 23, '2023-08-30', 2, 130.68, '2025-04-19 04:49:24', '2025-04-19 04:49:24'),
(353, 301, 9, '2023-01-16', 2, 194.4, '2025-04-19 04:49:24', '2025-04-19 04:49:24'),
(354, 471, 32, '2023-11-05', 4, 297.43, '2025-04-19 04:49:24', '2025-04-19 04:49:24'),
(355, 816, 23, '2023-08-25', 5, 210.34, '2025-04-19 04:49:24', '2025-04-19 04:49:24'),
(356, 823, 78, '2023-06-19', 2, 111.22, '2025-04-19 04:49:24', '2025-04-19 04:49:24'),
(357, 740, 9, '2023-01-04', 1, 220.51, '2025-04-19 04:49:24', '2025-04-19 04:49:24'),
(358, 417, 67, '2023-08-29', 4, 67.59, '2025-04-19 04:49:24', '2025-04-19 04:49:24'),
(359, 428, 34, '2023-10-03', 1, 228.95, '2025-04-19 04:49:24', '2025-04-19 04:49:24'),
(360, 622, 83, '2023-10-01', 1, 159.63, '2025-04-19 04:49:24', '2025-04-19 04:49:24'),
(361, 848, 93, '2023-01-31', 3, 252.92, '2025-04-19 04:49:24', '2025-04-19 04:49:24'),
(362, 849, 93, '2023-01-21', 3, 149.86, '2025-04-19 04:49:24', '2025-04-19 04:49:24'),
(363, 950, 66, '2023-11-19', 4, 157.15, '2025-04-19 04:49:24', '2025-04-19 04:49:24'),
(364, 128, 14, '2023-03-16', 3, 239.49, '2025-04-19 04:49:24', '2025-04-19 04:49:24'),
(365, 594, 97, '2023-02-27', 2, 141.62, '2025-04-19 04:49:24', '2025-04-19 04:49:24'),
(366, 673, 44, '2023-03-14', 2, 248.89, '2025-04-19 04:49:24', '2025-04-19 04:49:24'),
(367, 216, 34, '2023-02-19', 3, 210.51, '2025-04-19 04:49:24', '2025-04-19 04:49:24'),
(368, 76, 59, '2023-09-09', 2, 239.25, '2025-04-19 04:49:24', '2025-04-19 04:49:24'),
(369, 351, 38, '2023-08-16', 3, 246.84, '2025-04-19 04:49:24', '2025-04-19 04:49:24'),
(370, 717, 34, '2023-10-18', 3, 198.61, '2025-04-19 04:49:24', '2025-04-19 04:49:24'),
(371, 780, 18, '2023-03-17', 5, 122.11, '2025-04-19 04:49:24', '2025-04-19 04:49:24'),
(372, 227, 48, '2023-10-16', 3, 228.45, '2025-04-19 04:49:24', '2025-04-19 04:49:24'),
(373, 315, 92, '2023-03-23', 5, 208.47, '2025-04-19 04:49:24', '2025-04-19 04:49:24'),
(374, 487, 92, '2023-08-14', 3, 88.61, '2025-04-19 04:49:24', '2025-04-19 04:49:24'),
(375, 825, 89, '2023-03-07', 2, 201.86, '2025-04-19 04:49:24', '2025-04-19 04:49:24'),
(376, 880, 50, '2023-05-12', 2, 57.0, '2025-04-19 04:49:24', '2025-04-19 04:49:24'),
(377, 217, 75, '2023-06-05', 2, 196.06, '2025-04-19 04:49:24', '2025-04-19 04:49:24'),
(378, 266, 47, '2023-09-18', 5, 151.46, '2025-04-19 04:49:24', '2025-04-19 04:49:24'),
(379, 634, 22, '2023-06-26', 2, 196.78, '2025-04-19 04:49:24', '2025-04-19 04:49:24'),
(380, 514, 41, '2023-09-25', 3, 144.49, '2025-04-19 04:49:24', '2025-04-19 04:49:24'),
(381, 949, 63, '2023-11-28', 2, 267.7, '2025-04-19 04:49:24', '2025-04-19 04:49:24'),
(382, 494, 23, '2023-09-05', 4, 53.56, '2025-04-19 04:49:24', '2025-04-19 04:49:24'),
(383, 970, 9, '2023-06-25', 2, 127.33, '2025-04-19 04:49:24', '2025-04-19 04:49:24'),
(384, 230, 20, '2023-05-23', 5, 244.5, '2025-04-19 04:49:24', '2025-04-19 04:49:24'),
(385, 809, 16, '2023-11-29', 2, 139.13, '2025-04-19 04:49:24', '2025-04-19 04:49:24'),
(386, 471, 73, '2023-11-23', 1, 259.99, '2025-04-19 04:49:24', '2025-04-19 04:49:24'),
(387, 867, 68, '2023-04-27', 2, 140.89, '2025-04-19 04:49:24', '2025-04-19 04:49:24'),
(388, 34, 52, '2023-11-17', 1, 288.01, '2025-04-19 04:49:24', '2025-04-19 04:49:24'),
(389, 520, 9, '2023-05-19', 5, 290.41, '2025-04-19 04:49:24', '2025-04-19 04:49:24'),
(390, 867, 95, '2023-10-03', 1, 292.61, '2025-04-19 04:49:24', '2025-04-19 04:49:24'),
(391, 58, 58, '2023-10-18', 5, 111.99, '2025-04-19 04:49:24', '2025-04-19 04:49:24'),
(392, 263, 95, '2023-04-04', 2, 107.08, '2025-04-19 04:49:24', '2025-04-19 04:49:24'),
(393, 735, 59, '2023-04-01', 1, 294.84, '2025-04-19 04:49:24', '2025-04-19 04:49:24'),
(394, 273, 71, '2023-05-23', 1, 235.78, '2025-04-19 04:49:24', '2025-04-19 04:49:24'),
(395, 751, 9, '2023-03-09', 5, 125.69, '2025-04-19 04:49:24', '2025-04-19 04:49:24'),
(396, 213, 30, '2023-05-05', 5, 240.42, '2025-04-19 04:49:24', '2025-04-19 04:49:24'),
(397, 489, 60, '2023-02-20', 5, 270.41, '2025-04-19 04:49:24', '2025-04-19 04:49:24'),
(398, 53, 41, '2023-11-21', 1, 99.11, '2025-04-19 04:49:24', '2025-04-19 04:49:24'),
(399, 120, 57, '2023-02-12', 4, 99.35, '2025-04-19 04:49:24', '2025-04-19 04:49:24'),
(400, 556, 76, '2023-04-21', 5, 171.81, '2025-04-19 04:49:24', '2025-04-19 04:49:24'),
(401, 583, 2, '2023-10-25', 4, 265.28, '2025-04-19 04:49:24', '2025-04-19 04:49:24'),
(402, 115, 93, '2023-08-15', 2, 197.23, '2025-04-19 04:49:24', '2025-04-19 04:49:24'),
(403, 651, 79, '2023-08-22', 1, 112.94, '2025-04-19 04:49:24', '2025-04-19 04:49:24'),
(404, 417, 77, '2023-05-19', 4, 207.78, '2025-04-19 04:49:24', '2025-04-19 04:49:24'),
(405, 337, 65, '2023-09-05', 5, 120.94, '2025-04-19 04:49:24', '2025-04-19 04:49:24'),
(406, 661, 39, '2023-05-16', 5, 112.26, '2025-04-19 04:49:24', '2025-04-19 04:49:24'),
(407, 282, 87, '2023-10-15', 5, 127.2, '2025-04-19 04:49:24', '2025-04-19 04:49:24'),
(408, 451, 15, '2023-04-04', 4, 51.63, '2025-04-19 04:49:24', '2025-04-19 04:49:24'),
(409, 915, 66, '2023-08-29', 4, 90.78, '2025-04-19 04:49:24', '2025-04-19 04:49:24'),
(410, 68, 98, '2023-08-10', 3, 73.64, '2025-04-19 04:49:24', '2025-04-19 04:49:24'),
(411, 883, 57, '2023-06-25', 5, 255.64, '2025-04-19 04:49:24', '2025-04-19 04:49:24'),
(412, 199, 100, '2023-02-25', 2, 103.3, '2025-04-19 04:49:24', '2025-04-19 04:49:24'),
(413, 514, 40, '2023-06-13', 5, 167.97, '2025-04-19 04:49:24', '2025-04-19 04:49:24'),
(414, 702, 39, '2023-11-09', 2, 192.75, '2025-04-19 04:49:24', '2025-04-19 04:49:24'),
(415, 159, 42, '2023-03-22', 2, 241.6, '2025-04-19 04:49:24', '2025-04-19 04:49:24'),
(416, 805, 22, '2023-03-22', 5, 215.65, '2025-04-19 04:49:24', '2025-04-19 04:49:24'),
(417, 334, 67, '2023-08-31', 5, 247.19, '2025-04-19 04:49:24', '2025-04-19 04:49:24'),
(418, 799, 93, '2023-05-18', 2, 283.21, '2025-04-19 04:49:24', '2025-04-19 04:49:24'),
(419, 484, 39, '2023-07-09', 2, 126.56, '2025-04-19 04:49:24', '2025-04-19 04:49:24'),
(420, 745, 46, '2023-06-11', 4, 127.0, '2025-04-19 04:49:24', '2025-04-19 04:49:24'),
(421, 577, 51, '2023-08-02', 1, 240.56, '2025-04-19 04:49:24', '2025-04-19 04:49:24'),
(422, 414, 8, '2023-07-29', 3, 211.45, '2025-04-19 04:49:24', '2025-04-19 04:49:24'),
(423, 144, 59, '2023-05-21', 1, 254.63, '2025-04-19 04:49:24', '2025-04-19 04:49:24'),
(424, 208, 27, '2023-05-12', 3, 258.14, '2025-04-19 04:49:24', '2025-04-19 04:49:24'),
(425, 25, 42, '2023-08-07', 4, 131.42, '2025-04-19 04:49:24', '2025-04-19 04:49:24'),
(426, 574, 95, '2023-04-13', 2, 204.39, '2025-04-19 04:49:24', '2025-04-19 04:49:24'),
(427, 451, 36, '2023-02-24', 1, 110.78, '2025-04-19 04:49:24', '2025-04-19 04:49:24'),
(428, 334, 93, '2023-09-03', 5, 167.47, '2025-04-19 04:49:24', '2025-04-19 04:49:24'),
(429, 995, 6, '2023-07-19', 4, 112.46, '2025-04-19 04:49:24', '2025-04-19 04:49:24'),
(430, 622, 76, '2023-07-12', 1, 75.36, '2025-04-19 04:49:24', '2025-04-19 04:49:24'),
(431, 655, 44, '2023-05-22', 5, 142.36, '2025-04-19 04:49:24', '2025-04-19 04:49:24'),
(432, 946, 37, '2023-02-26', 4, 83.57, '2025-04-19 04:49:24', '2025-04-19 04:49:24'),
(433, 768, 10, '2023-06-16', 4, 256.08, '2025-04-19 04:49:24', '2025-04-19 04:49:24'),
(434, 895, 20, '2023-10-29', 3, 193.52, '2025-04-19 04:49:24', '2025-04-19 04:49:24'),
(435, 576, 12, '2023-08-13', 2, 131.96, '2025-04-19 04:49:24', '2025-04-19 04:49:24'),
(436, 560, 98, '2023-05-14', 5, 182.76, '2025-04-19 04:49:24', '2025-04-19 04:49:24'),
(437, 299, 89, '2023-01-12', 2, 243.03, '2025-04-19 04:49:24', '2025-04-19 04:49:24'),
(438, 70, 90, '2023-06-10', 3, 276.28, '2025-04-19 04:49:24', '2025-04-19 04:49:24'),
(439, 457, 96, '2023-04-20', 2, 130.32, '2025-04-19 04:49:24', '2025-04-19 04:49:24'),
(440, 234, 59, '2023-07-05', 3, 99.75, '2025-04-19 04:49:24', '2025-04-19 04:49:24'),
(441, 995, 91, '2023-05-13', 3, 200.9, '2025-04-19 04:49:24', '2025-04-19 04:49:24'),
(442, 956, 3, '2023-03-13', 1, 210.56, '2025-04-19 04:49:24', '2025-04-19 04:49:24'),
(443, 438, 51, '2023-09-07', 1, 257.92, '2025-04-19 04:49:24', '2025-04-19 04:49:24'),
(444, 62, 66, '2023-07-11', 1, 191.43, '2025-04-19 04:49:24', '2025-04-19 04:49:24'),
(445, 33, 65, '2023-06-17', 5, 173.0, '2025-04-19 04:49:24', '2025-04-19 04:49:24'),
(446, 589, 43, '2023-11-21', 1, 233.61, '2025-04-19 04:49:24', '2025-04-19 04:49:24'),
(447, 579, 12, '2023-10-13', 1, 182.94, '2025-04-19 04:49:24', '2025-04-19 04:49:24'),
(448, 818, 66, '2023-02-14', 5, 280.62, '2025-04-19 04:49:24', '2025-04-19 04:49:24'),
(449, 625, 84, '2023-04-08', 1, 241.78, '2025-04-19 04:49:24', '2025-04-19 04:49:24'),
(450, 442, 36, '2023-08-27', 4, 272.34, '2025-04-19 04:49:24', '2025-04-19 04:49:24'),
(451, 757, 20, '2023-11-30', 3, 68.26, '2025-04-19 04:49:24', '2025-04-19 04:49:24'),
(452, 664, 74, '2023-06-23', 4, 181.93, '2025-04-19 04:49:24', '2025-04-19 04:49:24'),
(453, 710, 95, '2023-08-10', 1, 150.37, '2025-04-19 04:49:24', '2025-04-19 04:49:24'),
(454, 301, 1, '2023-11-16', 4, 54.72, '2025-04-19 04:49:24', '2025-04-19 04:49:24'),
(455, 231, 42, '2023-08-07', 2, 114.71, '2025-04-19 04:49:24', '2025-04-19 04:49:24'),
(456, 229, 75, '2023-06-17', 5, 164.44, '2025-04-19 04:49:24', '2025-04-19 04:49:24'),
(457, 682, 26, '2023-10-22', 3, 273.31, '2025-04-19 04:49:24', '2025-04-19 04:49:24'),
(458, 733, 74, '2023-03-20', 2, 243.25, '2025-04-19 04:49:24', '2025-04-19 04:49:24'),
(459, 212, 40, '2023-04-03', 1, 56.56, '2025-04-19 04:49:24', '2025-04-19 04:49:24'),
(460, 617, 6, '2023-03-07', 5, 137.13, '2025-04-19 04:49:24', '2025-04-19 04:49:24'),
(461, 71, 42, '2023-06-11', 2, 214.54, '2025-04-19 04:49:24', '2025-04-19 04:49:24'),
(462, 207, 39, '2023-03-25', 4, 297.75, '2025-04-19 04:49:24', '2025-04-19 04:49:24'),
(463, 239, 28, '2023-07-01', 1, 84.33, '2025-04-19 04:49:24', '2025-04-19 04:49:24'),
(464, 921, 57, '2023-03-05', 4, 56.36, '2025-04-19 04:49:24', '2025-04-19 04:49:24'),
(465, 889, 96, '2023-04-17', 4, 62.3, '2025-04-19 04:49:24', '2025-04-19 04:49:24'),
(466, 450, 52, '2023-04-12', 2, 242.75, '2025-04-19 04:49:24', '2025-04-19 04:49:24'),
(467, 605, 16, '2023-02-17', 2, 176.68, '2025-04-19 04:49:24', '2025-04-19 04:49:24'),
(468, 593, 93, '2023-09-22', 1, 90.72, '2025-04-19 04:49:24', '2025-04-19 04:49:24'),
(469, 215, 16, '2023-09-08', 5, 139.6, '2025-04-19 04:49:24', '2025-04-19 04:49:24'),
(470, 325, 54, '2023-04-08', 2, 296.29, '2025-04-19 04:49:24', '2025-04-19 04:49:24'),
(471, 819, 65, '2023-07-04', 4, 113.82, '2025-04-19 04:49:24', '2025-04-19 04:49:24'),
(472, 115, 59, '2023-01-09', 1, 145.01, '2025-04-19 04:49:24', '2025-04-19 04:49:24'),
(473, 431, 52, '2023-02-21', 3, 140.1, '2025-04-19 04:49:24', '2025-04-19 04:49:24'),
(474, 318, 9, '2023-08-11', 3, 107.34, '2025-04-19 04:49:24', '2025-04-19 04:49:24'),
(475, 719, 11, '2023-11-30', 4, 268.99, '2025-04-19 04:49:24', '2025-04-19 04:49:24'),
(476, 17, 36, '2023-11-28', 3, 61.34, '2025-04-19 04:49:24', '2025-04-19 04:49:24'),
(477, 868, 32, '2023-04-01', 5, 52.32, '2025-04-19 04:49:24', '2025-04-19 04:49:24'),
(478, 532, 20, '2023-03-13', 4, 240.57, '2025-04-19 04:49:24', '2025-04-19 04:49:24'),
(479, 63, 77, '2023-04-18', 3, 142.93, '2025-04-19 04:49:24', '2025-04-19 04:49:24'),
(480, 425, 21, '2023-08-03', 2, 93.66, '2025-04-19 04:49:24', '2025-04-19 04:49:24'),
(481, 532, 20, '2023-04-03', 3, 269.77, '2025-04-19 04:49:24', '2025-04-19 04:49:24'),
(482, 113, 21, '2023-01-16', 4, 101.02, '2025-04-19 04:49:24', '2025-04-19 04:49:24'),
(483, 414, 81, '2023-07-11', 3, 205.48, '2025-04-19 04:49:24', '2025-04-19 04:49:24'),
(484, 30, 4, '2023-06-19', 1, 272.21, '2025-04-19 04:49:24', '2025-04-19 04:49:24'),
(485, 36, 95, '2023-03-15', 4, 61.62, '2025-04-19 04:49:24', '2025-04-19 04:49:24'),
(486, 387, 98, '2023-11-03', 5, 92.44, '2025-04-19 04:49:24', '2025-04-19 04:49:24'),
(487, 103, 2, '2023-06-28', 2, 73.03, '2025-04-19 04:49:24', '2025-04-19 04:49:24'),
(488, 68, 15, '2023-09-01', 4, 295.84, '2025-04-19 04:49:24', '2025-04-19 04:49:24'),
(489, 877, 69, '2023-08-14', 2, 264.23, '2025-04-19 04:49:24', '2025-04-19 04:49:24'),
(490, 829, 82, '2023-01-01', 3, 169.06, '2025-04-19 04:49:24', '2025-04-19 04:49:24'),
(491, 922, 33, '2023-03-07', 3, 214.09, '2025-04-19 04:49:24', '2025-04-19 04:49:24'),
(492, 375, 79, '2023-02-19', 4, 173.2, '2025-04-19 04:49:24', '2025-04-19 04:49:24'),
(493, 852, 74, '2023-04-11', 2, 104.83, '2025-04-19 04:49:24', '2025-04-19 04:49:24'),
(494, 133, 19, '2023-04-26', 1, 235.8, '2025-04-19 04:49:24', '2025-04-19 04:49:24'),
(495, 735, 52, '2023-05-25', 5, 76.31, '2025-04-19 04:49:24', '2025-04-19 04:49:24'),
(496, 232, 33, '2023-04-05', 3, 132.16, '2025-04-19 04:49:24', '2025-04-19 04:49:24'),
(497, 998, 60, '2023-10-30', 5, 179.23, '2025-04-19 04:49:24', '2025-04-19 04:49:24'),
(498, 905, 35, '2023-03-09', 3, 155.51, '2025-04-19 04:49:24', '2025-04-19 04:49:24'),
(499, 678, 19, '2023-10-24', 1, 236.98, '2025-04-19 04:49:24', '2025-04-19 04:49:24'),
(500, 819, 50, '2023-11-20', 1, 248.55, '2025-04-19 04:49:24', '2025-04-19 04:49:24');

-- invoices
INSERT INTO invoices (invoice_id, booking_id, issue_date, due_date, amount, tax_amount, total_amount, payment_status, payment_method, payment_date, created_at, updated_at) VALUES
(1, 1, '2023-04-04', '2023-12-02', 371.61, 11.65, 2027.98, 'Paid', 'Cash', '2023-12-25', '2025-04-19 04:49:24', '2025-04-19 04:49:24'),
(2, 2, '2023-01-06', '2024-01-07', 1013.48, 172.25, 631.82, 'Overdue', 'Cash', '2024-01-02', '2025-04-19 04:49:24', '2025-04-19 04:49:24'),
(3, 3, '2023-04-20', '2023-12-31', 1280.49, 111.45, 470.98, 'Pending', 'Online', '2024-01-23', '2025-04-19 04:49:24', '2025-04-19 04:49:24'),
(4, 4, '2023-09-21', '2024-01-30', 740.97, 199.35, 628.53, 'Pending', 'Cash', '2024-01-23', '2025-04-19 04:49:24', '2025-04-19 04:49:24'),
(5, 5, '2023-10-09', '2023-12-31', 1360.17, 135.26, 987.46, 'Overdue', 'Cash', '2023-12-09', '2025-04-19 04:49:24', '2025-04-19 04:49:24'),
(6, 6, '2023-07-07', '2023-12-29', 1320.36, 193.13, 490.32, 'Paid', 'Cash', '2024-01-27', '2025-04-19 04:49:24', '2025-04-19 04:49:24'),
(7, 7, '2023-02-26', '2023-12-09', 1145.88, 62.66, 2208.61, 'Pending', 'Cash', '2024-01-01', '2025-04-19 04:49:24', '2025-04-19 04:49:24'),
(8, 8, '2023-10-11', '2024-01-31', 257.64, 174.06, 1360.86, 'Pending', 'Online', '2023-12-17', '2025-04-19 04:49:24', '2025-04-19 04:49:24'),
(9, 9, '2023-03-14', '2024-01-24', 1393.09, 156.3, 656.96, 'Overdue', 'Cash', '2024-01-07', '2025-04-19 04:49:24', '2025-04-19 04:49:24'),
(10, 10, '2023-11-04', '2024-01-20', 388.37, 172.69, 1407.6, 'Overdue', 'Cash', '2024-01-08', '2025-04-19 04:49:24', '2025-04-19 04:49:24'),
(11, 11, '2023-04-28', '2024-01-15', 1899.61, 108.52, 1061.29, 'Paid', 'Online', '2023-12-15', '2025-04-19 04:49:24', '2025-04-19 04:49:24'),
(12, 12, '2023-11-22', '2024-01-11', 1731.99, 49.12, 2340.49, 'Overdue', 'Credit Card', '2024-01-08', '2025-04-19 04:49:24', '2025-04-19 04:49:24'),
(13, 13, '2023-11-09', '2023-12-29', 1730.76, 59.29, 2405.83, 'Pending', 'Cash', '2023-12-29', '2025-04-19 04:49:24', '2025-04-19 04:49:24'),
(14, 14, '2023-09-25', '2023-12-28', 1798.11, 96.26, 513.08, 'Pending', 'Credit Card', '2023-12-09', '2025-04-19 04:49:24', '2025-04-19 04:49:24'),
(15, 15, '2023-05-09', '2024-01-16', 1155.94, 65.76, 2323.02, 'Overdue', 'Online', '2023-12-09', '2025-04-19 04:49:24', '2025-04-19 04:49:24'),
(16, 16, '2023-01-31', '2024-01-19', 879.71, 33.04, 2091.61, 'Paid', 'Cash', '2024-01-24', '2025-04-19 04:49:24', '2025-04-19 04:49:24'),
(17, 17, '2023-03-23', '2024-01-12', 896.12, 120.33, 771.72, 'Pending', 'Credit Card', '2023-12-19', '2025-04-19 04:49:24', '2025-04-19 04:49:24'),
(18, 18, '2023-05-22', '2023-12-10', 1796.01, 29.08, 1901.21, 'Overdue', 'Credit Card', '2023-12-18', '2025-04-19 04:49:24', '2025-04-19 04:49:24'),
(19, 19, '2023-08-16', '2023-12-11', 1377.25, 153.31, 224.77, 'Paid', 'Online', '2023-12-24', '2025-04-19 04:49:24', '2025-04-19 04:49:24'),
(20, 20, '2023-09-26', '2023-12-08', 1566.15, 121.7, 734.02, 'Pending', 'Cash', '2024-01-26', '2025-04-19 04:49:24', '2025-04-19 04:49:24'),
(21, 21, '2023-03-05', '2024-01-05', 1511.53, 93.6, 361.93, 'Overdue', 'Cash', '2024-01-30', '2025-04-19 04:49:24', '2025-04-19 04:49:24'),
(22, 22, '2023-05-20', '2024-01-31', 1977.12, 79.39, 2249.57, 'Paid', 'Online', '2024-01-03', '2025-04-19 04:49:24', '2025-04-19 04:49:24'),
(23, 23, '2023-08-07', '2024-01-08', 420.07, 143.4, 2190.66, 'Pending', 'Cash', '2023-12-19', '2025-04-19 04:49:24', '2025-04-19 04:49:24'),
(24, 24, '2023-09-25', '2023-12-08', 268.29, 147.69, 2407.39, 'Pending', 'Credit Card', '2024-01-29', '2025-04-19 04:49:24', '2025-04-19 04:49:24'),
(25, 25, '2023-09-11', '2024-01-24', 1433.04, 89.33, 330.3, 'Paid', 'Cash', '2024-01-27', '2025-04-19 04:49:24', '2025-04-19 04:49:24'),
(26, 26, '2023-05-22', '2024-01-28', 578.17, 104.03, 1165.18, 'Pending', 'Cash', '2023-12-10', '2025-04-19 04:49:24', '2025-04-19 04:49:24'),
(27, 27, '2023-01-07', '2023-12-08', 1454.88, 99.68, 1547.3, 'Paid', 'Online', '2024-01-01', '2025-04-19 04:49:24', '2025-04-19 04:49:24'),
(28, 28, '2023-05-17', '2023-12-08', 1994.87, 166.12, 1322.08, 'Overdue', 'Online', '2023-12-29', '2025-04-19 04:49:24', '2025-04-19 04:49:24'),
(29, 29, '2023-11-07', '2024-01-04', 1753.75, 135.17, 296.83, 'Paid', 'Online', '2024-01-27', '2025-04-19 04:49:24', '2025-04-19 04:49:24'),
(30, 30, '2023-11-26', '2023-12-08', 1193.69, 27.91, 1957.27, 'Pending', 'Online', '2024-01-17', '2025-04-19 04:49:24', '2025-04-19 04:49:24'),
(31, 31, '2023-11-06', '2023-12-28', 1649.04, 145.07, 291.69, 'Overdue', 'Cash', '2024-01-28', '2025-04-19 04:49:24', '2025-04-19 04:49:24'),
(32, 32, '2023-08-24', '2024-01-07', 1740.48, 12.27, 1116.99, 'Overdue', 'Online', '2024-01-23', '2025-04-19 04:49:24', '2025-04-19 04:49:24'),
(33, 33, '2023-08-10', '2024-01-13', 1825.35, 47.13, 615.7, 'Overdue', 'Cash', '2023-12-11', '2025-04-19 04:49:24', '2025-04-19 04:49:24'),
(34, 34, '2023-05-30', '2024-01-29', 883.07, 10.53, 1250.23, 'Pending', 'Cash', '2024-01-26', '2025-04-19 04:49:24', '2025-04-19 04:49:24'),
(35, 35, '2023-06-26', '2023-12-24', 1949.8, 53.5, 1225.82, 'Paid', 'Cash', '2024-01-03', '2025-04-19 04:49:24', '2025-04-19 04:49:24'),
(36, 36, '2023-11-22', '2023-12-18', 1560.36, 36.32, 1484.5, 'Overdue', 'Online', '2023-12-25', '2025-04-19 04:49:24', '2025-04-19 04:49:24'),
(37, 37, '2023-07-25', '2024-01-19', 762.22, 164.02, 2142.86, 'Paid', 'Cash', '2023-12-27', '2025-04-19 04:49:24', '2025-04-19 04:49:24'),
(38, 38, '2023-11-12', '2024-01-05', 1505.73, 168.07, 723.41, 'Pending', 'Credit Card', '2024-02-01', '2025-04-19 04:49:24', '2025-04-19 04:49:24'),
(39, 39, '2023-02-16', '2024-01-11', 871.52, 126.25, 1670.79, 'Pending', 'Credit Card', '2023-12-21', '2025-04-19 04:49:24', '2025-04-19 04:49:24'),
(40, 40, '2023-09-06', '2023-12-24', 740.3, 90.36, 1031.37, 'Paid', 'Credit Card', '2023-12-25', '2025-04-19 04:49:24', '2025-04-19 04:49:24'),
(41, 41, '2023-01-09', '2023-12-09', 460.6, 65.55, 1364.07, 'Overdue', 'Online', '2023-12-23', '2025-04-19 04:49:24', '2025-04-19 04:49:24'),
(42, 42, '2023-10-14', '2024-01-05', 438.03, 125.6, 374.65, 'Paid', 'Credit Card', '2024-01-19', '2025-04-19 04:49:24', '2025-04-19 04:49:24'),
(43, 43, '2023-11-03', '2024-01-29', 1766.17, 83.9, 805.75, 'Overdue', 'Cash', '2024-01-08', '2025-04-19 04:49:24', '2025-04-19 04:49:24'),
(44, 44, '2023-07-01', '2023-12-27', 352.76, 80.12, 2143.52, 'Overdue', 'Cash', '2024-01-13', '2025-04-19 04:49:24', '2025-04-19 04:49:24'),
(45, 45, '2023-10-19', '2023-12-07', 715.29, 48.84, 2100.11, 'Paid', 'Online', '2023-12-14', '2025-04-19 04:49:24', '2025-04-19 04:49:24'),
(46, 46, '2023-05-21', '2023-12-03', 1039.54, 167.48, 2461.5, 'Paid', 'Credit Card', '2024-01-02', '2025-04-19 04:49:24', '2025-04-19 04:49:24'),
(47, 47, '2023-11-28', '2024-01-22', 510.34, 7.42, 760.46, 'Paid', 'Online', '2024-01-04', '2025-04-19 04:49:24', '2025-04-19 04:49:24'),
(48, 48, '2023-08-13', '2023-12-28', 1157.01, 199.68, 642.15, 'Paid', 'Online', '2024-01-11', '2025-04-19 04:49:24', '2025-04-19 04:49:24'),
(49, 49, '2023-07-24', '2024-01-11', 1193.37, 180.96, 1090.34, 'Pending', 'Online', '2024-01-24', '2025-04-19 04:49:24', '2025-04-19 04:49:24'),
(50, 50, '2023-07-06', '2024-01-22', 1623.28, 89.11, 1038.38, 'Paid', 'Cash', '2024-01-08', '2025-04-19 04:49:24', '2025-04-19 04:49:24'),
(51, 51, '2023-07-02', '2023-12-06', 1920.37, 31.23, 2177.87, 'Overdue', 'Credit Card', '2024-01-24', '2025-04-19 04:49:24', '2025-04-19 04:49:24'),
(52, 52, '2023-10-03', '2024-01-08', 344.65, 196.3, 2003.7, 'Overdue', 'Online', '2024-01-04', '2025-04-19 04:49:24', '2025-04-19 04:49:24'),
(53, 53, '2023-10-02', '2023-12-22', 299.13, 166.13, 724.0, 'Pending', 'Online', '2024-01-18', '2025-04-19 04:49:24', '2025-04-19 04:49:24'),
(54, 54, '2023-11-27', '2024-01-06', 1660.05, 48.67, 819.01, 'Paid', 'Cash', '2024-01-13', '2025-04-19 04:49:24', '2025-04-19 04:49:24'),
(55, 55, '2023-08-13', '2024-01-02', 1223.02, 17.61, 2490.31, 'Paid', 'Online', '2024-01-02', '2025-04-19 04:49:24', '2025-04-19 04:49:24'),
(56, 56, '2023-10-14', '2024-01-12', 209.34, 72.78, 2195.43, 'Paid', 'Credit Card', '2024-01-17', '2025-04-19 04:49:24', '2025-04-19 04:49:24'),
(57, 57, '2023-07-01', '2023-12-06', 1914.0, 58.84, 779.63, 'Overdue', 'Credit Card', '2024-01-19', '2025-04-19 04:49:24', '2025-04-19 04:49:24'),
(58, 58, '2023-11-03', '2024-01-02', 918.58, 154.05, 506.72, 'Pending', 'Credit Card', '2024-01-16', '2025-04-19 04:49:24', '2025-04-19 04:49:24'),
(59, 59, '2023-08-20', '2023-12-21', 1122.95, 136.56, 960.23, 'Overdue', 'Online', '2023-12-31', '2025-04-19 04:49:24', '2025-04-19 04:49:24'),
(60, 60, '2023-03-15', '2024-01-20', 1125.26, 137.86, 923.25, 'Paid', 'Online', '2023-12-08', '2025-04-19 04:49:24', '2025-04-19 04:49:24'),
(61, 61, '2023-07-03', '2024-01-08', 327.4, 195.58, 1611.86, 'Overdue', 'Cash', '2024-01-20', '2025-04-19 04:49:24', '2025-04-19 04:49:24'),
(62, 62, '2023-03-24', '2024-01-17', 469.78, 196.06, 1979.59, 'Paid', 'Credit Card', '2023-12-06', '2025-04-19 04:49:24', '2025-04-19 04:49:24'),
(63, 63, '2023-11-29', '2024-01-30', 1040.45, 28.3, 404.94, 'Pending', 'Online', '2024-01-18', '2025-04-19 04:49:24', '2025-04-19 04:49:24'),
(64, 64, '2023-07-18', '2024-01-22', 874.39, 140.8, 518.57, 'Pending', 'Credit Card', '2023-12-11', '2025-04-19 04:49:24', '2025-04-19 04:49:24'),
(65, 65, '2023-06-09', '2023-12-24', 437.08, 88.92, 779.63, 'Paid', 'Credit Card', '2023-12-21', '2025-04-19 04:49:24', '2025-04-19 04:49:24'),
(66, 66, '2023-07-25', '2023-12-14', 530.62, 197.2, 1655.92, 'Pending', 'Cash', '2024-01-22', '2025-04-19 04:49:24', '2025-04-19 04:49:24'),
(67, 67, '2023-02-18', '2024-01-04', 589.76, 176.46, 340.07, 'Overdue', 'Credit Card', '2024-01-17', '2025-04-19 04:49:24', '2025-04-19 04:49:24'),
(68, 68, '2023-07-11', '2023-12-08', 420.17, 192.9, 1416.98, 'Paid', 'Cash', '2023-12-29', '2025-04-19 04:49:24', '2025-04-19 04:49:24'),
(69, 69, '2023-06-06', '2023-12-03', 1620.07, 115.78, 1062.12, 'Paid', 'Credit Card', '2023-12-17', '2025-04-19 04:49:24', '2025-04-19 04:49:24'),
(70, 70, '2023-11-22', '2024-01-10', 1046.58, 109.37, 2444.28, 'Paid', 'Online', '2024-02-01', '2025-04-19 04:49:24', '2025-04-19 04:49:24'),
(71, 71, '2023-03-21', '2024-01-09', 810.92, 39.5, 1213.6, 'Paid', 'Online', '2023-12-14', '2025-04-19 04:49:24', '2025-04-19 04:49:24'),
(72, 72, '2023-08-16', '2023-12-03', 1281.96, 187.38, 2242.94, 'Paid', 'Cash', '2023-12-23', '2025-04-19 04:49:24', '2025-04-19 04:49:24'),
(73, 73, '2023-02-25', '2023-12-24', 1397.76, 120.07, 584.99, 'Paid', 'Cash', '2023-12-17', '2025-04-19 04:49:24', '2025-04-19 04:49:24'),
(74, 74, '2023-11-05', '2023-12-11', 1994.95, 184.4, 2356.98, 'Overdue', 'Online', '2024-01-27', '2025-04-19 04:49:24', '2025-04-19 04:49:24'),
(75, 75, '2023-07-19', '2024-01-21', 951.08, 27.69, 1475.26, 'Pending', 'Credit Card', '2023-12-28', '2025-04-19 04:49:24', '2025-04-19 04:49:24'),
(76, 76, '2023-03-14', '2023-12-17', 1924.74, 100.7, 2026.32, 'Paid', 'Cash', '2023-12-08', '2025-04-19 04:49:24', '2025-04-19 04:49:24'),
(77, 77, '2023-09-03', '2024-01-22', 1702.84, 133.63, 1935.61, 'Overdue', 'Credit Card', '2024-01-28', '2025-04-19 04:49:24', '2025-04-19 04:49:24'),
(78, 78, '2023-09-24', '2023-12-07', 1360.67, 67.51, 1412.88, 'Overdue', 'Online', '2024-01-08', '2025-04-19 04:49:24', '2025-04-19 04:49:24'),
(79, 79, '2023-09-25', '2023-12-27', 1538.15, 130.42, 849.89, 'Paid', 'Cash', '2024-01-22', '2025-04-19 04:49:24', '2025-04-19 04:49:24'),
(80, 80, '2023-04-12', '2023-12-20', 1894.07, 88.13, 1200.82, 'Paid', 'Cash', '2023-12-06', '2025-04-19 04:49:24', '2025-04-19 04:49:24'),
(81, 81, '2023-09-09', '2023-12-08', 710.88, 99.4, 1094.26, 'Pending', 'Cash', '2024-01-23', '2025-04-19 04:49:24', '2025-04-19 04:49:24'),
(82, 82, '2023-01-29', '2024-01-04', 1679.39, 41.68, 405.13, 'Overdue', 'Online', '2024-01-31', '2025-04-19 04:49:24', '2025-04-19 04:49:24'),
(83, 83, '2023-10-20', '2024-01-05', 429.38, 66.16, 310.3, 'Paid', 'Credit Card', '2023-12-24', '2025-04-19 04:49:24', '2025-04-19 04:49:24'),
(84, 84, '2023-07-17', '2023-12-14', 768.35, 109.86, 2094.62, 'Overdue', 'Cash', '2024-01-21', '2025-04-19 04:49:24', '2025-04-19 04:49:24'),
(85, 85, '2023-09-18', '2024-01-04', 1713.52, 104.21, 1766.61, 'Paid', 'Credit Card', '2023-12-11', '2025-04-19 04:49:24', '2025-04-19 04:49:24'),
(86, 86, '2023-08-23', '2024-01-31', 452.84, 48.21, 936.71, 'Overdue', 'Credit Card', '2024-01-05', '2025-04-19 04:49:24', '2025-04-19 04:49:24'),
(87, 87, '2023-04-16', '2024-01-07', 1316.8, 8.04, 2320.8, 'Paid', 'Online', '2023-12-12', '2025-04-19 04:49:24', '2025-04-19 04:49:24'),
(88, 88, '2023-05-29', '2023-12-02', 1818.35, 133.62, 2305.06, 'Pending', 'Credit Card', '2023-12-29', '2025-04-19 04:49:24', '2025-04-19 04:49:24'),
(89, 89, '2023-04-27', '2023-12-25', 1843.41, 83.38, 558.64, 'Overdue', 'Credit Card', '2024-01-13', '2025-04-19 04:49:24', '2025-04-19 04:49:24'),
(90, 90, '2023-05-13', '2024-01-27', 1852.14, 137.68, 1833.4, 'Overdue', 'Cash', '2023-12-18', '2025-04-19 04:49:24', '2025-04-19 04:49:24'),
(91, 91, '2023-12-01', '2024-01-18', 1836.1, 84.79, 223.52, 'Pending', 'Cash', '2023-12-22', '2025-04-19 04:49:24', '2025-04-19 04:49:24'),
(92, 92, '2023-04-08', '2024-01-23', 1580.53, 54.42, 223.99, 'Overdue', 'Cash', '2023-12-07', '2025-04-19 04:49:24', '2025-04-19 04:49:24'),
(93, 93, '2023-08-18', '2023-12-10', 1359.63, 48.48, 1666.47, 'Paid', 'Credit Card', '2024-01-31', '2025-04-19 04:49:24', '2025-04-19 04:49:24'),
(94, 94, '2023-09-08', '2023-12-06', 448.38, 68.84, 2370.06, 'Pending', 'Online', '2024-01-19', '2025-04-19 04:49:24', '2025-04-19 04:49:24'),
(95, 95, '2023-07-23', '2023-12-20', 1118.89, 60.52, 1511.25, 'Paid', 'Credit Card', '2023-12-30', '2025-04-19 04:49:24', '2025-04-19 04:49:24'),
(96, 96, '2023-04-14', '2024-01-31', 264.36, 170.06, 661.81, 'Overdue', 'Credit Card', '2024-01-04', '2025-04-19 04:49:24', '2025-04-19 04:49:24'),
(97, 97, '2023-09-03', '2023-12-08', 311.67, 12.42, 1092.55, 'Paid', 'Online', '2024-01-25', '2025-04-19 04:49:24', '2025-04-19 04:49:24'),
(98, 98, '2023-02-04', '2023-12-17', 928.3, 77.33, 1898.2, 'Pending', 'Online', '2024-01-23', '2025-04-19 04:49:24', '2025-04-19 04:49:24'),
(99, 99, '2023-01-22', '2024-01-13', 1873.87, 154.52, 634.63, 'Paid', 'Online', '2023-12-25', '2025-04-19 04:49:24', '2025-04-19 04:49:24'),
(100, 100, '2023-01-23', '2024-01-07', 127.0, 34.78, 2176.82, 'Pending', 'Credit Card', '2023-12-27', '2025-04-19 04:49:24', '2025-04-19 04:49:24'),
(101, 101, '2023-08-25', '2023-12-14', 1812.97, 16.0, 1074.08, 'Pending', 'Online', '2023-12-09', '2025-04-19 04:49:24', '2025-04-19 04:49:24'),
(102, 102, '2023-04-26', '2023-12-13', 1291.71, 70.5, 1858.72, 'Paid', 'Cash', '2023-12-09', '2025-04-19 04:49:24', '2025-04-19 04:49:24'),
(103, 103, '2023-05-06', '2024-01-09', 1104.26, 113.59, 529.74, 'Pending', 'Credit Card', '2023-12-12', '2025-04-19 04:49:24', '2025-04-19 04:49:24'),
(104, 104, '2023-02-03', '2023-12-28', 1084.29, 8.41, 1857.11, 'Overdue', 'Cash', '2023-12-28', '2025-04-19 04:49:24', '2025-04-19 04:49:24'),
(105, 105, '2023-01-20', '2023-12-11', 1812.89, 138.44, 213.57, 'Paid', 'Online', '2023-12-08', '2025-04-19 04:49:24', '2025-04-19 04:49:24'),
(106, 106, '2023-07-18', '2024-01-20', 1177.21, 172.12, 1953.01, 'Paid', 'Online', '2024-01-08', '2025-04-19 04:49:24', '2025-04-19 04:49:24'),
(107, 107, '2023-02-07', '2023-12-03', 1332.84, 182.61, 2355.59, 'Overdue', 'Cash', '2023-12-23', '2025-04-19 04:49:24', '2025-04-19 04:49:24'),
(108, 108, '2023-11-12', '2023-12-26', 954.38, 150.87, 1770.63, 'Overdue', 'Cash', '2023-12-27', '2025-04-19 04:49:24', '2025-04-19 04:49:24'),
(109, 109, '2023-11-22', '2023-12-31', 1010.35, 180.22, 1244.71, 'Pending', 'Credit Card', '2023-12-14', '2025-04-19 04:49:24', '2025-04-19 04:49:24'),
(110, 110, '2023-05-27', '2024-01-11', 1488.86, 192.79, 1093.44, 'Pending', 'Credit Card', '2023-12-28', '2025-04-19 04:49:24', '2025-04-19 04:49:24'),
(111, 111, '2023-01-11', '2023-12-29', 1630.36, 33.08, 1257.84, 'Overdue', 'Online', '2024-01-28', '2025-04-19 04:49:24', '2025-04-19 04:49:24'),
(112, 112, '2023-04-27', '2023-12-27', 337.55, 127.17, 678.63, 'Pending', 'Cash', '2024-01-30', '2025-04-19 04:49:24', '2025-04-19 04:49:24'),
(113, 113, '2023-08-02', '2023-12-31', 1493.55, 91.56, 1093.42, 'Pending', 'Cash', '2023-12-25', '2025-04-19 04:49:24', '2025-04-19 04:49:24'),
(114, 114, '2023-07-24', '2023-12-10', 1474.28, 45.15, 699.01, 'Paid', 'Online', '2023-12-17', '2025-04-19 04:49:24', '2025-04-19 04:49:24'),
(115, 115, '2023-11-13', '2023-12-25', 1810.67, 111.9, 1957.15, 'Pending', 'Cash', '2024-01-15', '2025-04-19 04:49:24', '2025-04-19 04:49:24'),
(116, 116, '2023-06-07', '2023-12-15', 846.38, 96.7, 1448.51, 'Pending', 'Cash', '2024-01-31', '2025-04-19 04:49:24', '2025-04-19 04:49:24'),
(117, 117, '2023-11-16', '2023-12-28', 196.68, 47.35, 1468.89, 'Paid', 'Online', '2023-12-29', '2025-04-19 04:49:24', '2025-04-19 04:49:24'),
(118, 118, '2023-09-22', '2023-12-29', 442.6, 91.38, 1796.13, 'Pending', 'Online', '2024-01-16', '2025-04-19 04:49:24', '2025-04-19 04:49:24'),
(119, 119, '2023-03-30', '2023-12-19', 1968.9, 137.72, 1969.25, 'Overdue', 'Cash', '2024-01-10', '2025-04-19 04:49:24', '2025-04-19 04:49:24'),
(120, 120, '2023-04-12', '2023-12-11', 881.45, 96.37, 2196.47, 'Paid', 'Cash', '2023-12-25', '2025-04-19 04:49:24', '2025-04-19 04:49:24'),
(121, 121, '2023-11-09', '2024-01-30', 1550.45, 108.46, 1644.6, 'Paid', 'Online', '2023-12-11', '2025-04-19 04:49:24', '2025-04-19 04:49:24'),
(122, 122, '2023-02-03', '2023-12-07', 140.79, 184.43, 2199.77, 'Pending', 'Credit Card', '2023-12-25', '2025-04-19 04:49:24', '2025-04-19 04:49:24'),
(123, 123, '2023-07-02', '2023-12-14', 1512.81, 191.8, 907.39, 'Paid', 'Cash', '2024-01-13', '2025-04-19 04:49:24', '2025-04-19 04:49:24'),
(124, 124, '2023-06-11', '2024-01-08', 1818.58, 92.09, 978.83, 'Paid', 'Cash', '2023-12-24', '2025-04-19 04:49:24', '2025-04-19 04:49:24'),
(125, 125, '2023-02-21', '2024-01-22', 1167.59, 180.66, 549.64, 'Pending', 'Credit Card', '2024-01-08', '2025-04-19 04:49:24', '2025-04-19 04:49:24'),
(126, 126, '2023-11-13', '2023-12-28', 400.73, 112.7, 1280.01, 'Pending', 'Online', '2024-01-28', '2025-04-19 04:49:24', '2025-04-19 04:49:24'),
(127, 127, '2023-05-08', '2023-12-09', 1361.35, 33.6, 1223.28, 'Paid', 'Credit Card', '2024-01-30', '2025-04-19 04:49:24', '2025-04-19 04:49:24'),
(128, 128, '2023-07-15', '2024-01-01', 820.8, 38.24, 245.89, 'Overdue', 'Cash', '2024-01-02', '2025-04-19 04:49:24', '2025-04-19 04:49:24'),
(129, 129, '2023-10-27', '2024-01-07', 445.48, 179.33, 2431.68, 'Overdue', 'Online', '2023-12-27', '2025-04-19 04:49:24', '2025-04-19 04:49:24'),
(130, 130, '2023-06-23', '2023-12-07', 1784.33, 18.43, 510.37, 'Pending', 'Online', '2023-12-30', '2025-04-19 04:49:24', '2025-04-19 04:49:24'),
(131, 131, '2023-03-18', '2023-12-09', 1986.5, 159.24, 1738.48, 'Overdue', 'Cash', '2023-12-23', '2025-04-19 04:49:24', '2025-04-19 04:49:24'),
(132, 132, '2023-02-12', '2023-12-24', 1245.34, 160.87, 236.7, 'Overdue', 'Cash', '2023-12-15', '2025-04-19 04:49:24', '2025-04-19 04:49:24'),
(133, 133, '2023-07-06', '2024-01-25', 580.16, 105.12, 2458.68, 'Paid', 'Cash', '2023-12-25', '2025-04-19 04:49:24', '2025-04-19 04:49:24'),
(134, 134, '2023-03-27', '2023-12-05', 1333.87, 141.6, 805.16, 'Pending', 'Cash', '2023-12-07', '2025-04-19 04:49:24', '2025-04-19 04:49:24'),
(135, 135, '2023-05-20', '2024-01-18', 1990.68, 133.06, 1716.64, 'Pending', 'Online', '2023-12-07', '2025-04-19 04:49:24', '2025-04-19 04:49:24'),
(136, 136, '2023-03-08', '2024-01-26', 1958.67, 126.71, 1889.67, 'Paid', 'Cash', '2023-12-29', '2025-04-19 04:49:24', '2025-04-19 04:49:24'),
(137, 137, '2023-04-13', '2024-01-28', 993.23, 80.74, 1799.16, 'Pending', 'Online', '2023-12-29', '2025-04-19 04:49:24', '2025-04-19 04:49:24'),
(138, 138, '2023-06-21', '2023-12-25', 1625.98, 171.46, 2003.48, 'Pending', 'Online', '2023-12-26', '2025-04-19 04:49:24', '2025-04-19 04:49:24'),
(139, 139, '2023-03-09', '2024-01-31', 757.85, 56.01, 643.68, 'Pending', 'Cash', '2023-12-10', '2025-04-19 04:49:24', '2025-04-19 04:49:24'),
(140, 140, '2023-08-19', '2024-01-29', 1376.44, 162.07, 2300.69, 'Overdue', 'Credit Card', '2023-12-06', '2025-04-19 04:49:24', '2025-04-19 04:49:24'),
(141, 141, '2023-03-07', '2024-01-22', 1547.92, 52.38, 607.35, 'Paid', 'Credit Card', '2024-01-10', '2025-04-19 04:49:24', '2025-04-19 04:49:24'),
(142, 142, '2023-05-02', '2024-01-20', 266.04, 19.71, 1863.15, 'Overdue', 'Cash', '2024-01-29', '2025-04-19 04:49:24', '2025-04-19 04:49:24'),
(143, 143, '2023-11-13', '2023-12-06', 396.86, 127.09, 2204.1, 'Pending', 'Online', '2024-01-29', '2025-04-19 04:49:24', '2025-04-19 04:49:24'),
(144, 144, '2023-06-19', '2024-01-21', 1363.38, 124.45, 329.18, 'Paid', 'Credit Card', '2024-02-01', '2025-04-19 04:49:24', '2025-04-19 04:49:24'),
(145, 145, '2023-02-11', '2023-12-13', 274.24, 190.52, 208.83, 'Overdue', 'Credit Card', '2023-12-18', '2025-04-19 04:49:24', '2025-04-19 04:49:24'),
(146, 146, '2023-01-26', '2024-01-16', 250.88, 67.48, 1417.47, 'Pending', 'Credit Card', '2024-01-19', '2025-04-19 04:49:24', '2025-04-19 04:49:24'),
(147, 147, '2023-09-11', '2024-01-09', 1441.92, 96.5, 1882.6, 'Overdue', 'Credit Card', '2024-01-02', '2025-04-19 04:49:24', '2025-04-19 04:49:24'),
(148, 148, '2023-04-05', '2024-01-03', 112.0, 39.29, 654.76, 'Paid', 'Online', '2024-01-10', '2025-04-19 04:49:24', '2025-04-19 04:49:24'),
(149, 149, '2023-04-07', '2024-01-15', 335.62, 153.52, 632.86, 'Pending', 'Credit Card', '2023-12-15', '2025-04-19 04:49:24', '2025-04-19 04:49:24'),
(150, 150, '2023-07-22', '2024-01-11', 1688.48, 62.86, 1148.25, 'Overdue', 'Cash', '2023-12-18', '2025-04-19 04:49:24', '2025-04-19 04:49:24'),
(151, 151, '2023-08-07', '2023-12-18', 1666.49, 148.41, 1420.27, 'Overdue', 'Online', '2023-12-21', '2025-04-19 04:49:24', '2025-04-19 04:49:24'),
(152, 152, '2023-05-25', '2024-01-19', 406.4, 17.02, 1336.02, 'Overdue', 'Credit Card', '2024-01-13', '2025-04-19 04:49:24', '2025-04-19 04:49:24'),
(153, 153, '2023-08-09', '2023-12-07', 1380.67, 180.23, 1225.64, 'Overdue', 'Online', '2023-12-10', '2025-04-19 04:49:24', '2025-04-19 04:49:24'),
(154, 154, '2023-06-13', '2024-01-08', 1565.63, 183.32, 1805.57, 'Overdue', 'Online', '2023-12-09', '2025-04-19 04:49:24', '2025-04-19 04:49:24'),
(155, 155, '2023-10-19', '2023-12-18', 1481.58, 67.22, 1023.66, 'Pending', 'Cash', '2024-01-05', '2025-04-19 04:49:24', '2025-04-19 04:49:24'),
(156, 156, '2023-06-03', '2024-01-19', 1029.27, 111.45, 1913.43, 'Paid', 'Online', '2023-12-15', '2025-04-19 04:49:24', '2025-04-19 04:49:24'),
(157, 157, '2023-01-22', '2024-01-15', 770.5, 95.66, 1261.77, 'Pending', 'Cash', '2024-01-29', '2025-04-19 04:49:24', '2025-04-19 04:49:24'),
(158, 158, '2023-08-26', '2023-12-30', 390.1, 148.88, 1086.8, 'Paid', 'Credit Card', '2024-01-24', '2025-04-19 04:49:24', '2025-04-19 04:49:24'),
(159, 159, '2023-06-12', '2023-12-26', 1980.55, 128.28, 1118.66, 'Paid', 'Cash', '2024-01-24', '2025-04-19 04:49:24', '2025-04-19 04:49:24'),
(160, 160, '2023-03-30', '2023-12-11', 1226.58, 40.86, 418.15, 'Pending', 'Cash', '2023-12-14', '2025-04-19 04:49:24', '2025-04-19 04:49:24'),
(161, 161, '2023-05-19', '2023-12-23', 475.74, 101.98, 564.13, 'Overdue', 'Cash', '2023-12-19', '2025-04-19 04:49:24', '2025-04-19 04:49:24'),
(162, 162, '2023-04-08', '2024-01-02', 1252.97, 102.33, 1200.75, 'Paid', 'Cash', '2024-01-16', '2025-04-19 04:49:24', '2025-04-19 04:49:24'),
(163, 163, '2023-01-31', '2023-12-24', 1926.73, 18.05, 943.55, 'Pending', 'Online', '2023-12-23', '2025-04-19 04:49:24', '2025-04-19 04:49:24'),
(164, 164, '2023-03-14', '2023-12-17', 1085.65, 101.38, 697.73, 'Pending', 'Credit Card', '2023-12-24', '2025-04-19 04:49:24', '2025-04-19 04:49:24'),
(165, 165, '2023-11-20', '2023-12-12', 743.3, 65.57, 1622.5, 'Overdue', 'Credit Card', '2024-01-12', '2025-04-19 04:49:24', '2025-04-19 04:49:24'),
(166, 166, '2023-03-08', '2024-01-04', 635.6, 146.33, 2056.39, 'Paid', 'Cash', '2024-01-10', '2025-04-19 04:49:24', '2025-04-19 04:49:24'),
(167, 167, '2023-08-31', '2023-12-06', 133.65, 77.15, 766.05, 'Pending', 'Online', '2023-12-19', '2025-04-19 04:49:24', '2025-04-19 04:49:24'),
(168, 168, '2023-06-10', '2024-01-11', 1839.9, 194.64, 2009.65, 'Overdue', 'Cash', '2024-01-10', '2025-04-19 04:49:24', '2025-04-19 04:49:24'),
(169, 169, '2023-06-19', '2024-01-15', 469.32, 29.79, 940.22, 'Overdue', 'Online', '2024-02-01', '2025-04-19 04:49:24', '2025-04-19 04:49:24'),
(170, 170, '2023-04-28', '2024-01-16', 1226.39, 51.22, 2085.21, 'Pending', 'Online', '2024-01-04', '2025-04-19 04:49:24', '2025-04-19 04:49:24'),
(171, 171, '2023-01-10', '2023-12-22', 1070.82, 23.64, 1925.44, 'Overdue', 'Cash', '2023-12-10', '2025-04-19 04:49:24', '2025-04-19 04:49:24'),
(172, 172, '2023-09-28', '2024-01-02', 979.11, 180.58, 2378.43, 'Overdue', 'Cash', '2023-12-09', '2025-04-19 04:49:24', '2025-04-19 04:49:24'),
(173, 173, '2023-08-19', '2023-12-26', 1577.12, 159.3, 835.28, 'Paid', 'Cash', '2024-01-28', '2025-04-19 04:49:24', '2025-04-19 04:49:24'),
(174, 174, '2023-01-31', '2024-01-01', 568.51, 128.45, 952.59, 'Overdue', 'Cash', '2024-01-09', '2025-04-19 04:49:24', '2025-04-19 04:49:24'),
(175, 175, '2023-03-16', '2024-01-21', 618.24, 67.41, 2466.15, 'Overdue', 'Online', '2023-12-17', '2025-04-19 04:49:24', '2025-04-19 04:49:24'),
(176, 176, '2023-11-27', '2023-12-14', 1919.68, 121.53, 476.83, 'Overdue', 'Credit Card', '2024-01-21', '2025-04-19 04:49:24', '2025-04-19 04:49:24'),
(177, 177, '2023-04-10', '2024-01-04', 1617.81, 60.08, 2018.63, 'Pending', 'Online', '2024-01-26', '2025-04-19 04:49:24', '2025-04-19 04:49:24'),
(178, 178, '2023-01-06', '2023-12-21', 595.88, 33.09, 258.15, 'Overdue', 'Online', '2024-01-22', '2025-04-19 04:49:24', '2025-04-19 04:49:24'),
(179, 179, '2023-08-04', '2023-12-07', 800.4, 156.28, 2483.85, 'Pending', 'Online', '2023-12-29', '2025-04-19 04:49:24', '2025-04-19 04:49:24'),
(180, 180, '2023-10-12', '2023-12-12', 1228.31, 152.9, 447.81, 'Pending', 'Cash', '2023-12-22', '2025-04-19 04:49:24', '2025-04-19 04:49:24'),
(181, 181, '2023-04-12', '2024-01-16', 1252.43, 60.53, 1548.9, 'Pending', 'Credit Card', '2023-12-12', '2025-04-19 04:49:24', '2025-04-19 04:49:24'),
(182, 182, '2023-01-27', '2024-01-26', 720.42, 98.03, 526.03, 'Overdue', 'Cash', '2024-01-09', '2025-04-19 04:49:24', '2025-04-19 04:49:24'),
(183, 183, '2023-01-14', '2024-01-11', 925.09, 68.16, 609.4, 'Overdue', 'Credit Card', '2024-01-15', '2025-04-19 04:49:24', '2025-04-19 04:49:24'),
(184, 184, '2023-05-25', '2023-12-22', 1174.67, 115.86, 2231.5, 'Paid', 'Online', '2024-01-19', '2025-04-19 04:49:24', '2025-04-19 04:49:24'),
(185, 185, '2023-03-09', '2024-01-02', 221.37, 18.24, 548.61, 'Overdue', 'Credit Card', '2024-01-19', '2025-04-19 04:49:24', '2025-04-19 04:49:24'),
(186, 186, '2023-05-01', '2023-12-07', 1533.85, 194.6, 977.76, 'Pending', 'Cash', '2024-01-22', '2025-04-19 04:49:24', '2025-04-19 04:49:24'),
(187, 187, '2023-02-05', '2024-01-02', 861.06, 17.12, 1157.61, 'Pending', 'Online', '2023-12-14', '2025-04-19 04:49:24', '2025-04-19 04:49:24'),
(188, 188, '2023-10-08', '2024-01-23', 270.0, 45.41, 565.84, 'Pending', 'Credit Card', '2023-12-20', '2025-04-19 04:49:24', '2025-04-19 04:49:24'),
(189, 189, '2023-01-29', '2024-01-12', 1398.69, 9.72, 1678.68, 'Overdue', 'Credit Card', '2024-01-04', '2025-04-19 04:49:24', '2025-04-19 04:49:24'),
(190, 190, '2023-01-22', '2023-12-04', 516.1, 50.37, 551.05, 'Paid', 'Online', '2023-12-25', '2025-04-19 04:49:24', '2025-04-19 04:49:24'),
(191, 191, '2023-06-15', '2023-12-26', 1536.33, 135.7, 244.29, 'Pending', 'Cash', '2023-12-06', '2025-04-19 04:49:24', '2025-04-19 04:49:24'),
(192, 192, '2023-08-01', '2024-01-06', 229.13, 44.02, 282.81, 'Paid', 'Online', '2024-01-05', '2025-04-19 04:49:24', '2025-04-19 04:49:24'),
(193, 193, '2023-01-04', '2023-12-24', 1433.47, 118.41, 1046.67, 'Paid', 'Cash', '2023-12-18', '2025-04-19 04:49:24', '2025-04-19 04:49:24'),
(194, 194, '2023-03-19', '2024-01-05', 113.96, 127.4, 1632.42, 'Pending', 'Online', '2023-12-28', '2025-04-19 04:49:24', '2025-04-19 04:49:24'),
(195, 195, '2023-09-19', '2023-12-26', 403.74, 44.31, 1597.52, 'Pending', 'Credit Card', '2023-12-25', '2025-04-19 04:49:24', '2025-04-19 04:49:24'),
(196, 196, '2023-05-14', '2023-12-27', 326.42, 60.65, 266.28, 'Overdue', 'Online', '2024-01-16', '2025-04-19 04:49:24', '2025-04-19 04:49:24'),
(197, 197, '2023-09-20', '2024-01-20', 870.81, 41.04, 295.82, 'Paid', 'Online', '2024-01-29', '2025-04-19 04:49:24', '2025-04-19 04:49:24'),
(198, 198, '2023-04-16', '2023-12-14', 1543.54, 148.46, 886.8, 'Overdue', 'Online', '2023-12-18', '2025-04-19 04:49:24', '2025-04-19 04:49:24'),
(199, 199, '2023-10-31', '2024-01-23', 676.4, 95.44, 1690.01, 'Paid', 'Online', '2024-01-30', '2025-04-19 04:49:24', '2025-04-19 04:49:24'),
(200, 200, '2023-05-10', '2023-12-15', 1071.09, 65.43, 697.77, 'Paid', 'Cash', '2023-12-18', '2025-04-19 04:49:24', '2025-04-19 04:49:24'),
(201, 201, '2023-09-13', '2024-01-31', 1467.89, 145.39, 1253.13, 'Pending', 'Online', '2024-01-22', '2025-04-19 04:49:24', '2025-04-19 04:49:24'),
(202, 202, '2023-03-26', '2024-01-29', 1034.2, 114.36, 856.29, 'Overdue', 'Credit Card', '2023-12-09', '2025-04-19 04:49:24', '2025-04-19 04:49:24'),
(203, 203, '2023-11-12', '2023-12-08', 1780.38, 171.27, 1624.34, 'Paid', 'Cash', '2023-12-05', '2025-04-19 04:49:24', '2025-04-19 04:49:24'),
(204, 204, '2023-06-05', '2023-12-30', 824.7, 115.78, 566.82, 'Paid', 'Cash', '2023-12-18', '2025-04-19 04:49:24', '2025-04-19 04:49:24'),
(205, 205, '2023-11-27', '2023-12-14', 1944.79, 149.66, 1057.49, 'Pending', 'Cash', '2024-01-15', '2025-04-19 04:49:24', '2025-04-19 04:49:24'),
(206, 206, '2023-01-12', '2023-12-21', 1563.84, 180.21, 894.72, 'Pending', 'Cash', '2024-01-30', '2025-04-19 04:49:24', '2025-04-19 04:49:24'),
(207, 207, '2023-04-15', '2023-12-09', 1846.87, 150.13, 1768.21, 'Paid', 'Cash', '2023-12-16', '2025-04-19 04:49:24', '2025-04-19 04:49:24'),
(208, 208, '2023-01-08', '2023-12-09', 263.58, 50.79, 2200.52, 'Overdue', 'Online', '2024-01-09', '2025-04-19 04:49:24', '2025-04-19 04:49:24'),
(209, 209, '2023-05-20', '2023-12-19', 142.86, 114.83, 345.55, 'Overdue', 'Credit Card', '2023-12-18', '2025-04-19 04:49:24', '2025-04-19 04:49:24'),
(210, 210, '2023-02-03', '2023-12-27', 1388.24, 10.83, 1344.07, 'Pending', 'Cash', '2023-12-16', '2025-04-19 04:49:24', '2025-04-19 04:49:24'),
(211, 211, '2023-01-07', '2024-01-07', 1805.08, 133.04, 2406.69, 'Pending', 'Online', '2023-12-23', '2025-04-19 04:49:24', '2025-04-19 04:49:24'),
(212, 212, '2023-09-03', '2023-12-14', 1623.69, 9.76, 825.51, 'Paid', 'Credit Card', '2024-01-18', '2025-04-19 04:49:24', '2025-04-19 04:49:24'),
(213, 213, '2023-08-18', '2024-01-22', 103.7, 131.79, 2209.1, 'Pending', 'Online', '2024-01-18', '2025-04-19 04:49:24', '2025-04-19 04:49:24'),
(214, 214, '2023-09-08', '2024-01-21', 539.89, 170.45, 308.78, 'Pending', 'Credit Card', '2024-01-12', '2025-04-19 04:49:24', '2025-04-19 04:49:24'),
(215, 215, '2023-07-08', '2023-12-31', 1659.36, 111.2, 1058.52, 'Pending', 'Online', '2024-01-09', '2025-04-19 04:49:24', '2025-04-19 04:49:24'),
(216, 216, '2023-10-04', '2023-12-11', 709.35, 129.67, 1136.1, 'Overdue', 'Cash', '2023-12-28', '2025-04-19 04:49:24', '2025-04-19 04:49:24'),
(217, 217, '2023-08-28', '2023-12-24', 1557.9, 33.79, 1747.11, 'Pending', 'Online', '2024-01-08', '2025-04-19 04:49:24', '2025-04-19 04:49:24'),
(218, 218, '2023-07-28', '2023-12-25', 1926.63, 21.86, 782.36, 'Paid', 'Cash', '2023-12-27', '2025-04-19 04:49:24', '2025-04-19 04:49:24'),
(219, 219, '2023-11-27', '2023-12-31', 956.46, 110.15, 1764.78, 'Paid', 'Cash', '2024-01-06', '2025-04-19 04:49:24', '2025-04-19 04:49:24'),
(220, 220, '2023-11-17', '2023-12-11', 1237.71, 110.34, 2113.63, 'Paid', 'Online', '2023-12-13', '2025-04-19 04:49:24', '2025-04-19 04:49:24'),
(221, 221, '2023-04-16', '2024-01-23', 1417.11, 20.94, 1163.64, 'Paid', 'Online', '2024-01-08', '2025-04-19 04:49:24', '2025-04-19 04:49:24'),
(222, 222, '2023-01-22', '2024-01-04', 297.25, 5.79, 2349.36, 'Overdue', 'Credit Card', '2024-01-21', '2025-04-19 04:49:24', '2025-04-19 04:49:24'),
(223, 223, '2023-04-27', '2024-01-14', 1448.53, 70.31, 468.92, 'Overdue', 'Cash', '2024-01-09', '2025-04-19 04:49:24', '2025-04-19 04:49:24'),
(224, 224, '2023-07-22', '2024-01-04', 1348.09, 81.6, 1527.14, 'Overdue', 'Cash', '2024-01-18', '2025-04-19 04:49:24', '2025-04-19 04:49:24'),
(225, 225, '2023-02-24', '2023-12-16', 1316.89, 93.46, 2119.0, 'Paid', 'Online', '2023-12-05', '2025-04-19 04:49:24', '2025-04-19 04:49:24'),
(226, 226, '2023-09-16', '2024-01-22', 304.82, 33.15, 366.08, 'Pending', 'Credit Card', '2024-01-22', '2025-04-19 04:49:24', '2025-04-19 04:49:24'),
(227, 227, '2023-07-27', '2023-12-21', 1667.94, 110.68, 422.15, 'Paid', 'Credit Card', '2023-12-06', '2025-04-19 04:49:24', '2025-04-19 04:49:24'),
(228, 228, '2023-01-16', '2023-12-20', 330.04, 41.21, 1984.96, 'Paid', 'Credit Card', '2023-12-21', '2025-04-19 04:49:24', '2025-04-19 04:49:24'),
(229, 229, '2023-08-20', '2024-01-31', 326.01, 189.25, 1721.65, 'Paid', 'Online', '2024-01-12', '2025-04-19 04:49:24', '2025-04-19 04:49:24'),
(230, 230, '2023-06-03', '2023-12-23', 836.72, 45.65, 1185.6, 'Overdue', 'Cash', '2024-01-14', '2025-04-19 04:49:24', '2025-04-19 04:49:24'),
(231, 231, '2023-11-11', '2024-01-08', 179.56, 100.81, 272.49, 'Pending', 'Cash', '2023-12-06', '2025-04-19 04:49:24', '2025-04-19 04:49:24'),
(232, 232, '2023-05-11', '2024-01-15', 999.84, 160.58, 1931.71, 'Paid', 'Cash', '2024-01-18', '2025-04-19 04:49:24', '2025-04-19 04:49:24'),
(233, 233, '2023-10-28', '2024-01-10', 1773.21, 190.08, 1775.15, 'Paid', 'Cash', '2023-12-07', '2025-04-19 04:49:24', '2025-04-19 04:49:24'),
(234, 234, '2023-09-07', '2024-01-19', 1821.16, 97.6, 1450.59, 'Paid', 'Credit Card', '2024-01-20', '2025-04-19 04:49:24', '2025-04-19 04:49:24'),
(235, 235, '2023-11-20', '2024-01-30', 278.61, 79.07, 975.98, 'Overdue', 'Cash', '2023-12-07', '2025-04-19 04:49:24', '2025-04-19 04:49:24'),
(236, 236, '2023-06-15', '2023-12-21', 1149.99, 142.29, 1237.76, 'Overdue', 'Cash', '2023-12-11', '2025-04-19 04:49:24', '2025-04-19 04:49:24'),
(237, 237, '2023-01-06', '2024-01-14', 343.93, 173.23, 1995.92, 'Overdue', 'Cash', '2023-12-09', '2025-04-19 04:49:24', '2025-04-19 04:49:24'),
(238, 238, '2023-09-15', '2023-12-13', 980.04, 140.94, 1092.81, 'Overdue', 'Online', '2024-01-20', '2025-04-19 04:49:24', '2025-04-19 04:49:24'),
(239, 239, '2023-01-25', '2023-12-18', 1212.76, 141.15, 1329.53, 'Pending', 'Cash', '2024-01-28', '2025-04-19 04:49:24', '2025-04-19 04:49:24'),
(240, 240, '2023-03-25', '2023-12-04', 651.54, 69.63, 452.25, 'Paid', 'Credit Card', '2023-12-17', '2025-04-19 04:49:24', '2025-04-19 04:49:24'),
(241, 241, '2023-09-04', '2024-01-02', 573.18, 80.52, 1912.42, 'Overdue', 'Credit Card', '2024-01-23', '2025-04-19 04:49:24', '2025-04-19 04:49:24'),
(242, 242, '2023-07-12', '2023-12-04', 674.33, 48.57, 2190.8, 'Overdue', 'Cash', '2023-12-19', '2025-04-19 04:49:24', '2025-04-19 04:49:24'),
(243, 243, '2023-08-16', '2024-01-22', 1431.48, 182.77, 433.54, 'Paid', 'Credit Card', '2024-01-21', '2025-04-19 04:49:24', '2025-04-19 04:49:24'),
(244, 244, '2023-11-06', '2024-01-07', 144.99, 101.75, 2026.98, 'Pending', 'Credit Card', '2024-01-19', '2025-04-19 04:49:24', '2025-04-19 04:49:24'),
(245, 245, '2023-09-26', '2024-01-28', 1418.24, 128.79, 444.55, 'Pending', 'Credit Card', '2023-12-22', '2025-04-19 04:49:24', '2025-04-19 04:49:24'),
(246, 246, '2023-08-12', '2024-01-06', 1433.89, 18.05, 400.66, 'Overdue', 'Cash', '2024-01-04', '2025-04-19 04:49:24', '2025-04-19 04:49:24'),
(247, 247, '2023-07-25', '2024-01-03', 1846.62, 181.79, 2213.73, 'Paid', 'Credit Card', '2023-12-15', '2025-04-19 04:49:24', '2025-04-19 04:49:24'),
(248, 248, '2023-02-14', '2024-01-07', 454.9, 43.32, 1717.68, 'Overdue', 'Cash', '2024-01-09', '2025-04-19 04:49:24', '2025-04-19 04:49:24'),
(249, 249, '2023-05-15', '2024-01-01', 226.96, 159.05, 626.67, 'Pending', 'Credit Card', '2024-01-09', '2025-04-19 04:49:24', '2025-04-19 04:49:24'),
(250, 250, '2023-01-21', '2023-12-16', 484.65, 63.57, 1917.28, 'Pending', 'Credit Card', '2023-12-28', '2025-04-19 04:49:24', '2025-04-19 04:49:24'),
(251, 251, '2023-01-31', '2024-01-03', 1597.37, 26.99, 1731.6, 'Overdue', 'Online', '2023-12-05', '2025-04-19 04:49:24', '2025-04-19 04:49:24'),
(252, 252, '2023-06-05', '2024-01-27', 1641.78, 67.31, 760.46, 'Pending', 'Credit Card', '2023-12-17', '2025-04-19 04:49:24', '2025-04-19 04:49:24'),
(253, 253, '2023-09-01', '2024-01-01', 1009.6, 24.31, 1092.07, 'Overdue', 'Online', '2024-01-08', '2025-04-19 04:49:24', '2025-04-19 04:49:24'),
(254, 254, '2023-02-06', '2023-12-11', 1367.46, 172.28, 534.43, 'Paid', 'Cash', '2024-01-06', '2025-04-19 04:49:24', '2025-04-19 04:49:24'),
(255, 255, '2023-02-07', '2024-01-07', 412.99, 127.25, 1151.07, 'Overdue', 'Cash', '2023-12-19', '2025-04-19 04:49:24', '2025-04-19 04:49:24'),
(256, 256, '2023-05-15', '2023-12-28', 213.38, 89.21, 2202.54, 'Pending', 'Credit Card', '2023-12-17', '2025-04-19 04:49:24', '2025-04-19 04:49:24'),
(257, 257, '2023-07-11', '2023-12-27', 954.67, 168.09, 716.86, 'Paid', 'Cash', '2024-01-13', '2025-04-19 04:49:24', '2025-04-19 04:49:24'),
(258, 258, '2023-09-18', '2024-01-27', 872.41, 175.01, 1661.29, 'Paid', 'Online', '2024-01-07', '2025-04-19 04:49:24', '2025-04-19 04:49:24'),
(259, 259, '2023-05-28', '2024-01-02', 1568.89, 89.38, 271.1, 'Paid', 'Online', '2023-12-10', '2025-04-19 04:49:24', '2025-04-19 04:49:24'),
(260, 260, '2023-03-16', '2024-01-20', 1318.66, 77.06, 1104.51, 'Pending', 'Online', '2024-01-25', '2025-04-19 04:49:24', '2025-04-19 04:49:24'),
(261, 261, '2023-06-24', '2023-12-21', 1689.02, 123.03, 2314.45, 'Pending', 'Online', '2024-01-05', '2025-04-19 04:49:24', '2025-04-19 04:49:24'),
(262, 262, '2023-07-17', '2024-01-19', 1755.2, 139.25, 1799.07, 'Overdue', 'Online', '2024-01-12', '2025-04-19 04:49:24', '2025-04-19 04:49:24'),
(263, 263, '2023-10-21', '2023-12-10', 991.72, 22.74, 1326.25, 'Pending', 'Online', '2024-01-07', '2025-04-19 04:49:24', '2025-04-19 04:49:24'),
(264, 264, '2023-11-12', '2024-01-11', 219.58, 127.68, 2348.57, 'Pending', 'Online', '2024-01-06', '2025-04-19 04:49:24', '2025-04-19 04:49:24'),
(265, 265, '2023-04-27', '2023-12-22', 1860.96, 68.21, 750.65, 'Paid', 'Cash', '2023-12-24', '2025-04-19 04:49:24', '2025-04-19 04:49:24'),
(266, 266, '2023-04-09', '2024-01-23', 736.5, 136.84, 840.6, 'Overdue', 'Cash', '2024-01-16', '2025-04-19 04:49:24', '2025-04-19 04:49:24'),
(267, 267, '2023-04-07', '2024-01-20', 1264.8, 158.44, 2045.16, 'Overdue', 'Cash', '2023-12-17', '2025-04-19 04:49:24', '2025-04-19 04:49:24'),
(268, 268, '2023-07-05', '2024-01-16', 1131.27, 67.62, 2035.47, 'Overdue', 'Online', '2023-12-16', '2025-04-19 04:49:24', '2025-04-19 04:49:24'),
(269, 269, '2023-03-02', '2024-01-17', 1473.21, 61.83, 768.16, 'Overdue', 'Online', '2024-01-27', '2025-04-19 04:49:24', '2025-04-19 04:49:24'),
(270, 270, '2023-06-22', '2023-12-13', 1785.82, 162.87, 1062.5, 'Pending', 'Cash', '2024-01-19', '2025-04-19 04:49:24', '2025-04-19 04:49:24'),
(271, 271, '2023-05-19', '2024-01-30', 1179.56, 109.79, 536.58, 'Overdue', 'Credit Card', '2023-12-21', '2025-04-19 04:49:24', '2025-04-19 04:49:24'),
(272, 272, '2023-03-05', '2023-12-26', 1644.92, 196.85, 207.51, 'Paid', 'Cash', '2024-01-05', '2025-04-19 04:49:24', '2025-04-19 04:49:24'),
(273, 273, '2023-08-21', '2024-01-30', 1982.62, 118.8, 837.31, 'Overdue', 'Cash', '2023-12-17', '2025-04-19 04:49:24', '2025-04-19 04:49:24'),
(274, 274, '2023-05-17', '2023-12-05', 1965.0, 127.48, 1325.99, 'Paid', 'Cash', '2024-01-01', '2025-04-19 04:49:24', '2025-04-19 04:49:24'),
(275, 275, '2023-07-18', '2023-12-22', 326.95, 40.32, 1031.07, 'Paid', 'Credit Card', '2024-01-28', '2025-04-19 04:49:24', '2025-04-19 04:49:24'),
(276, 276, '2023-02-05', '2023-12-19', 304.18, 109.37, 493.07, 'Paid', 'Online', '2024-01-17', '2025-04-19 04:49:24', '2025-04-19 04:49:24'),
(277, 277, '2023-08-05', '2023-12-15', 175.88, 133.76, 337.72, 'Paid', 'Cash', '2024-01-13', '2025-04-19 04:49:24', '2025-04-19 04:49:24'),
(278, 278, '2023-05-22', '2023-12-20', 916.63, 49.95, 1622.12, 'Overdue', 'Cash', '2024-01-09', '2025-04-19 04:49:24', '2025-04-19 04:49:24'),
(279, 279, '2023-07-01', '2024-01-24', 549.09, 9.48, 1543.48, 'Paid', 'Credit Card', '2024-01-25', '2025-04-19 04:49:24', '2025-04-19 04:49:24'),
(280, 280, '2023-07-16', '2023-12-15', 1129.25, 8.4, 568.91, 'Overdue', 'Online', '2024-01-13', '2025-04-19 04:49:24', '2025-04-19 04:49:24'),
(281, 281, '2023-05-19', '2024-01-22', 1023.89, 23.66, 2144.38, 'Paid', 'Credit Card', '2024-01-03', '2025-04-19 04:49:24', '2025-04-19 04:49:24'),
(282, 282, '2023-11-09', '2023-12-12', 1794.58, 183.94, 842.78, 'Paid', 'Credit Card', '2024-01-16', '2025-04-19 04:49:24', '2025-04-19 04:49:24'),
(283, 283, '2023-06-07', '2023-12-29', 1201.31, 121.94, 1089.42, 'Paid', 'Credit Card', '2023-12-11', '2025-04-19 04:49:24', '2025-04-19 04:49:24'),
(284, 284, '2023-02-11', '2023-12-28', 1453.61, 91.29, 1900.08, 'Pending', 'Online', '2024-01-22', '2025-04-19 04:49:24', '2025-04-19 04:49:24'),
(285, 285, '2023-07-14', '2023-12-03', 1128.4, 57.99, 2228.15, 'Pending', 'Cash', '2024-01-24', '2025-04-19 04:49:24', '2025-04-19 04:49:24'),
(286, 286, '2023-09-26', '2023-12-23', 711.95, 102.31, 1615.97, 'Pending', 'Online', '2023-12-18', '2025-04-19 04:49:24', '2025-04-19 04:49:24'),
(287, 287, '2023-07-10', '2023-12-11', 1436.57, 122.19, 1807.54, 'Pending', 'Credit Card', '2024-01-24', '2025-04-19 04:49:24', '2025-04-19 04:49:24'),
(288, 288, '2023-07-26', '2023-12-15', 514.06, 73.89, 830.53, 'Overdue', 'Cash', '2024-01-31', '2025-04-19 04:49:24', '2025-04-19 04:49:24'),
(289, 289, '2023-04-29', '2023-12-26', 1240.83, 96.59, 255.83, 'Overdue', 'Credit Card', '2024-01-15', '2025-04-19 04:49:24', '2025-04-19 04:49:24'),
(290, 290, '2023-02-03', '2023-12-30', 1454.83, 9.27, 1514.81, 'Pending', 'Cash', '2023-12-06', '2025-04-19 04:49:24', '2025-04-19 04:49:24'),
(291, 291, '2023-09-09', '2023-12-29', 1475.94, 182.29, 405.76, 'Pending', 'Cash', '2023-12-19', '2025-04-19 04:49:24', '2025-04-19 04:49:24'),
(292, 292, '2023-05-18', '2023-12-25', 1832.04, 55.67, 563.63, 'Paid', 'Online', '2024-01-15', '2025-04-19 04:49:24', '2025-04-19 04:49:24'),
(293, 293, '2023-09-22', '2024-01-09', 1108.78, 43.16, 283.47, 'Pending', 'Cash', '2023-12-08', '2025-04-19 04:49:24', '2025-04-19 04:49:24'),
(294, 294, '2023-04-28', '2023-12-07', 1443.5, 35.96, 1615.53, 'Overdue', 'Credit Card', '2023-12-21', '2025-04-19 04:49:24', '2025-04-19 04:49:24'),
(295, 295, '2023-02-10', '2024-01-04', 1870.82, 93.35, 874.25, 'Pending', 'Cash', '2024-01-29', '2025-04-19 04:49:24', '2025-04-19 04:49:24'),
(296, 296, '2023-04-06', '2023-12-16', 877.98, 37.49, 353.59, 'Paid', 'Online', '2023-12-08', '2025-04-19 04:49:24', '2025-04-19 04:49:24'),
(297, 297, '2023-10-21', '2024-01-12', 1587.89, 175.01, 2193.66, 'Overdue', 'Credit Card', '2023-12-23', '2025-04-19 04:49:24', '2025-04-19 04:49:24'),
(298, 298, '2023-10-08', '2024-01-01', 1889.83, 179.51, 743.36, 'Paid', 'Online', '2024-01-19', '2025-04-19 04:49:24', '2025-04-19 04:49:24'),
(299, 299, '2023-02-09', '2023-12-06', 1568.39, 57.46, 2001.23, 'Overdue', 'Credit Card', '2024-01-23', '2025-04-19 04:49:24', '2025-04-19 04:49:24'),
(300, 300, '2023-08-25', '2024-01-06', 1545.63, 146.03, 551.25, 'Paid', 'Credit Card', '2024-01-24', '2025-04-19 04:49:24', '2025-04-19 04:49:24'),
(301, 301, '2023-01-05', '2023-12-22', 1725.27, 154.44, 1380.47, 'Paid', 'Online', '2024-01-06', '2025-04-19 04:49:24', '2025-04-19 04:49:24'),
(302, 302, '2023-01-30', '2023-12-27', 356.4, 14.43, 558.59, 'Paid', 'Credit Card', '2024-01-29', '2025-04-19 04:49:24', '2025-04-19 04:49:24'),
(303, 303, '2023-11-08', '2024-01-24', 797.66, 157.72, 1263.53, 'Pending', 'Credit Card', '2024-01-19', '2025-04-19 04:49:24', '2025-04-19 04:49:24'),
(304, 304, '2023-02-26', '2024-01-16', 571.61, 129.83, 1935.38, 'Paid', 'Cash', '2023-12-13', '2025-04-19 04:49:24', '2025-04-19 04:49:24'),
(305, 305, '2023-01-01', '2023-12-20', 975.47, 160.77, 1758.31, 'Pending', 'Online', '2024-01-08', '2025-04-19 04:49:24', '2025-04-19 04:49:24'),
(306, 306, '2023-07-26', '2024-01-27', 1097.6, 192.61, 2369.56, 'Pending', 'Online', '2024-01-10', '2025-04-19 04:49:24', '2025-04-19 04:49:24'),
(307, 307, '2023-07-27', '2024-01-19', 577.72, 187.69, 583.86, 'Pending', 'Credit Card', '2024-01-25', '2025-04-19 04:49:24', '2025-04-19 04:49:24'),
(308, 308, '2023-01-19', '2023-12-15', 239.49, 198.97, 2136.48, 'Paid', 'Online', '2024-01-31', '2025-04-19 04:49:24', '2025-04-19 04:49:24'),
(309, 309, '2023-07-31', '2023-12-26', 814.29, 77.86, 923.45, 'Paid', 'Credit Card', '2023-12-18', '2025-04-19 04:49:24', '2025-04-19 04:49:24'),
(310, 310, '2023-08-11', '2024-01-20', 1313.06, 33.7, 2189.95, 'Overdue', 'Credit Card', '2024-01-15', '2025-04-19 04:49:24', '2025-04-19 04:49:24'),
(311, 311, '2023-06-04', '2023-12-27', 564.53, 8.19, 722.26, 'Pending', 'Cash', '2024-01-05', '2025-04-19 04:49:24', '2025-04-19 04:49:24'),
(312, 312, '2023-07-24', '2023-12-31', 1454.49, 77.46, 670.79, 'Paid', 'Cash', '2023-12-08', '2025-04-19 04:49:24', '2025-04-19 04:49:24'),
(313, 313, '2023-05-06', '2024-01-31', 376.52, 129.8, 432.96, 'Pending', 'Credit Card', '2023-12-27', '2025-04-19 04:49:24', '2025-04-19 04:49:24'),
(314, 314, '2023-08-27', '2024-01-29', 834.46, 132.42, 1196.78, 'Overdue', 'Cash', '2023-12-27', '2025-04-19 04:49:24', '2025-04-19 04:49:24'),
(315, 315, '2023-09-20', '2024-01-06', 1006.51, 187.13, 2197.85, 'Pending', 'Credit Card', '2023-12-27', '2025-04-19 04:49:24', '2025-04-19 04:49:24'),
(316, 316, '2023-06-19', '2023-12-14', 689.65, 103.81, 225.43, 'Paid', 'Credit Card', '2024-01-21', '2025-04-19 04:49:24', '2025-04-19 04:49:24'),
(317, 317, '2023-10-15', '2023-12-19', 213.79, 104.35, 1650.55, 'Pending', 'Credit Card', '2024-01-02', '2025-04-19 04:49:24', '2025-04-19 04:49:24'),
(318, 318, '2023-07-26', '2023-12-23', 1617.17, 94.76, 1630.08, 'Pending', 'Cash', '2023-12-08', '2025-04-19 04:49:24', '2025-04-19 04:49:24'),
(319, 319, '2023-09-22', '2024-01-08', 334.27, 90.49, 1321.29, 'Overdue', 'Credit Card', '2024-01-16', '2025-04-19 04:49:24', '2025-04-19 04:49:24'),
(320, 320, '2023-10-08', '2024-01-17', 1522.98, 103.66, 2496.88, 'Paid', 'Cash', '2023-12-26', '2025-04-19 04:49:24', '2025-04-19 04:49:24'),
(321, 321, '2023-08-14', '2024-01-17', 1472.83, 57.09, 527.09, 'Paid', 'Credit Card', '2024-01-13', '2025-04-19 04:49:24', '2025-04-19 04:49:24'),
(322, 322, '2023-07-16', '2023-12-19', 849.36, 13.17, 896.69, 'Paid', 'Credit Card', '2023-12-31', '2025-04-19 04:49:24', '2025-04-19 04:49:24'),
(323, 323, '2023-10-19', '2023-12-14', 893.42, 166.05, 548.79, 'Overdue', 'Online', '2023-12-21', '2025-04-19 04:49:24', '2025-04-19 04:49:24'),
(324, 324, '2023-04-18', '2023-12-02', 1982.95, 36.86, 286.16, 'Overdue', 'Cash', '2024-01-24', '2025-04-19 04:49:24', '2025-04-19 04:49:24'),
(325, 325, '2023-02-03', '2023-12-16', 989.78, 196.33, 2327.09, 'Pending', 'Credit Card', '2023-12-10', '2025-04-19 04:49:24', '2025-04-19 04:49:24'),
(326, 326, '2023-08-24', '2024-01-22', 1808.87, 125.28, 2452.75, 'Pending', 'Cash', '2024-01-10', '2025-04-19 04:49:24', '2025-04-19 04:49:24'),
(327, 327, '2023-10-13', '2024-01-06', 1789.42, 163.8, 960.38, 'Overdue', 'Cash', '2024-01-07', '2025-04-19 04:49:24', '2025-04-19 04:49:24'),
(328, 328, '2023-03-21', '2024-01-13', 1395.72, 144.73, 1396.11, 'Pending', 'Online', '2024-01-23', '2025-04-19 04:49:24', '2025-04-19 04:49:24'),
(329, 329, '2023-05-06', '2023-12-16', 1648.37, 89.61, 826.03, 'Overdue', 'Cash', '2024-01-05', '2025-04-19 04:49:24', '2025-04-19 04:49:24'),
(330, 330, '2023-07-27', '2023-12-05', 1908.99, 63.57, 2185.19, 'Paid', 'Credit Card', '2024-01-09', '2025-04-19 04:49:24', '2025-04-19 04:49:24'),
(331, 331, '2023-04-25', '2024-01-25', 1588.61, 176.75, 772.1, 'Paid', 'Credit Card', '2024-01-18', '2025-04-19 04:49:24', '2025-04-19 04:49:24'),
(332, 332, '2023-10-05', '2024-01-03', 789.69, 149.79, 1164.37, 'Pending', 'Cash', '2023-12-10', '2025-04-19 04:49:24', '2025-04-19 04:49:24'),
(333, 333, '2023-05-05', '2023-12-12', 1283.81, 189.96, 1724.63, 'Pending', 'Credit Card', '2024-01-01', '2025-04-19 04:49:24', '2025-04-19 04:49:24'),
(334, 334, '2023-07-27', '2024-01-23', 921.12, 85.77, 2450.22, 'Pending', 'Cash', '2023-12-12', '2025-04-19 04:49:24', '2025-04-19 04:49:24'),
(335, 335, '2023-06-07', '2023-12-17', 1024.39, 199.57, 2334.02, 'Pending', 'Online', '2023-12-18', '2025-04-19 04:49:24', '2025-04-19 04:49:24'),
(336, 336, '2023-07-27', '2023-12-29', 1713.96, 60.86, 1604.32, 'Paid', 'Cash', '2023-12-15', '2025-04-19 04:49:24', '2025-04-19 04:49:24'),
(337, 337, '2023-11-03', '2023-12-22', 1227.55, 171.37, 431.52, 'Paid', 'Online', '2023-12-05', '2025-04-19 04:49:24', '2025-04-19 04:49:24'),
(338, 338, '2023-03-18', '2024-01-05', 914.23, 179.83, 2349.06, 'Overdue', 'Online', '2023-12-14', '2025-04-19 04:49:24', '2025-04-19 04:49:24'),
(339, 339, '2023-01-27', '2023-12-02', 995.3, 11.37, 870.27, 'Pending', 'Online', '2024-01-17', '2025-04-19 04:49:24', '2025-04-19 04:49:24'),
(340, 340, '2023-07-02', '2024-01-13', 1186.79, 12.88, 2253.62, 'Pending', 'Credit Card', '2023-12-07', '2025-04-19 04:49:24', '2025-04-19 04:49:24'),
(341, 341, '2023-10-26', '2023-12-07', 1977.55, 124.8, 2089.29, 'Paid', 'Credit Card', '2024-01-31', '2025-04-19 04:49:24', '2025-04-19 04:49:24'),
(342, 342, '2023-07-20', '2024-01-23', 1987.61, 25.97, 1564.75, 'Overdue', 'Online', '2023-12-09', '2025-04-19 04:49:24', '2025-04-19 04:49:24'),
(343, 343, '2023-11-10', '2023-12-20', 363.37, 95.16, 2160.51, 'Paid', 'Online', '2024-01-23', '2025-04-19 04:49:24', '2025-04-19 04:49:24'),
(344, 344, '2023-09-21', '2023-12-08', 1043.19, 48.64, 852.5, 'Pending', 'Cash', '2024-01-16', '2025-04-19 04:49:24', '2025-04-19 04:49:24'),
(345, 345, '2023-03-25', '2024-01-15', 998.05, 93.24, 2388.92, 'Pending', 'Cash', '2024-01-15', '2025-04-19 04:49:24', '2025-04-19 04:49:24'),
(346, 346, '2023-07-25', '2023-12-28', 1633.24, 50.85, 2464.58, 'Pending', 'Online', '2023-12-25', '2025-04-19 04:49:24', '2025-04-19 04:49:24'),
(347, 347, '2023-04-18', '2023-12-17', 976.44, 142.13, 284.63, 'Paid', 'Online', '2024-01-30', '2025-04-19 04:49:24', '2025-04-19 04:49:24'),
(348, 348, '2023-03-02', '2023-12-11', 304.58, 92.54, 543.45, 'Paid', 'Cash', '2024-01-23', '2025-04-19 04:49:24', '2025-04-19 04:49:24'),
(349, 349, '2023-06-20', '2024-01-15', 707.91, 51.65, 1307.67, 'Pending', 'Credit Card', '2024-01-15', '2025-04-19 04:49:24', '2025-04-19 04:49:24'),
(350, 350, '2023-10-10', '2024-01-17', 1216.57, 187.8, 682.48, 'Pending', 'Online', '2023-12-07', '2025-04-19 04:49:24', '2025-04-19 04:49:24'),
(351, 351, '2023-07-06', '2023-12-12', 842.51, 72.29, 312.5, 'Pending', 'Cash', '2023-12-16', '2025-04-19 04:49:24', '2025-04-19 04:49:24'),
(352, 352, '2023-09-12', '2023-12-31', 1350.83, 82.51, 1831.03, 'Pending', 'Cash', '2023-12-13', '2025-04-19 04:49:24', '2025-04-19 04:49:24'),
(353, 353, '2023-06-17', '2024-01-18', 1936.72, 87.36, 924.01, 'Overdue', 'Online', '2023-12-16', '2025-04-19 04:49:24', '2025-04-19 04:49:24'),
(354, 354, '2023-01-04', '2024-01-26', 1588.09, 191.09, 1156.34, 'Pending', 'Cash', '2023-12-14', '2025-04-19 04:49:24', '2025-04-19 04:49:24'),
(355, 355, '2023-01-22', '2024-01-27', 366.65, 104.99, 1339.32, 'Pending', 'Credit Card', '2024-01-20', '2025-04-19 04:49:24', '2025-04-19 04:49:24'),
(356, 356, '2023-04-03', '2023-12-28', 173.05, 6.8, 1029.67, 'Pending', 'Online', '2023-12-28', '2025-04-19 04:49:24', '2025-04-19 04:49:24'),
(357, 357, '2023-06-22', '2023-12-02', 298.73, 155.46, 2429.33, 'Paid', 'Credit Card', '2023-12-14', '2025-04-19 04:49:24', '2025-04-19 04:49:24'),
(358, 358, '2023-06-20', '2024-01-14', 1351.46, 148.63, 1361.46, 'Overdue', 'Cash', '2024-01-30', '2025-04-19 04:49:24', '2025-04-19 04:49:24'),
(359, 359, '2023-09-28', '2024-01-08', 1263.68, 124.38, 1200.36, 'Overdue', 'Credit Card', '2024-01-03', '2025-04-19 04:49:24', '2025-04-19 04:49:24'),
(360, 360, '2023-10-30', '2024-01-06', 651.37, 199.37, 1249.8, 'Pending', 'Cash', '2023-12-06', '2025-04-19 04:49:24', '2025-04-19 04:49:24'),
(361, 361, '2023-07-28', '2024-01-08', 1291.38, 159.41, 1291.39, 'Pending', 'Cash', '2024-02-01', '2025-04-19 04:49:24', '2025-04-19 04:49:24'),
(362, 362, '2023-11-08', '2024-01-07', 538.8, 66.46, 1559.06, 'Pending', 'Cash', '2023-12-24', '2025-04-19 04:49:24', '2025-04-19 04:49:24'),
(363, 363, '2023-11-30', '2024-01-25', 173.55, 49.75, 2280.07, 'Pending', 'Cash', '2023-12-21', '2025-04-19 04:49:24', '2025-04-19 04:49:24'),
(364, 364, '2023-01-03', '2024-01-04', 535.52, 48.25, 2089.47, 'Paid', 'Cash', '2023-12-05', '2025-04-19 04:49:24', '2025-04-19 04:49:24'),
(365, 365, '2023-08-09', '2023-12-05', 1921.41, 161.47, 829.36, 'Overdue', 'Cash', '2023-12-06', '2025-04-19 04:49:24', '2025-04-19 04:49:24'),
(366, 366, '2023-09-14', '2024-01-26', 1909.93, 159.95, 1672.05, 'Pending', 'Online', '2024-01-16', '2025-04-19 04:49:24', '2025-04-19 04:49:24'),
(367, 367, '2023-01-27', '2024-01-02', 1978.85, 46.62, 1720.96, 'Pending', 'Credit Card', '2024-01-28', '2025-04-19 04:49:24', '2025-04-19 04:49:24'),
(368, 368, '2023-05-01', '2024-01-30', 1979.63, 114.35, 955.75, 'Overdue', 'Online', '2023-12-17', '2025-04-19 04:49:24', '2025-04-19 04:49:24'),
(369, 369, '2023-01-08', '2024-01-14', 916.05, 69.11, 764.87, 'Pending', 'Credit Card', '2023-12-11', '2025-04-19 04:49:24', '2025-04-19 04:49:24'),
(370, 370, '2023-03-08', '2024-01-30', 1523.88, 55.35, 1712.15, 'Overdue', 'Cash', '2023-12-31', '2025-04-19 04:49:24', '2025-04-19 04:49:24'),
(371, 371, '2023-03-24', '2024-01-28', 910.25, 147.19, 1031.29, 'Pending', 'Cash', '2024-01-08', '2025-04-19 04:49:24', '2025-04-19 04:49:24'),
(372, 372, '2023-10-08', '2024-01-11', 230.32, 196.65, 2208.41, 'Paid', 'Credit Card', '2023-12-09', '2025-04-19 04:49:24', '2025-04-19 04:49:24'),
(373, 373, '2023-05-19', '2023-12-13', 315.4, 93.0, 479.31, 'Overdue', 'Cash', '2024-01-06', '2025-04-19 04:49:24', '2025-04-19 04:49:24'),
(374, 374, '2023-03-04', '2024-01-01', 1369.2, 59.27, 391.52, 'Paid', 'Cash', '2023-12-16', '2025-04-19 04:49:24', '2025-04-19 04:49:24'),
(375, 375, '2023-07-18', '2024-01-22', 459.67, 189.26, 1868.23, 'Overdue', 'Credit Card', '2023-12-09', '2025-04-19 04:49:24', '2025-04-19 04:49:24'),
(376, 376, '2023-03-25', '2023-12-11', 749.99, 106.81, 1785.92, 'Paid', 'Cash', '2024-01-22', '2025-04-19 04:49:24', '2025-04-19 04:49:24'),
(377, 377, '2023-11-20', '2023-12-24', 156.6, 171.43, 2023.13, 'Pending', 'Credit Card', '2024-01-25', '2025-04-19 04:49:24', '2025-04-19 04:49:24'),
(378, 378, '2023-09-20', '2024-01-20', 1642.44, 46.41, 637.33, 'Overdue', 'Cash', '2024-01-23', '2025-04-19 04:49:24', '2025-04-19 04:49:24'),
(379, 379, '2023-10-28', '2024-01-18', 1424.97, 195.35, 1912.7, 'Overdue', 'Cash', '2024-01-09', '2025-04-19 04:49:24', '2025-04-19 04:49:24'),
(380, 380, '2023-08-23', '2023-12-26', 712.21, 76.93, 2269.93, 'Paid', 'Cash', '2023-12-17', '2025-04-19 04:49:24', '2025-04-19 04:49:24'),
(381, 381, '2023-01-02', '2024-01-07', 775.3, 197.59, 2348.02, 'Overdue', 'Cash', '2023-12-31', '2025-04-19 04:49:24', '2025-04-19 04:49:24'),
(382, 382, '2023-01-04', '2023-12-22', 1737.81, 21.62, 2138.95, 'Overdue', 'Online', '2024-01-09', '2025-04-19 04:49:24', '2025-04-19 04:49:24'),
(383, 383, '2023-03-01', '2024-01-08', 357.96, 101.4, 2491.11, 'Overdue', 'Cash', '2023-12-12', '2025-04-19 04:49:24', '2025-04-19 04:49:24'),
(384, 384, '2023-11-16', '2024-01-22', 161.71, 167.87, 929.25, 'Pending', 'Online', '2024-01-26', '2025-04-19 04:49:24', '2025-04-19 04:49:24'),
(385, 385, '2023-08-06', '2023-12-20', 173.98, 25.78, 2359.81, 'Overdue', 'Credit Card', '2024-01-18', '2025-04-19 04:49:24', '2025-04-19 04:49:24'),
(386, 386, '2023-05-13', '2024-01-23', 821.2, 34.84, 981.86, 'Pending', 'Credit Card', '2024-01-07', '2025-04-19 04:49:24', '2025-04-19 04:49:24'),
(387, 387, '2023-07-06', '2023-12-06', 1046.75, 149.03, 1135.8, 'Paid', 'Cash', '2023-12-25', '2025-04-19 04:49:24', '2025-04-19 04:49:24'),
(388, 388, '2023-04-05', '2024-01-16', 276.84, 31.8, 1407.39, 'Overdue', 'Credit Card', '2023-12-28', '2025-04-19 04:49:24', '2025-04-19 04:49:24'),
(389, 389, '2023-02-28', '2023-12-08', 1951.81, 154.76, 932.12, 'Paid', 'Credit Card', '2024-01-10', '2025-04-19 04:49:24', '2025-04-19 04:49:24'),
(390, 390, '2023-04-19', '2024-01-08', 1620.71, 50.15, 835.98, 'Overdue', 'Online', '2024-02-01', '2025-04-19 04:49:24', '2025-04-19 04:49:24'),
(391, 391, '2023-02-10', '2024-01-22', 1454.35, 187.37, 2201.69, 'Overdue', 'Cash', '2024-02-01', '2025-04-19 04:49:24', '2025-04-19 04:49:24'),
(392, 392, '2023-10-10', '2024-01-13', 665.34, 179.59, 1930.29, 'Paid', 'Cash', '2024-02-01', '2025-04-19 04:49:24', '2025-04-19 04:49:24'),
(393, 393, '2023-08-04', '2023-12-07', 1350.01, 57.46, 319.72, 'Paid', 'Credit Card', '2024-01-11', '2025-04-19 04:49:24', '2025-04-19 04:49:24'),
(394, 394, '2023-01-03', '2023-12-08', 1793.66, 13.29, 2061.85, 'Pending', 'Online', '2023-12-11', '2025-04-19 04:49:24', '2025-04-19 04:49:24'),
(395, 395, '2023-05-16', '2023-12-12', 1222.62, 114.43, 2026.45, 'Paid', 'Cash', '2023-12-15', '2025-04-19 04:49:24', '2025-04-19 04:49:24'),
(396, 396, '2023-04-05', '2024-01-12', 1844.51, 141.64, 438.91, 'Paid', 'Cash', '2023-12-18', '2025-04-19 04:49:24', '2025-04-19 04:49:24'),
(397, 397, '2023-03-06', '2023-12-12', 1501.94, 165.32, 1769.63, 'Paid', 'Cash', '2023-12-05', '2025-04-19 04:49:24', '2025-04-19 04:49:24'),
(398, 398, '2023-09-25', '2024-01-27', 619.3, 159.96, 1985.4, 'Paid', 'Cash', '2024-01-09', '2025-04-19 04:49:24', '2025-04-19 04:49:24'),
(399, 399, '2023-05-02', '2023-12-05', 916.47, 124.59, 1093.41, 'Overdue', 'Cash', '2023-12-27', '2025-04-19 04:49:24', '2025-04-19 04:49:24'),
(400, 400, '2023-03-11', '2023-12-27', 1950.07, 85.25, 1530.16, 'Pending', 'Credit Card', '2024-01-13', '2025-04-19 04:49:24', '2025-04-19 04:49:24'),
(401, 401, '2023-03-05', '2024-01-16', 898.43, 131.43, 1344.66, 'Paid', 'Cash', '2024-01-11', '2025-04-19 04:49:24', '2025-04-19 04:49:24'),
(402, 402, '2023-04-08', '2024-01-18', 580.58, 30.0, 624.02, 'Overdue', 'Online', '2023-12-12', '2025-04-19 04:49:24', '2025-04-19 04:49:24'),
(403, 403, '2023-05-08', '2023-12-10', 1451.03, 50.02, 774.99, 'Paid', 'Online', '2023-12-09', '2025-04-19 04:49:24', '2025-04-19 04:49:24'),
(404, 404, '2023-07-22', '2023-12-10', 1933.92, 58.93, 459.01, 'Paid', 'Online', '2023-12-18', '2025-04-19 04:49:24', '2025-04-19 04:49:24'),
(405, 405, '2023-02-26', '2024-01-24', 1422.83, 85.6, 985.12, 'Pending', 'Credit Card', '2023-12-14', '2025-04-19 04:49:24', '2025-04-19 04:49:24'),
(406, 406, '2023-11-28', '2024-01-21', 334.16, 76.91, 2447.68, 'Pending', 'Online', '2024-01-07', '2025-04-19 04:49:24', '2025-04-19 04:49:24'),
(407, 407, '2023-05-21', '2023-12-30', 1359.93, 172.26, 535.61, 'Pending', 'Cash', '2023-12-17', '2025-04-19 04:49:24', '2025-04-19 04:49:24'),
(408, 408, '2023-05-05', '2024-01-02', 1028.94, 58.41, 312.55, 'Paid', 'Cash', '2024-01-03', '2025-04-19 04:49:24', '2025-04-19 04:49:24'),
(409, 409, '2023-03-23', '2023-12-05', 1584.65, 167.57, 1921.15, 'Overdue', 'Cash', '2023-12-18', '2025-04-19 04:49:24', '2025-04-19 04:49:24'),
(410, 410, '2023-07-31', '2023-12-09', 1774.48, 32.44, 842.45, 'Pending', 'Credit Card', '2024-01-04', '2025-04-19 04:49:24', '2025-04-19 04:49:24'),
(411, 411, '2023-09-29', '2023-12-06', 1214.32, 72.83, 1681.78, 'Pending', 'Credit Card', '2024-01-18', '2025-04-19 04:49:24', '2025-04-19 04:49:24'),
(412, 412, '2023-05-22', '2024-01-24', 1005.99, 81.17, 569.05, 'Paid', 'Cash', '2024-01-31', '2025-04-19 04:49:24', '2025-04-19 04:49:24'),
(413, 413, '2023-03-10', '2023-12-03', 1583.91, 130.82, 1084.54, 'Overdue', 'Online', '2024-01-15', '2025-04-19 04:49:24', '2025-04-19 04:49:24'),
(414, 414, '2023-03-16', '2023-12-09', 608.58, 77.31, 786.07, 'Paid', 'Cash', '2024-01-29', '2025-04-19 04:49:24', '2025-04-19 04:49:24'),
(415, 415, '2023-09-22', '2024-01-22', 689.41, 83.72, 344.83, 'Paid', 'Credit Card', '2024-01-31', '2025-04-19 04:49:24', '2025-04-19 04:49:24'),
(416, 416, '2023-05-25', '2023-12-18', 1638.45, 152.76, 1737.43, 'Overdue', 'Online', '2024-01-10', '2025-04-19 04:49:24', '2025-04-19 04:49:24'),
(417, 417, '2023-09-29', '2024-01-29', 447.6, 101.92, 1415.15, 'Paid', 'Credit Card', '2023-12-25', '2025-04-19 04:49:24', '2025-04-19 04:49:24'),
(418, 418, '2023-10-11', '2023-12-28', 1179.11, 5.28, 644.86, 'Paid', 'Online', '2023-12-24', '2025-04-19 04:49:24', '2025-04-19 04:49:24'),
(419, 419, '2023-08-06', '2023-12-18', 1422.45, 58.03, 658.77, 'Pending', 'Online', '2024-01-27', '2025-04-19 04:49:24', '2025-04-19 04:49:24'),
(420, 420, '2023-11-05', '2024-01-07', 1171.64, 23.74, 1285.27, 'Paid', 'Credit Card', '2023-12-25', '2025-04-19 04:49:24', '2025-04-19 04:49:24'),
(421, 421, '2023-01-24', '2024-01-25', 738.68, 96.92, 754.68, 'Pending', 'Cash', '2023-12-19', '2025-04-19 04:49:24', '2025-04-19 04:49:24'),
(422, 422, '2023-08-09', '2024-01-06', 131.22, 19.87, 1499.87, 'Paid', 'Credit Card', '2023-12-31', '2025-04-19 04:49:24', '2025-04-19 04:49:24'),
(423, 423, '2023-01-23', '2023-12-15', 987.46, 109.32, 1898.82, 'Paid', 'Online', '2024-01-09', '2025-04-19 04:49:24', '2025-04-19 04:49:24'),
(424, 424, '2023-08-14', '2024-01-16', 357.87, 148.91, 702.48, 'Paid', 'Credit Card', '2023-12-21', '2025-04-19 04:49:24', '2025-04-19 04:49:24'),
(425, 425, '2023-01-06', '2024-01-29', 1216.25, 28.45, 844.95, 'Overdue', 'Cash', '2024-01-31', '2025-04-19 04:49:24', '2025-04-19 04:49:24'),
(426, 426, '2023-04-18', '2023-12-07', 747.55, 51.16, 473.19, 'Pending', 'Online', '2024-01-08', '2025-04-19 04:49:24', '2025-04-19 04:49:24'),
(427, 427, '2023-11-19', '2024-01-31', 1545.73, 13.61, 1784.69, 'Overdue', 'Credit Card', '2024-01-16', '2025-04-19 04:49:24', '2025-04-19 04:49:24'),
(428, 428, '2023-01-04', '2024-01-30', 1699.89, 164.33, 697.62, 'Pending', 'Cash', '2023-12-11', '2025-04-19 04:49:24', '2025-04-19 04:49:24'),
(429, 429, '2023-02-15', '2024-01-03', 1207.47, 185.34, 838.64, 'Pending', 'Online', '2023-12-27', '2025-04-19 04:49:24', '2025-04-19 04:49:24'),
(430, 430, '2023-07-02', '2024-01-19', 959.48, 140.71, 261.87, 'Paid', 'Online', '2024-01-10', '2025-04-19 04:49:24', '2025-04-19 04:49:24'),
(431, 431, '2023-01-11', '2024-01-13', 622.99, 38.55, 560.99, 'Overdue', 'Credit Card', '2024-01-20', '2025-04-19 04:49:24', '2025-04-19 04:49:24'),
(432, 432, '2023-04-02', '2023-12-14', 1671.83, 43.54, 878.5, 'Paid', 'Online', '2024-01-02', '2025-04-19 04:49:24', '2025-04-19 04:49:24'),
(433, 433, '2023-04-26', '2024-01-10', 355.58, 27.99, 2298.15, 'Paid', 'Cash', '2024-01-14', '2025-04-19 04:49:24', '2025-04-19 04:49:24'),
(434, 434, '2023-06-03', '2024-01-24', 1404.84, 35.02, 345.52, 'Paid', 'Cash', '2023-12-29', '2025-04-19 04:49:24', '2025-04-19 04:49:24'),
(435, 435, '2023-01-04', '2023-12-12', 811.62, 108.94, 1774.21, 'Pending', 'Credit Card', '2023-12-10', '2025-04-19 04:49:24', '2025-04-19 04:49:24'),
(436, 436, '2023-03-22', '2023-12-15', 239.1, 85.94, 1199.62, 'Overdue', 'Credit Card', '2023-12-22', '2025-04-19 04:49:24', '2025-04-19 04:49:24'),
(437, 437, '2023-09-24', '2024-01-16', 1154.49, 137.04, 2384.92, 'Overdue', 'Online', '2023-12-26', '2025-04-19 04:49:24', '2025-04-19 04:49:24'),
(438, 438, '2023-08-20', '2023-12-12', 1674.67, 120.88, 1719.19, 'Paid', 'Cash', '2024-01-01', '2025-04-19 04:49:24', '2025-04-19 04:49:24'),
(439, 439, '2023-03-30', '2024-01-10', 1689.71, 91.79, 926.18, 'Overdue', 'Credit Card', '2024-01-20', '2025-04-19 04:49:24', '2025-04-19 04:49:24'),
(440, 440, '2023-01-11', '2023-12-14', 871.05, 78.23, 1431.53, 'Paid', 'Online', '2023-12-12', '2025-04-19 04:49:24', '2025-04-19 04:49:24'),
(441, 441, '2023-03-06', '2024-01-28', 202.21, 148.72, 1427.15, 'Paid', 'Online', '2024-01-04', '2025-04-19 04:49:24', '2025-04-19 04:49:24'),
(442, 442, '2023-07-22', '2024-01-29', 1334.35, 143.93, 2078.42, 'Paid', 'Online', '2023-12-16', '2025-04-19 04:49:24', '2025-04-19 04:49:24'),
(443, 443, '2023-10-03', '2024-01-27', 540.42, 29.65, 2288.4, 'Overdue', 'Online', '2024-01-08', '2025-04-19 04:49:24', '2025-04-19 04:49:24'),
(444, 444, '2023-02-07', '2023-12-17', 1124.11, 21.3, 1407.67, 'Paid', 'Cash', '2023-12-21', '2025-04-19 04:49:24', '2025-04-19 04:49:24'),
(445, 445, '2023-06-20', '2024-01-06', 358.74, 39.77, 1183.76, 'Paid', 'Credit Card', '2024-01-25', '2025-04-19 04:49:24', '2025-04-19 04:49:24'),
(446, 446, '2023-04-23', '2024-01-15', 1308.87, 106.0, 1637.13, 'Paid', 'Cash', '2024-01-20', '2025-04-19 04:49:24', '2025-04-19 04:49:24'),
(447, 447, '2023-11-21', '2024-01-05', 252.3, 153.23, 1260.07, 'Overdue', 'Cash', '2024-01-28', '2025-04-19 04:49:24', '2025-04-19 04:49:24'),
(448, 448, '2023-06-22', '2023-12-03', 162.9, 7.25, 262.84, 'Overdue', 'Online', '2023-12-06', '2025-04-19 04:49:24', '2025-04-19 04:49:24'),
(449, 449, '2023-01-16', '2023-12-07', 712.74, 152.72, 2058.34, 'Overdue', 'Credit Card', '2023-12-10', '2025-04-19 04:49:24', '2025-04-19 04:49:24'),
(450, 450, '2023-04-08', '2024-01-01', 1910.87, 24.16, 2002.39, 'Overdue', 'Online', '2023-12-28', '2025-04-19 04:49:24', '2025-04-19 04:49:24'),
(451, 451, '2023-01-30', '2024-01-21', 1298.61, 193.89, 259.43, 'Paid', 'Cash', '2023-12-25', '2025-04-19 04:49:24', '2025-04-19 04:49:24'),
(452, 452, '2023-07-14', '2024-01-14', 318.8, 183.28, 1684.9, 'Pending', 'Cash', '2023-12-15', '2025-04-19 04:49:24', '2025-04-19 04:49:24'),
(453, 453, '2023-02-13', '2024-01-05', 1644.26, 122.07, 1525.69, 'Pending', 'Cash', '2024-01-05', '2025-04-19 04:49:24', '2025-04-19 04:49:24'),
(454, 454, '2023-09-25', '2024-01-29', 1559.18, 34.36, 2096.02, 'Pending', 'Online', '2024-01-13', '2025-04-19 04:49:24', '2025-04-19 04:49:24'),
(455, 455, '2023-01-22', '2023-12-22', 820.95, 12.87, 1199.79, 'Paid', 'Credit Card', '2024-01-12', '2025-04-19 04:49:24', '2025-04-19 04:49:24'),
(456, 456, '2023-01-26', '2023-12-02', 1357.87, 177.73, 1069.16, 'Overdue', 'Cash', '2023-12-10', '2025-04-19 04:49:24', '2025-04-19 04:49:24'),
(457, 457, '2023-07-05', '2024-01-17', 1080.19, 108.36, 1131.92, 'Overdue', 'Credit Card', '2023-12-20', '2025-04-19 04:49:24', '2025-04-19 04:49:24'),
(458, 458, '2023-07-31', '2023-12-11', 1615.63, 104.78, 2478.54, 'Pending', 'Online', '2023-12-08', '2025-04-19 04:49:24', '2025-04-19 04:49:24'),
(459, 459, '2023-07-07', '2023-12-21', 1661.0, 158.1, 1063.25, 'Paid', 'Online', '2024-01-19', '2025-04-19 04:49:24', '2025-04-19 04:49:24'),
(460, 460, '2023-01-21', '2024-01-11', 992.56, 84.31, 752.9, 'Overdue', 'Online', '2024-01-09', '2025-04-19 04:49:24', '2025-04-19 04:49:24'),
(461, 461, '2023-08-24', '2024-01-10', 774.65, 199.75, 1976.44, 'Overdue', 'Online', '2023-12-16', '2025-04-19 04:49:24', '2025-04-19 04:49:24'),
(462, 462, '2023-03-06', '2023-12-06', 215.35, 161.39, 2334.72, 'Pending', 'Cash', '2024-01-27', '2025-04-19 04:49:24', '2025-04-19 04:49:24'),
(463, 463, '2023-09-28', '2023-12-09', 1791.39, 183.47, 1898.56, 'Pending', 'Online', '2024-01-20', '2025-04-19 04:49:24', '2025-04-19 04:49:24'),
(464, 464, '2023-05-13', '2024-01-25', 1323.18, 111.76, 1289.38, 'Paid', 'Online', '2023-12-17', '2025-04-19 04:49:24', '2025-04-19 04:49:24'),
(465, 465, '2023-07-13', '2024-01-16', 1551.32, 108.02, 347.58, 'Pending', 'Credit Card', '2023-12-14', '2025-04-19 04:49:24', '2025-04-19 04:49:24'),
(466, 466, '2023-02-03', '2023-12-11', 1423.62, 125.72, 878.85, 'Paid', 'Online', '2024-01-10', '2025-04-19 04:49:24', '2025-04-19 04:49:24'),
(467, 467, '2023-11-27', '2024-01-13', 1367.26, 64.96, 884.45, 'Paid', 'Credit Card', '2024-01-30', '2025-04-19 04:49:24', '2025-04-19 04:49:24'),
(468, 468, '2023-08-03', '2024-01-19', 1462.28, 76.81, 1868.03, 'Overdue', 'Cash', '2023-12-18', '2025-04-19 04:49:24', '2025-04-19 04:49:24'),
(469, 469, '2023-02-23', '2023-12-21', 1925.47, 54.11, 1262.52, 'Paid', 'Cash', '2023-12-23', '2025-04-19 04:49:24', '2025-04-19 04:49:24'),
(470, 470, '2023-11-20', '2023-12-26', 397.68, 189.5, 1059.43, 'Pending', 'Credit Card', '2023-12-16', '2025-04-19 04:49:24', '2025-04-19 04:49:24'),
(471, 471, '2023-07-26', '2024-01-21', 535.25, 136.77, 981.84, 'Overdue', 'Credit Card', '2023-12-23', '2025-04-19 04:49:24', '2025-04-19 04:49:24'),
(472, 472, '2023-04-09', '2024-01-26', 1831.72, 9.54, 394.6, 'Pending', 'Cash', '2023-12-31', '2025-04-19 04:49:24', '2025-04-19 04:49:24'),
(473, 473, '2023-05-24', '2024-01-26', 652.14, 117.26, 2073.86, 'Overdue', 'Credit Card', '2024-01-23', '2025-04-19 04:49:24', '2025-04-19 04:49:24'),
(474, 474, '2023-04-26', '2024-01-17', 307.03, 52.08, 1804.03, 'Overdue', 'Credit Card', '2024-01-27', '2025-04-19 04:49:24', '2025-04-19 04:49:24'),
(475, 475, '2023-05-22', '2023-12-23', 1478.44, 31.18, 1603.22, 'Overdue', 'Credit Card', '2024-01-17', '2025-04-19 04:49:24', '2025-04-19 04:49:24'),
(476, 476, '2023-06-24', '2023-12-04', 650.42, 129.62, 2484.19, 'Pending', 'Credit Card', '2023-12-18', '2025-04-19 04:49:24', '2025-04-19 04:49:24'),
(477, 477, '2023-04-21', '2023-12-15', 1942.49, 165.67, 646.96, 'Overdue', 'Cash', '2024-01-11', '2025-04-19 04:49:24', '2025-04-19 04:49:24'),
(478, 478, '2023-06-11', '2024-01-27', 1446.87, 81.97, 710.32, 'Paid', 'Credit Card', '2023-12-10', '2025-04-19 04:49:24', '2025-04-19 04:49:24'),
(479, 479, '2023-02-18', '2024-01-16', 1239.72, 107.61, 1858.88, 'Paid', 'Online', '2023-12-08', '2025-04-19 04:49:24', '2025-04-19 04:49:24'),
(480, 480, '2023-11-07', '2023-12-14', 558.08, 22.83, 1761.2, 'Pending', 'Credit Card', '2023-12-13', '2025-04-19 04:49:24', '2025-04-19 04:49:24'),
(481, 481, '2023-07-27', '2024-01-12', 713.74, 49.01, 2229.48, 'Paid', 'Online', '2023-12-09', '2025-04-19 04:49:24', '2025-04-19 04:49:24'),
(482, 482, '2023-02-12', '2024-01-29', 1525.08, 153.46, 1342.33, 'Pending', 'Cash', '2023-12-11', '2025-04-19 04:49:24', '2025-04-19 04:49:24'),
(483, 483, '2023-08-25', '2024-01-03', 1730.92, 156.89, 1856.66, 'Overdue', 'Credit Card', '2023-12-05', '2025-04-19 04:49:24', '2025-04-19 04:49:24'),
(484, 484, '2023-04-05', '2023-12-15', 1658.66, 199.47, 267.62, 'Paid', 'Cash', '2024-01-23', '2025-04-19 04:49:24', '2025-04-19 04:49:24'),
(485, 485, '2023-08-01', '2023-12-09', 1144.51, 168.33, 1404.9, 'Paid', 'Credit Card', '2024-01-18', '2025-04-19 04:49:24', '2025-04-19 04:49:24'),
(486, 486, '2023-07-13', '2023-12-23', 997.32, 142.05, 806.94, 'Pending', 'Online', '2023-12-12', '2025-04-19 04:49:24', '2025-04-19 04:49:24'),
(487, 487, '2023-08-01', '2024-01-29', 105.84, 126.11, 691.51, 'Pending', 'Online', '2024-01-24', '2025-04-19 04:49:24', '2025-04-19 04:49:24'),
(488, 488, '2023-06-27', '2023-12-10', 1783.18, 19.87, 1588.49, 'Paid', 'Online', '2024-01-14', '2025-04-19 04:49:24', '2025-04-19 04:49:24'),
(489, 489, '2023-10-22', '2023-12-20', 306.83, 61.99, 732.1, 'Overdue', 'Cash', '2023-12-26', '2025-04-19 04:49:24', '2025-04-19 04:49:24'),
(490, 490, '2023-01-14', '2024-01-08', 364.66, 199.4, 647.82, 'Overdue', 'Credit Card', '2023-12-18', '2025-04-19 04:49:24', '2025-04-19 04:49:24'),
(491, 491, '2023-11-07', '2024-01-09', 1061.12, 19.33, 1237.97, 'Pending', 'Cash', '2023-12-31', '2025-04-19 04:49:24', '2025-04-19 04:49:24'),
(492, 492, '2023-02-09', '2023-12-07', 584.78, 12.11, 1915.84, 'Overdue', 'Cash', '2023-12-13', '2025-04-19 04:49:24', '2025-04-19 04:49:24'),
(493, 493, '2023-09-24', '2024-01-05', 873.77, 150.69, 2108.04, 'Overdue', 'Credit Card', '2024-01-23', '2025-04-19 04:49:24', '2025-04-19 04:49:24'),
(494, 494, '2023-06-22', '2023-12-17', 1035.51, 82.12, 1201.35, 'Overdue', 'Credit Card', '2024-01-07', '2025-04-19 04:49:24', '2025-04-19 04:49:24'),
(495, 495, '2023-02-19', '2023-12-09', 1518.05, 88.17, 2147.04, 'Paid', 'Credit Card', '2024-01-29', '2025-04-19 04:49:24', '2025-04-19 04:49:24'),
(496, 496, '2023-01-29', '2024-01-04', 1781.38, 75.46, 1115.01, 'Overdue', 'Credit Card', '2024-01-26', '2025-04-19 04:49:24', '2025-04-19 04:49:24'),
(497, 497, '2023-01-14', '2023-12-26', 392.58, 93.85, 936.87, 'Overdue', 'Credit Card', '2023-12-11', '2025-04-19 04:49:24', '2025-04-19 04:49:24'),
(498, 498, '2023-03-31', '2024-01-20', 515.35, 180.01, 1018.33, 'Pending', 'Online', '2024-01-09', '2025-04-19 04:49:24', '2025-04-19 04:49:24'),
(499, 499, '2023-04-04', '2023-12-29', 1186.88, 99.65, 2149.09, 'Pending', 'Online', '2024-01-15', '2025-04-19 04:49:24', '2025-04-19 04:49:24'),
(500, 500, '2023-03-15', '2024-01-10', 500.63, 107.28, 806.7, 'Overdue', 'Credit Card', '2023-12-12', '2025-04-19 04:49:24', '2025-04-19 04:49:24'),
(501, 501, '2023-05-04', '2023-12-21', 1803.08, 5.97, 1413.96, 'Pending', 'Credit Card', '2023-12-26', '2025-04-19 04:49:24', '2025-04-19 04:49:24'),
(502, 502, '2023-06-02', '2023-12-17', 1006.09, 135.09, 1465.66, 'Overdue', 'Credit Card', '2023-12-31', '2025-04-19 04:49:24', '2025-04-19 04:49:24'),
(503, 503, '2023-01-24', '2023-12-15', 544.12, 77.99, 1864.87, 'Paid', 'Credit Card', '2024-01-16', '2025-04-19 04:49:24', '2025-04-19 04:49:24'),
(504, 504, '2023-07-09', '2023-12-30', 1413.1, 8.52, 2091.19, 'Overdue', 'Cash', '2024-01-10', '2025-04-19 04:49:24', '2025-04-19 04:49:24'),
(505, 505, '2023-10-25', '2024-01-16', 223.2, 61.42, 1520.4, 'Paid', 'Online', '2024-01-02', '2025-04-19 04:49:24', '2025-04-19 04:49:24'),
(506, 506, '2023-05-11', '2024-01-08', 1633.92, 83.56, 1575.06, 'Overdue', 'Online', '2024-01-14', '2025-04-19 04:49:24', '2025-04-19 04:49:24'),
(507, 507, '2023-08-04', '2024-01-20', 1286.52, 162.57, 2200.03, 'Overdue', 'Cash', '2024-01-27', '2025-04-19 04:49:24', '2025-04-19 04:49:24'),
(508, 508, '2023-10-10', '2024-01-12', 1248.85, 122.06, 1878.44, 'Overdue', 'Cash', '2023-12-10', '2025-04-19 04:49:24', '2025-04-19 04:49:24'),
(509, 509, '2023-09-25', '2023-12-20', 375.84, 157.79, 1532.34, 'Overdue', 'Online', '2023-12-20', '2025-04-19 04:49:24', '2025-04-19 04:49:24'),
(510, 510, '2023-03-17', '2023-12-23', 1174.15, 62.41, 1976.29, 'Pending', 'Online', '2024-01-13', '2025-04-19 04:49:24', '2025-04-19 04:49:24'),
(511, 511, '2023-04-10', '2023-12-13', 1792.03, 26.13, 2130.13, 'Paid', 'Cash', '2024-01-23', '2025-04-19 04:49:24', '2025-04-19 04:49:24'),
(512, 512, '2023-03-14', '2024-01-20', 1941.31, 83.82, 1487.65, 'Paid', 'Cash', '2024-01-13', '2025-04-19 04:49:24', '2025-04-19 04:49:24'),
(513, 513, '2023-01-12', '2024-01-06', 998.66, 82.61, 470.75, 'Pending', 'Credit Card', '2024-01-15', '2025-04-19 04:49:24', '2025-04-19 04:49:24'),
(514, 514, '2023-08-15', '2023-12-13', 1523.63, 65.35, 2368.97, 'Overdue', 'Credit Card', '2024-01-07', '2025-04-19 04:49:24', '2025-04-19 04:49:24'),
(515, 515, '2023-11-07', '2023-12-16', 718.98, 134.2, 2288.08, 'Overdue', 'Credit Card', '2024-01-31', '2025-04-19 04:49:24', '2025-04-19 04:49:24'),
(516, 516, '2023-09-24', '2023-12-10', 1348.79, 114.42, 240.25, 'Pending', 'Credit Card', '2024-01-31', '2025-04-19 04:49:24', '2025-04-19 04:49:24'),
(517, 517, '2023-06-26', '2023-12-28', 1785.84, 27.97, 527.65, 'Overdue', 'Online', '2024-01-13', '2025-04-19 04:49:24', '2025-04-19 04:49:24'),
(518, 518, '2023-08-11', '2023-12-23', 156.89, 161.89, 2003.37, 'Pending', 'Online', '2024-01-22', '2025-04-19 04:49:24', '2025-04-19 04:49:24'),
(519, 519, '2023-07-03', '2024-01-05', 1385.45, 89.66, 811.89, 'Overdue', 'Cash', '2024-01-10', '2025-04-19 04:49:24', '2025-04-19 04:49:24'),
(520, 520, '2023-07-13', '2023-12-24', 873.16, 19.2, 2107.19, 'Paid', 'Online', '2024-01-04', '2025-04-19 04:49:24', '2025-04-19 04:49:24'),
(521, 521, '2023-08-07', '2023-12-08', 1376.82, 138.71, 535.15, 'Paid', 'Online', '2023-12-25', '2025-04-19 04:49:24', '2025-04-19 04:49:24'),
(522, 522, '2023-10-20', '2023-12-23', 1962.9, 151.33, 779.44, 'Paid', 'Cash', '2023-12-30', '2025-04-19 04:49:24', '2025-04-19 04:49:24'),
(523, 523, '2023-10-05', '2023-12-11', 557.14, 160.28, 914.71, 'Overdue', 'Cash', '2024-01-14', '2025-04-19 04:49:24', '2025-04-19 04:49:24'),
(524, 524, '2023-01-21', '2024-01-25', 155.96, 192.05, 1300.36, 'Paid', 'Credit Card', '2023-12-05', '2025-04-19 04:49:24', '2025-04-19 04:49:24'),
(525, 525, '2023-09-21', '2023-12-29', 1240.75, 181.93, 1095.36, 'Paid', 'Credit Card', '2024-01-27', '2025-04-19 04:49:24', '2025-04-19 04:49:24'),
(526, 526, '2023-07-18', '2024-01-03', 483.91, 20.84, 644.67, 'Overdue', 'Cash', '2024-01-26', '2025-04-19 04:49:24', '2025-04-19 04:49:24'),
(527, 527, '2023-01-14', '2023-12-05', 1896.15, 78.16, 328.77, 'Overdue', 'Cash', '2023-12-10', '2025-04-19 04:49:24', '2025-04-19 04:49:24'),
(528, 528, '2023-05-31', '2024-01-11', 1252.41, 172.28, 939.2, 'Pending', 'Cash', '2024-01-23', '2025-04-19 04:49:24', '2025-04-19 04:49:24'),
(529, 529, '2023-04-01', '2024-01-26', 1296.12, 43.2, 1539.66, 'Pending', 'Online', '2023-12-31', '2025-04-19 04:49:24', '2025-04-19 04:49:24'),
(530, 530, '2023-11-18', '2023-12-11', 195.57, 76.83, 1666.26, 'Pending', 'Credit Card', '2024-01-31', '2025-04-19 04:49:24', '2025-04-19 04:49:24'),
(531, 531, '2023-09-11', '2023-12-30', 941.12, 59.89, 573.32, 'Overdue', 'Cash', '2024-01-30', '2025-04-19 04:49:24', '2025-04-19 04:49:24'),
(532, 532, '2023-03-13', '2024-01-17', 866.12, 173.29, 1744.2, 'Overdue', 'Credit Card', '2023-12-27', '2025-04-19 04:49:24', '2025-04-19 04:49:24'),
(533, 533, '2023-01-10', '2024-01-06', 1617.47, 150.44, 1331.82, 'Overdue', 'Cash', '2023-12-29', '2025-04-19 04:49:24', '2025-04-19 04:49:24'),
(534, 534, '2023-01-25', '2023-12-12', 1174.3, 186.83, 353.63, 'Pending', 'Credit Card', '2023-12-30', '2025-04-19 04:49:24', '2025-04-19 04:49:24'),
(535, 535, '2023-09-26', '2024-01-14', 1113.72, 18.1, 649.12, 'Paid', 'Cash', '2023-12-19', '2025-04-19 04:49:24', '2025-04-19 04:49:24'),
(536, 536, '2023-02-15', '2024-01-30', 352.06, 186.62, 1023.12, 'Paid', 'Credit Card', '2023-12-27', '2025-04-19 04:49:24', '2025-04-19 04:49:24'),
(537, 537, '2023-07-25', '2023-12-08', 987.67, 185.8, 1267.79, 'Paid', 'Credit Card', '2024-01-17', '2025-04-19 04:49:24', '2025-04-19 04:49:24'),
(538, 538, '2023-02-22', '2023-12-07', 1245.56, 5.09, 459.03, 'Pending', 'Credit Card', '2024-01-26', '2025-04-19 04:49:24', '2025-04-19 04:49:24'),
(539, 539, '2023-09-20', '2024-01-13', 703.74, 96.21, 1456.06, 'Pending', 'Cash', '2023-12-12', '2025-04-19 04:49:24', '2025-04-19 04:49:24'),
(540, 540, '2023-04-08', '2023-12-15', 950.23, 178.82, 1453.93, 'Pending', 'Cash', '2024-01-11', '2025-04-19 04:49:24', '2025-04-19 04:49:24'),
(541, 541, '2023-01-26', '2024-01-17', 1926.35, 173.59, 942.95, 'Paid', 'Cash', '2023-12-23', '2025-04-19 04:49:24', '2025-04-19 04:49:24'),
(542, 542, '2023-09-19', '2023-12-04', 1948.85, 23.43, 833.4, 'Paid', 'Credit Card', '2024-01-02', '2025-04-19 04:49:24', '2025-04-19 04:49:24'),
(543, 543, '2023-04-15', '2024-01-14', 575.24, 24.82, 1281.92, 'Paid', 'Credit Card', '2024-01-31', '2025-04-19 04:49:24', '2025-04-19 04:49:24'),
(544, 544, '2023-08-26', '2024-01-18', 1602.78, 135.12, 591.73, 'Paid', 'Credit Card', '2023-12-05', '2025-04-19 04:49:24', '2025-04-19 04:49:24'),
(545, 545, '2023-03-24', '2024-01-11', 275.31, 100.86, 2087.46, 'Overdue', 'Credit Card', '2023-12-11', '2025-04-19 04:49:24', '2025-04-19 04:49:24'),
(546, 546, '2023-11-18', '2023-12-14', 596.09, 186.46, 1165.7, 'Overdue', 'Online', '2023-12-26', '2025-04-19 04:49:24', '2025-04-19 04:49:24'),
(547, 547, '2023-09-09', '2024-01-21', 1489.33, 123.27, 737.89, 'Pending', 'Credit Card', '2024-01-29', '2025-04-19 04:49:24', '2025-04-19 04:49:24'),
(548, 548, '2023-10-04', '2023-12-17', 1765.62, 170.37, 607.6, 'Overdue', 'Cash', '2023-12-31', '2025-04-19 04:49:24', '2025-04-19 04:49:24'),
(549, 549, '2023-01-15', '2023-12-23', 534.93, 151.3, 2407.46, 'Paid', 'Cash', '2024-01-24', '2025-04-19 04:49:24', '2025-04-19 04:49:24'),
(550, 550, '2023-10-29', '2024-01-05', 1466.45, 88.59, 1765.71, 'Paid', 'Cash', '2024-01-04', '2025-04-19 04:49:24', '2025-04-19 04:49:24'),
(551, 551, '2023-02-01', '2023-12-27', 1735.72, 101.81, 2270.72, 'Overdue', 'Credit Card', '2024-01-29', '2025-04-19 04:49:24', '2025-04-19 04:49:24'),
(552, 552, '2023-01-08', '2023-12-25', 1552.62, 78.34, 530.35, 'Overdue', 'Credit Card', '2023-12-16', '2025-04-19 04:49:24', '2025-04-19 04:49:24'),
(553, 553, '2023-04-25', '2024-01-11', 763.68, 136.41, 398.23, 'Pending', 'Online', '2024-01-29', '2025-04-19 04:49:24', '2025-04-19 04:49:24'),
(554, 554, '2023-07-07', '2023-12-02', 1576.84, 110.12, 1228.75, 'Paid', 'Online', '2023-12-21', '2025-04-19 04:49:24', '2025-04-19 04:49:24'),
(555, 555, '2023-07-27', '2024-01-07', 385.65, 19.21, 1697.99, 'Paid', 'Credit Card', '2024-01-10', '2025-04-19 04:49:24', '2025-04-19 04:49:24'),
(556, 556, '2023-03-13', '2023-12-22', 1178.95, 193.94, 1936.41, 'Paid', 'Online', '2024-01-11', '2025-04-19 04:49:24', '2025-04-19 04:49:24'),
(557, 557, '2023-10-01', '2024-01-20', 1395.54, 50.87, 1633.91, 'Overdue', 'Cash', '2024-01-24', '2025-04-19 04:49:24', '2025-04-19 04:49:24'),
(558, 558, '2023-10-07', '2024-01-26', 130.72, 35.88, 2252.01, 'Paid', 'Cash', '2024-01-25', '2025-04-19 04:49:24', '2025-04-19 04:49:24'),
(559, 559, '2023-01-18', '2024-01-31', 1249.82, 147.28, 1723.32, 'Overdue', 'Cash', '2024-01-20', '2025-04-19 04:49:24', '2025-04-19 04:49:24'),
(560, 560, '2023-11-03', '2024-01-16', 1413.67, 103.94, 871.3, 'Paid', 'Cash', '2024-01-30', '2025-04-19 04:49:24', '2025-04-19 04:49:24'),
(561, 561, '2023-11-07', '2023-12-23', 1707.66, 123.9, 1473.14, 'Paid', 'Online', '2023-12-10', '2025-04-19 04:49:24', '2025-04-19 04:49:24'),
(562, 562, '2023-05-26', '2023-12-24', 958.54, 111.41, 1253.14, 'Paid', 'Online', '2024-01-15', '2025-04-19 04:49:24', '2025-04-19 04:49:24'),
(563, 563, '2023-08-14', '2023-12-07', 778.18, 39.91, 2258.95, 'Pending', 'Cash', '2023-12-29', '2025-04-19 04:49:24', '2025-04-19 04:49:24'),
(564, 564, '2023-09-02', '2023-12-14', 1124.61, 194.56, 629.55, 'Overdue', 'Cash', '2023-12-22', '2025-04-19 04:49:24', '2025-04-19 04:49:24'),
(565, 565, '2023-07-14', '2024-01-20', 248.18, 124.73, 1854.64, 'Overdue', 'Cash', '2024-01-05', '2025-04-19 04:49:24', '2025-04-19 04:49:24'),
(566, 566, '2023-11-09', '2024-01-05', 1035.7, 110.69, 2171.15, 'Overdue', 'Cash', '2024-01-06', '2025-04-19 04:49:24', '2025-04-19 04:49:24'),
(567, 567, '2023-09-12', '2024-01-16', 1706.47, 168.22, 497.82, 'Overdue', 'Online', '2023-12-17', '2025-04-19 04:49:24', '2025-04-19 04:49:24'),
(568, 568, '2023-09-10', '2024-01-18', 172.54, 130.44, 931.98, 'Overdue', 'Credit Card', '2023-12-30', '2025-04-19 04:49:24', '2025-04-19 04:49:24'),
(569, 569, '2023-11-26', '2023-12-13', 1396.44, 159.52, 1047.97, 'Overdue', 'Cash', '2024-01-30', '2025-04-19 04:49:24', '2025-04-19 04:49:24'),
(570, 570, '2023-01-16', '2024-01-13', 1799.96, 75.27, 2487.29, 'Pending', 'Online', '2024-01-13', '2025-04-19 04:49:24', '2025-04-19 04:49:24'),
(571, 571, '2023-06-19', '2024-01-14', 967.61, 12.47, 1747.93, 'Paid', 'Cash', '2024-01-31', '2025-04-19 04:49:24', '2025-04-19 04:49:24'),
(572, 572, '2023-10-05', '2023-12-13', 1578.92, 71.81, 1061.42, 'Pending', 'Credit Card', '2024-01-07', '2025-04-19 04:49:24', '2025-04-19 04:49:24'),
(573, 573, '2023-07-21', '2023-12-31', 1227.83, 43.24, 1011.95, 'Overdue', 'Cash', '2023-12-16', '2025-04-19 04:49:24', '2025-04-19 04:49:24'),
(574, 574, '2023-11-23', '2023-12-17', 1304.5, 30.95, 1425.22, 'Overdue', 'Cash', '2024-01-24', '2025-04-19 04:49:24', '2025-04-19 04:49:24'),
(575, 575, '2023-07-20', '2024-01-24', 1746.11, 173.93, 647.51, 'Overdue', 'Credit Card', '2023-12-26', '2025-04-19 04:49:24', '2025-04-19 04:49:24'),
(576, 576, '2023-07-27', '2023-12-12', 595.38, 138.47, 2306.79, 'Paid', 'Online', '2024-01-22', '2025-04-19 04:49:24', '2025-04-19 04:49:24'),
(577, 577, '2023-06-22', '2024-01-17', 1979.82, 99.24, 2302.09, 'Pending', 'Cash', '2023-12-15', '2025-04-19 04:49:24', '2025-04-19 04:49:24'),
(578, 578, '2023-10-22', '2023-12-12', 866.94, 119.88, 2197.17, 'Paid', 'Cash', '2024-01-07', '2025-04-19 04:49:24', '2025-04-19 04:49:24'),
(579, 579, '2023-11-08', '2024-01-21', 1404.23, 24.93, 2179.04, 'Overdue', 'Credit Card', '2024-01-09', '2025-04-19 04:49:24', '2025-04-19 04:49:24'),
(580, 580, '2023-07-20', '2023-12-25', 795.03, 190.57, 1326.15, 'Pending', 'Cash', '2024-01-28', '2025-04-19 04:49:24', '2025-04-19 04:49:24'),
(581, 581, '2023-10-14', '2023-12-22', 129.7, 67.49, 1321.87, 'Overdue', 'Cash', '2024-01-26', '2025-04-19 04:49:24', '2025-04-19 04:49:24'),
(582, 582, '2023-05-14', '2023-12-16', 114.44, 64.79, 1633.31, 'Overdue', 'Online', '2024-01-26', '2025-04-19 04:49:24', '2025-04-19 04:49:24'),
(583, 583, '2023-10-23', '2023-12-06', 1860.01, 27.07, 1306.8, 'Pending', 'Credit Card', '2023-12-08', '2025-04-19 04:49:24', '2025-04-19 04:49:24'),
(584, 584, '2023-04-12', '2024-01-04', 1682.75, 70.05, 742.84, 'Paid', 'Credit Card', '2024-01-27', '2025-04-19 04:49:24', '2025-04-19 04:49:24'),
(585, 585, '2023-07-06', '2023-12-15', 849.61, 22.2, 875.39, 'Paid', 'Cash', '2024-01-26', '2025-04-19 04:49:24', '2025-04-19 04:49:24'),
(586, 586, '2023-06-17', '2023-12-14', 303.72, 147.14, 1042.05, 'Paid', 'Cash', '2024-01-04', '2025-04-19 04:49:24', '2025-04-19 04:49:24'),
(587, 587, '2023-09-26', '2023-12-08', 552.48, 88.12, 2158.59, 'Paid', 'Credit Card', '2024-01-13', '2025-04-19 04:49:24', '2025-04-19 04:49:24'),
(588, 588, '2023-05-17', '2024-01-31', 1708.55, 140.94, 1679.62, 'Paid', 'Cash', '2024-01-23', '2025-04-19 04:49:24', '2025-04-19 04:49:24'),
(589, 589, '2023-02-14', '2023-12-04', 1575.03, 39.58, 1080.74, 'Overdue', 'Credit Card', '2024-01-18', '2025-04-19 04:49:24', '2025-04-19 04:49:24'),
(590, 590, '2023-10-30', '2024-01-04', 998.49, 16.73, 1884.75, 'Paid', 'Cash', '2023-12-05', '2025-04-19 04:49:24', '2025-04-19 04:49:24'),
(591, 591, '2023-05-20', '2023-12-25', 346.57, 169.72, 1411.6, 'Pending', 'Cash', '2023-12-15', '2025-04-19 04:49:24', '2025-04-19 04:49:24'),
(592, 592, '2023-03-12', '2024-01-30', 728.7, 162.77, 2061.6, 'Pending', 'Cash', '2023-12-08', '2025-04-19 04:49:24', '2025-04-19 04:49:24'),
(593, 593, '2023-06-16', '2024-01-26', 1568.56, 103.76, 2022.28, 'Pending', 'Online', '2024-01-02', '2025-04-19 04:49:24', '2025-04-19 04:49:24'),
(594, 594, '2023-05-24', '2023-12-21', 1738.93, 31.95, 1824.03, 'Overdue', 'Cash', '2024-01-21', '2025-04-19 04:49:24', '2025-04-19 04:49:24'),
(595, 595, '2023-05-24', '2024-01-05', 1301.13, 147.91, 1170.52, 'Pending', 'Cash', '2024-01-24', '2025-04-19 04:49:24', '2025-04-19 04:49:24'),
(596, 596, '2023-11-11', '2023-12-20', 437.77, 30.13, 2403.41, 'Paid', 'Credit Card', '2024-01-25', '2025-04-19 04:49:24', '2025-04-19 04:49:24'),
(597, 597, '2023-08-08', '2023-12-23', 148.25, 186.85, 214.39, 'Paid', 'Credit Card', '2023-12-14', '2025-04-19 04:49:24', '2025-04-19 04:49:24'),
(598, 598, '2023-06-07', '2023-12-25', 1314.41, 119.33, 2220.34, 'Paid', 'Credit Card', '2023-12-13', '2025-04-19 04:49:24', '2025-04-19 04:49:24'),
(599, 599, '2023-11-26', '2024-01-27', 1669.05, 198.28, 466.19, 'Pending', 'Cash', '2023-12-09', '2025-04-19 04:49:24', '2025-04-19 04:49:24'),
(600, 600, '2023-04-17', '2023-12-02', 715.56, 98.7, 1400.11, 'Overdue', 'Online', '2024-01-01', '2025-04-19 04:49:24', '2025-04-19 04:49:24'),
(601, 601, '2023-10-12', '2024-01-18', 446.08, 24.57, 897.5, 'Overdue', 'Online', '2024-01-13', '2025-04-19 04:49:24', '2025-04-19 04:49:24'),
(602, 602, '2023-07-16', '2023-12-26', 1214.22, 199.04, 1328.45, 'Pending', 'Online', '2023-12-19', '2025-04-19 04:49:24', '2025-04-19 04:49:24'),
(603, 603, '2023-08-05', '2023-12-30', 1807.85, 158.82, 1854.53, 'Pending', 'Online', '2023-12-31', '2025-04-19 04:49:24', '2025-04-19 04:49:24'),
(604, 604, '2023-03-18', '2024-01-18', 112.09, 76.43, 1385.22, 'Overdue', 'Online', '2023-12-15', '2025-04-19 04:49:24', '2025-04-19 04:49:24'),
(605, 605, '2023-07-08', '2023-12-20', 497.39, 191.94, 1409.4, 'Paid', 'Online', '2024-01-08', '2025-04-19 04:49:24', '2025-04-19 04:49:24'),
(606, 606, '2023-02-24', '2024-01-18', 354.08, 168.09, 490.48, 'Overdue', 'Credit Card', '2024-01-30', '2025-04-19 04:49:24', '2025-04-19 04:49:24'),
(607, 607, '2023-11-27', '2023-12-02', 1291.13, 126.69, 335.66, 'Overdue', 'Credit Card', '2024-01-30', '2025-04-19 04:49:24', '2025-04-19 04:49:24'),
(608, 608, '2023-02-16', '2024-01-04', 565.02, 56.17, 568.35, 'Overdue', 'Online', '2024-01-03', '2025-04-19 04:49:24', '2025-04-19 04:49:24'),
(609, 609, '2023-06-26', '2023-12-03', 1111.77, 154.55, 1129.26, 'Overdue', 'Credit Card', '2024-01-16', '2025-04-19 04:49:24', '2025-04-19 04:49:24'),
(610, 610, '2023-08-22', '2023-12-13', 1595.15, 180.47, 1304.18, 'Pending', 'Cash', '2024-01-21', '2025-04-19 04:49:24', '2025-04-19 04:49:24'),
(611, 611, '2023-07-05', '2024-01-06', 1292.7, 99.35, 1071.49, 'Overdue', 'Credit Card', '2023-12-25', '2025-04-19 04:49:24', '2025-04-19 04:49:24'),
(612, 612, '2023-03-14', '2024-01-10', 271.44, 164.25, 2166.22, 'Overdue', 'Cash', '2023-12-29', '2025-04-19 04:49:24', '2025-04-19 04:49:24'),
(613, 613, '2023-10-11', '2023-12-17', 1486.16, 81.54, 1463.56, 'Paid', 'Online', '2024-01-02', '2025-04-19 04:49:24', '2025-04-19 04:49:24'),
(614, 614, '2023-03-03', '2024-01-12', 990.67, 17.35, 1781.21, 'Paid', 'Cash', '2024-01-24', '2025-04-19 04:49:24', '2025-04-19 04:49:24'),
(615, 615, '2023-04-22', '2024-01-30', 1172.52, 118.6, 628.14, 'Paid', 'Cash', '2023-12-16', '2025-04-19 04:49:24', '2025-04-19 04:49:24'),
(616, 616, '2023-03-30', '2023-12-11', 1195.63, 115.54, 1614.06, 'Overdue', 'Cash', '2024-01-30', '2025-04-19 04:49:24', '2025-04-19 04:49:24'),
(617, 617, '2023-03-29', '2023-12-08', 1492.33, 160.88, 1711.67, 'Overdue', 'Credit Card', '2024-01-14', '2025-04-19 04:49:24', '2025-04-19 04:49:24'),
(618, 618, '2023-06-05', '2023-12-17', 1150.96, 33.06, 2262.43, 'Pending', 'Online', '2023-12-28', '2025-04-19 04:49:24', '2025-04-19 04:49:24'),
(619, 619, '2023-05-06', '2024-01-21', 1197.45, 179.43, 667.33, 'Overdue', 'Cash', '2023-12-22', '2025-04-19 04:49:24', '2025-04-19 04:49:24'),
(620, 620, '2023-08-02', '2023-12-09', 1029.3, 130.7, 1895.36, 'Pending', 'Credit Card', '2023-12-15', '2025-04-19 04:49:24', '2025-04-19 04:49:24'),
(621, 621, '2023-07-21', '2023-12-20', 569.56, 8.81, 965.04, 'Pending', 'Online', '2024-01-25', '2025-04-19 04:49:24', '2025-04-19 04:49:24'),
(622, 622, '2023-09-13', '2024-01-10', 1459.43, 27.71, 2254.53, 'Overdue', 'Online', '2024-01-02', '2025-04-19 04:49:24', '2025-04-19 04:49:24'),
(623, 623, '2023-01-02', '2023-12-13', 1184.98, 90.83, 572.81, 'Pending', 'Credit Card', '2024-01-16', '2025-04-19 04:49:24', '2025-04-19 04:49:24'),
(624, 624, '2023-11-02', '2023-12-31', 1543.52, 182.58, 1853.16, 'Paid', 'Cash', '2024-01-19', '2025-04-19 04:49:24', '2025-04-19 04:49:24'),
(625, 625, '2023-06-17', '2023-12-10', 1201.2, 113.87, 2304.46, 'Paid', 'Credit Card', '2023-12-14', '2025-04-19 04:49:24', '2025-04-19 04:49:24'),
(626, 626, '2023-01-15', '2024-01-22', 1382.92, 194.56, 509.85, 'Pending', 'Cash', '2024-01-20', '2025-04-19 04:49:24', '2025-04-19 04:49:24'),
(627, 627, '2023-01-28', '2024-01-06', 458.04, 12.34, 302.27, 'Overdue', 'Cash', '2024-01-12', '2025-04-19 04:49:24', '2025-04-19 04:49:24'),
(628, 628, '2023-08-27', '2024-01-04', 1056.58, 173.41, 1208.25, 'Overdue', 'Credit Card', '2024-01-18', '2025-04-19 04:49:24', '2025-04-19 04:49:24'),
(629, 629, '2023-07-10', '2024-01-13', 1077.24, 41.01, 1666.08, 'Pending', 'Credit Card', '2024-01-25', '2025-04-19 04:49:24', '2025-04-19 04:49:24'),
(630, 630, '2023-01-21', '2023-12-14', 132.94, 195.71, 743.46, 'Pending', 'Online', '2023-12-10', '2025-04-19 04:49:24', '2025-04-19 04:49:24'),
(631, 631, '2023-10-21', '2024-01-25', 1609.07, 67.54, 1258.49, 'Pending', 'Credit Card', '2023-12-18', '2025-04-19 04:49:24', '2025-04-19 04:49:24'),
(632, 632, '2023-10-20', '2024-01-28', 1864.22, 23.25, 1991.57, 'Overdue', 'Online', '2023-12-15', '2025-04-19 04:49:24', '2025-04-19 04:49:24'),
(633, 633, '2023-10-28', '2024-01-18', 761.67, 9.69, 896.42, 'Pending', 'Cash', '2024-01-15', '2025-04-19 04:49:24', '2025-04-19 04:49:24'),
(634, 634, '2023-09-19', '2023-12-14', 207.71, 165.53, 2296.81, 'Overdue', 'Cash', '2024-01-04', '2025-04-19 04:49:24', '2025-04-19 04:49:24'),
(635, 635, '2023-02-12', '2023-12-15', 1404.87, 102.47, 1600.0, 'Paid', 'Credit Card', '2023-12-30', '2025-04-19 04:49:24', '2025-04-19 04:49:24'),
(636, 636, '2023-01-25', '2024-01-11', 386.77, 34.6, 676.66, 'Paid', 'Online', '2024-01-18', '2025-04-19 04:49:24', '2025-04-19 04:49:24'),
(637, 637, '2023-08-24', '2023-12-28', 986.45, 133.74, 323.06, 'Overdue', 'Online', '2024-01-17', '2025-04-19 04:49:24', '2025-04-19 04:49:24'),
(638, 638, '2023-02-15', '2023-12-09', 314.15, 83.53, 497.86, 'Paid', 'Credit Card', '2023-12-12', '2025-04-19 04:49:24', '2025-04-19 04:49:24'),
(639, 639, '2023-11-13', '2024-01-17', 160.64, 31.52, 988.76, 'Overdue', 'Online', '2024-01-22', '2025-04-19 04:49:24', '2025-04-19 04:49:24'),
(640, 640, '2023-08-13', '2024-01-30', 572.48, 185.47, 1917.58, 'Paid', 'Credit Card', '2023-12-23', '2025-04-19 04:49:24', '2025-04-19 04:49:24'),
(641, 641, '2023-10-20', '2023-12-14', 919.75, 70.78, 1433.14, 'Overdue', 'Credit Card', '2024-01-03', '2025-04-19 04:49:24', '2025-04-19 04:49:24'),
(642, 642, '2023-11-30', '2024-01-27', 1363.77, 63.79, 1398.28, 'Paid', 'Cash', '2023-12-16', '2025-04-19 04:49:24', '2025-04-19 04:49:24'),
(643, 643, '2023-02-21', '2023-12-07', 640.46, 159.02, 1771.0, 'Overdue', 'Online', '2023-12-13', '2025-04-19 04:49:24', '2025-04-19 04:49:24'),
(644, 644, '2023-06-22', '2024-01-26', 116.61, 134.66, 2458.56, 'Paid', 'Online', '2023-12-23', '2025-04-19 04:49:24', '2025-04-19 04:49:24'),
(645, 645, '2023-07-12', '2023-12-10', 132.52, 165.53, 645.4, 'Pending', 'Cash', '2024-01-20', '2025-04-19 04:49:24', '2025-04-19 04:49:24'),
(646, 646, '2023-07-14', '2024-01-24', 1602.85, 163.04, 1892.76, 'Paid', 'Credit Card', '2024-01-19', '2025-04-19 04:49:24', '2025-04-19 04:49:24'),
(647, 647, '2023-10-19', '2024-01-09', 755.95, 156.95, 1541.96, 'Paid', 'Credit Card', '2023-12-19', '2025-04-19 04:49:24', '2025-04-19 04:49:24'),
(648, 648, '2023-08-21', '2023-12-09', 369.57, 42.2, 2350.89, 'Overdue', 'Cash', '2024-01-08', '2025-04-19 04:49:24', '2025-04-19 04:49:24'),
(649, 649, '2023-07-07', '2023-12-26', 683.2, 185.18, 687.63, 'Paid', 'Cash', '2023-12-09', '2025-04-19 04:49:24', '2025-04-19 04:49:24'),
(650, 650, '2023-03-21', '2023-12-03', 367.61, 98.96, 323.78, 'Paid', 'Cash', '2024-01-13', '2025-04-19 04:49:24', '2025-04-19 04:49:24'),
(651, 651, '2023-03-24', '2024-01-01', 538.53, 101.5, 338.71, 'Overdue', 'Online', '2023-12-08', '2025-04-19 04:49:24', '2025-04-19 04:49:24'),
(652, 652, '2023-08-15', '2024-01-17', 1470.94, 21.65, 1180.26, 'Overdue', 'Credit Card', '2023-12-31', '2025-04-19 04:49:24', '2025-04-19 04:49:24'),
(653, 653, '2023-04-27', '2023-12-10', 340.32, 59.87, 1695.22, 'Paid', 'Cash', '2023-12-25', '2025-04-19 04:49:24', '2025-04-19 04:49:24'),
(654, 654, '2023-05-14', '2024-01-31', 1741.7, 166.41, 1774.23, 'Overdue', 'Credit Card', '2023-12-19', '2025-04-19 04:49:24', '2025-04-19 04:49:24'),
(655, 655, '2023-05-27', '2023-12-04', 574.43, 29.32, 1617.12, 'Pending', 'Cash', '2024-01-10', '2025-04-19 04:49:24', '2025-04-19 04:49:24'),
(656, 656, '2023-11-24', '2023-12-30', 800.28, 179.14, 909.0, 'Paid', 'Cash', '2024-01-02', '2025-04-19 04:49:24', '2025-04-19 04:49:24'),
(657, 657, '2023-10-30', '2024-01-14', 1578.92, 72.87, 855.6, 'Paid', 'Credit Card', '2023-12-21', '2025-04-19 04:49:24', '2025-04-19 04:49:24'),
(658, 658, '2023-09-03', '2024-01-24', 302.21, 168.17, 777.53, 'Pending', 'Credit Card', '2023-12-12', '2025-04-19 04:49:24', '2025-04-19 04:49:24'),
(659, 659, '2023-01-23', '2024-01-06', 212.86, 28.11, 2002.28, 'Paid', 'Credit Card', '2023-12-18', '2025-04-19 04:49:24', '2025-04-19 04:49:24'),
(660, 660, '2023-01-14', '2024-01-22', 1831.79, 159.54, 1473.84, 'Paid', 'Cash', '2023-12-30', '2025-04-19 04:49:24', '2025-04-19 04:49:24'),
(661, 661, '2023-05-22', '2024-01-19', 1892.1, 100.35, 1174.75, 'Paid', 'Online', '2023-12-05', '2025-04-19 04:49:24', '2025-04-19 04:49:24'),
(662, 662, '2023-09-22', '2023-12-08', 1643.44, 135.69, 1229.85, 'Paid', 'Online', '2023-12-06', '2025-04-19 04:49:24', '2025-04-19 04:49:24'),
(663, 663, '2023-02-25', '2023-12-23', 1438.18, 95.37, 649.62, 'Paid', 'Cash', '2024-01-02', '2025-04-19 04:49:24', '2025-04-19 04:49:24'),
(664, 664, '2023-02-22', '2023-12-17', 202.38, 143.96, 963.92, 'Paid', 'Cash', '2023-12-28', '2025-04-19 04:49:24', '2025-04-19 04:49:24'),
(665, 665, '2023-09-29', '2023-12-19', 1034.86, 43.9, 1121.42, 'Paid', 'Online', '2023-12-17', '2025-04-19 04:49:24', '2025-04-19 04:49:24'),
(666, 666, '2023-01-13', '2023-12-03', 1173.75, 40.44, 1422.89, 'Overdue', 'Online', '2023-12-27', '2025-04-19 04:49:24', '2025-04-19 04:49:24'),
(667, 667, '2023-08-17', '2023-12-29', 1436.47, 121.25, 1341.2, 'Paid', 'Credit Card', '2024-01-09', '2025-04-19 04:49:24', '2025-04-19 04:49:24'),
(668, 668, '2023-01-03', '2023-12-23', 478.03, 135.85, 2205.99, 'Paid', 'Online', '2023-12-30', '2025-04-19 04:49:24', '2025-04-19 04:49:24'),
(669, 669, '2023-03-22', '2024-01-23', 1638.75, 188.05, 2320.53, 'Pending', 'Cash', '2024-01-01', '2025-04-19 04:49:24', '2025-04-19 04:49:24'),
(670, 670, '2023-03-18', '2023-12-07', 771.14, 17.49, 753.26, 'Paid', 'Online', '2024-01-28', '2025-04-19 04:49:24', '2025-04-19 04:49:24'),
(671, 671, '2023-09-01', '2023-12-03', 160.96, 196.07, 1126.86, 'Pending', 'Credit Card', '2023-12-24', '2025-04-19 04:49:24', '2025-04-19 04:49:24'),
(672, 672, '2023-06-19', '2024-01-11', 1219.7, 152.24, 2028.74, 'Paid', 'Cash', '2024-01-11', '2025-04-19 04:49:24', '2025-04-19 04:49:24'),
(673, 673, '2023-09-06', '2024-01-13', 987.98, 183.22, 285.91, 'Overdue', 'Online', '2023-12-21', '2025-04-19 04:49:24', '2025-04-19 04:49:24'),
(674, 674, '2023-10-27', '2023-12-17', 1133.37, 188.59, 356.27, 'Overdue', 'Online', '2024-01-22', '2025-04-19 04:49:24', '2025-04-19 04:49:24'),
(675, 675, '2023-11-20', '2024-01-15', 612.16, 5.59, 773.37, 'Overdue', 'Credit Card', '2023-12-25', '2025-04-19 04:49:24', '2025-04-19 04:49:24'),
(676, 676, '2023-03-30', '2023-12-04', 585.49, 123.73, 287.16, 'Overdue', 'Cash', '2024-01-15', '2025-04-19 04:49:24', '2025-04-19 04:49:24'),
(677, 677, '2023-11-03', '2024-01-23', 1044.12, 182.95, 2001.65, 'Overdue', 'Cash', '2024-01-14', '2025-04-19 04:49:24', '2025-04-19 04:49:24'),
(678, 678, '2023-04-25', '2024-01-12', 223.73, 95.33, 1209.74, 'Paid', 'Cash', '2023-12-29', '2025-04-19 04:49:24', '2025-04-19 04:49:24'),
(679, 679, '2023-11-05', '2024-01-06', 1524.82, 24.9, 2288.57, 'Paid', 'Credit Card', '2023-12-18', '2025-04-19 04:49:24', '2025-04-19 04:49:24'),
(680, 680, '2023-09-06', '2023-12-20', 1909.84, 99.58, 1513.34, 'Paid', 'Credit Card', '2024-01-27', '2025-04-19 04:49:24', '2025-04-19 04:49:24'),
(681, 681, '2023-03-31', '2024-01-19', 712.41, 40.69, 1895.03, 'Overdue', 'Online', '2024-01-11', '2025-04-19 04:49:24', '2025-04-19 04:49:24'),
(682, 682, '2023-11-01', '2023-12-20', 1207.44, 182.83, 2490.04, 'Pending', 'Credit Card', '2023-12-09', '2025-04-19 04:49:24', '2025-04-19 04:49:24'),
(683, 683, '2023-05-16', '2023-12-12', 1778.51, 170.38, 2398.24, 'Paid', 'Credit Card', '2023-12-18', '2025-04-19 04:49:24', '2025-04-19 04:49:24'),
(684, 684, '2023-08-28', '2023-12-05', 1079.59, 164.86, 1443.27, 'Paid', 'Credit Card', '2023-12-10', '2025-04-19 04:49:24', '2025-04-19 04:49:24'),
(685, 685, '2023-07-30', '2023-12-05', 1697.95, 133.85, 1716.31, 'Overdue', 'Online', '2024-01-14', '2025-04-19 04:49:24', '2025-04-19 04:49:24'),
(686, 686, '2023-05-13', '2023-12-08', 1714.28, 180.88, 1455.22, 'Paid', 'Credit Card', '2023-12-28', '2025-04-19 04:49:24', '2025-04-19 04:49:24'),
(687, 687, '2023-11-11', '2024-01-07', 1074.61, 103.37, 2484.02, 'Overdue', 'Cash', '2024-01-31', '2025-04-19 04:49:24', '2025-04-19 04:49:24'),
(688, 688, '2023-03-17', '2024-01-28', 312.72, 195.32, 2413.79, 'Overdue', 'Online', '2024-01-06', '2025-04-19 04:49:24', '2025-04-19 04:49:24'),
(689, 689, '2023-11-17', '2024-01-08', 1932.71, 185.92, 1368.9, 'Paid', 'Online', '2023-12-30', '2025-04-19 04:49:24', '2025-04-19 04:49:24'),
(690, 690, '2023-05-14', '2023-12-21', 1116.7, 36.34, 476.56, 'Pending', 'Online', '2024-01-06', '2025-04-19 04:49:24', '2025-04-19 04:49:24'),
(691, 691, '2023-04-30', '2024-01-07', 1967.43, 194.64, 1059.74, 'Paid', 'Online', '2023-12-16', '2025-04-19 04:49:24', '2025-04-19 04:49:24'),
(692, 692, '2023-02-01', '2024-01-22', 148.82, 110.32, 1163.21, 'Pending', 'Cash', '2024-01-16', '2025-04-19 04:49:24', '2025-04-19 04:49:24'),
(693, 693, '2023-02-17', '2024-01-24', 1700.93, 169.21, 1074.57, 'Paid', 'Cash', '2024-01-12', '2025-04-19 04:49:24', '2025-04-19 04:49:24'),
(694, 694, '2023-07-26', '2023-12-07', 1552.76, 135.26, 2348.54, 'Overdue', 'Cash', '2024-01-17', '2025-04-19 04:49:24', '2025-04-19 04:49:24'),
(695, 695, '2023-10-30', '2023-12-19', 1603.78, 121.98, 1173.99, 'Overdue', 'Credit Card', '2024-01-03', '2025-04-19 04:49:24', '2025-04-19 04:49:24'),
(696, 696, '2023-07-20', '2024-01-08', 1892.21, 135.7, 2150.24, 'Overdue', 'Online', '2023-12-08', '2025-04-19 04:49:24', '2025-04-19 04:49:24'),
(697, 697, '2023-05-17', '2023-12-04', 1218.8, 49.72, 471.2, 'Paid', 'Online', '2024-01-01', '2025-04-19 04:49:24', '2025-04-19 04:49:24'),
(698, 698, '2023-02-27', '2023-12-24', 911.58, 101.4, 1469.25, 'Paid', 'Credit Card', '2024-01-05', '2025-04-19 04:49:24', '2025-04-19 04:49:24'),
(699, 699, '2023-05-26', '2024-01-14', 1798.15, 139.73, 1483.83, 'Pending', 'Online', '2023-12-29', '2025-04-19 04:49:24', '2025-04-19 04:49:24'),
(700, 700, '2023-07-01', '2023-12-08', 1580.16, 94.75, 2035.09, 'Overdue', 'Online', '2024-01-15', '2025-04-19 04:49:24', '2025-04-19 04:49:24'),
(701, 701, '2023-07-23', '2023-12-13', 656.41, 13.81, 1590.92, 'Pending', 'Online', '2024-01-14', '2025-04-19 04:49:24', '2025-04-19 04:49:24'),
(702, 702, '2023-05-25', '2024-01-24', 1258.67, 79.83, 771.91, 'Pending', 'Online', '2024-01-01', '2025-04-19 04:49:24', '2025-04-19 04:49:24'),
(703, 703, '2023-01-14', '2023-12-19', 960.81, 65.92, 348.95, 'Paid', 'Credit Card', '2024-01-09', '2025-04-19 04:49:24', '2025-04-19 04:49:24'),
(704, 704, '2023-06-23', '2023-12-08', 833.28, 36.16, 2346.86, 'Overdue', 'Credit Card', '2024-01-26', '2025-04-19 04:49:24', '2025-04-19 04:49:24'),
(705, 705, '2023-11-19', '2023-12-28', 622.91, 111.61, 200.79, 'Overdue', 'Credit Card', '2023-12-22', '2025-04-19 04:49:24', '2025-04-19 04:49:24'),
(706, 706, '2023-10-01', '2023-12-27', 1112.14, 102.85, 1612.38, 'Pending', 'Credit Card', '2023-12-21', '2025-04-19 04:49:24', '2025-04-19 04:49:24'),
(707, 707, '2023-07-22', '2024-01-01', 387.54, 197.57, 1412.58, 'Overdue', 'Online', '2023-12-09', '2025-04-19 04:49:24', '2025-04-19 04:49:24'),
(708, 708, '2023-08-06', '2023-12-03', 1284.15, 17.36, 889.77, 'Paid', 'Credit Card', '2024-01-11', '2025-04-19 04:49:24', '2025-04-19 04:49:24'),
(709, 709, '2023-05-08', '2023-12-24', 1356.24, 197.49, 1672.22, 'Paid', 'Credit Card', '2024-01-19', '2025-04-19 04:49:24', '2025-04-19 04:49:24'),
(710, 710, '2023-07-28', '2023-12-08', 542.03, 97.65, 1137.55, 'Paid', 'Cash', '2023-12-16', '2025-04-19 04:49:24', '2025-04-19 04:49:24'),
(711, 711, '2023-05-08', '2023-12-04', 1844.87, 67.64, 1375.4, 'Pending', 'Cash', '2024-01-23', '2025-04-19 04:49:24', '2025-04-19 04:49:24'),
(712, 712, '2023-01-12', '2024-01-29', 414.59, 181.75, 840.36, 'Pending', 'Cash', '2023-12-14', '2025-04-19 04:49:24', '2025-04-19 04:49:24'),
(713, 713, '2023-05-15', '2023-12-09', 1270.93, 88.64, 1695.66, 'Paid', 'Online', '2023-12-23', '2025-04-19 04:49:24', '2025-04-19 04:49:24'),
(714, 714, '2023-05-21', '2023-12-03', 1596.63, 86.2, 2143.79, 'Pending', 'Online', '2024-01-04', '2025-04-19 04:49:24', '2025-04-19 04:49:24'),
(715, 715, '2023-02-03', '2024-01-20', 1080.0, 141.54, 1567.46, 'Overdue', 'Online', '2024-01-14', '2025-04-19 04:49:24', '2025-04-19 04:49:24'),
(716, 716, '2023-01-22', '2024-01-05', 1127.98, 181.97, 206.56, 'Pending', 'Cash', '2024-01-27', '2025-04-19 04:49:24', '2025-04-19 04:49:24'),
(717, 717, '2023-10-10', '2023-12-11', 284.11, 20.53, 823.0, 'Overdue', 'Credit Card', '2024-01-24', '2025-04-19 04:49:24', '2025-04-19 04:49:24'),
(718, 718, '2023-04-26', '2024-01-24', 720.25, 41.02, 1107.4, 'Pending', 'Cash', '2024-01-08', '2025-04-19 04:49:24', '2025-04-19 04:49:24'),
(719, 719, '2023-08-05', '2024-01-10', 1360.02, 125.39, 2304.82, 'Overdue', 'Online', '2023-12-30', '2025-04-19 04:49:24', '2025-04-19 04:49:24'),
(720, 720, '2023-11-13', '2024-01-06', 936.66, 186.41, 1076.67, 'Pending', 'Online', '2024-01-31', '2025-04-19 04:49:24', '2025-04-19 04:49:24'),
(721, 721, '2023-02-16', '2023-12-22', 746.54, 55.94, 921.18, 'Overdue', 'Credit Card', '2023-12-12', '2025-04-19 04:49:24', '2025-04-19 04:49:24'),
(722, 722, '2023-03-05', '2024-01-10', 356.06, 121.83, 615.34, 'Overdue', 'Cash', '2023-12-28', '2025-04-19 04:49:24', '2025-04-19 04:49:24'),
(723, 723, '2023-05-07', '2024-01-15', 1864.62, 178.38, 302.32, 'Paid', 'Credit Card', '2024-01-04', '2025-04-19 04:49:24', '2025-04-19 04:49:24'),
(724, 724, '2023-02-10', '2023-12-29', 1397.26, 17.06, 2114.81, 'Overdue', 'Online', '2024-01-25', '2025-04-19 04:49:24', '2025-04-19 04:49:24'),
(725, 725, '2023-07-22', '2023-12-15', 900.37, 53.47, 2444.49, 'Overdue', 'Credit Card', '2023-12-11', '2025-04-19 04:49:24', '2025-04-19 04:49:24'),
(726, 726, '2023-09-21', '2024-01-08', 593.82, 77.62, 328.37, 'Pending', 'Credit Card', '2023-12-08', '2025-04-19 04:49:24', '2025-04-19 04:49:24'),
(727, 727, '2023-01-13', '2024-01-09', 1346.52, 116.62, 2056.09, 'Pending', 'Online', '2024-01-11', '2025-04-19 04:49:24', '2025-04-19 04:49:24'),
(728, 728, '2023-05-09', '2023-12-13', 189.22, 184.5, 2496.87, 'Overdue', 'Cash', '2024-01-24', '2025-04-19 04:49:24', '2025-04-19 04:49:24'),
(729, 729, '2023-10-13', '2024-01-10', 926.33, 102.01, 315.01, 'Pending', 'Cash', '2023-12-15', '2025-04-19 04:49:24', '2025-04-19 04:49:24'),
(730, 730, '2023-01-08', '2024-01-23', 1601.96, 65.59, 1174.26, 'Pending', 'Cash', '2024-01-22', '2025-04-19 04:49:24', '2025-04-19 04:49:24'),
(731, 731, '2023-08-15', '2023-12-23', 1121.28, 10.69, 1236.43, 'Pending', 'Cash', '2023-12-19', '2025-04-19 04:49:24', '2025-04-19 04:49:24'),
(732, 732, '2023-04-09', '2024-01-21', 1062.2, 123.68, 1177.85, 'Paid', 'Cash', '2023-12-21', '2025-04-19 04:49:24', '2025-04-19 04:49:24'),
(733, 733, '2023-07-27', '2024-01-27', 824.39, 30.51, 1657.13, 'Pending', 'Cash', '2024-01-18', '2025-04-19 04:49:24', '2025-04-19 04:49:24'),
(734, 734, '2023-05-29', '2023-12-05', 305.96, 128.36, 1588.4, 'Pending', 'Credit Card', '2023-12-08', '2025-04-19 04:49:24', '2025-04-19 04:49:24'),
(735, 735, '2023-01-05', '2024-01-15', 1870.64, 87.97, 2167.82, 'Paid', 'Credit Card', '2023-12-14', '2025-04-19 04:49:24', '2025-04-19 04:49:24'),
(736, 736, '2023-05-31', '2023-12-13', 1930.23, 160.65, 1184.82, 'Pending', 'Online', '2024-01-16', '2025-04-19 04:49:24', '2025-04-19 04:49:24'),
(737, 737, '2023-08-31', '2023-12-21', 862.35, 153.94, 1610.53, 'Pending', 'Credit Card', '2023-12-11', '2025-04-19 04:49:24', '2025-04-19 04:49:24'),
(738, 738, '2023-02-10', '2023-12-13', 633.77, 196.78, 412.29, 'Overdue', 'Cash', '2024-01-08', '2025-04-19 04:49:24', '2025-04-19 04:49:24'),
(739, 739, '2023-09-22', '2024-01-11', 837.67, 16.69, 1949.13, 'Overdue', 'Credit Card', '2023-12-11', '2025-04-19 04:49:24', '2025-04-19 04:49:24'),
(740, 740, '2023-08-31', '2024-01-08', 1080.91, 82.24, 1835.22, 'Overdue', 'Credit Card', '2023-12-17', '2025-04-19 04:49:24', '2025-04-19 04:49:24'),
(741, 741, '2023-02-10', '2023-12-13', 1197.9, 177.08, 1024.24, 'Paid', 'Cash', '2024-01-02', '2025-04-19 04:49:24', '2025-04-19 04:49:24'),
(742, 742, '2023-03-11', '2024-01-16', 876.24, 56.31, 577.45, 'Pending', 'Credit Card', '2023-12-14', '2025-04-19 04:49:24', '2025-04-19 04:49:24'),
(743, 743, '2023-02-26', '2024-01-29', 412.79, 44.76, 777.83, 'Overdue', 'Cash', '2023-12-26', '2025-04-19 04:49:24', '2025-04-19 04:49:24'),
(744, 744, '2023-04-27', '2023-12-29', 756.87, 119.8, 1087.5, 'Overdue', 'Credit Card', '2024-01-03', '2025-04-19 04:49:24', '2025-04-19 04:49:24'),
(745, 745, '2023-10-11', '2023-12-24', 1950.04, 128.93, 1047.54, 'Pending', 'Online', '2023-12-16', '2025-04-19 04:49:24', '2025-04-19 04:49:24'),
(746, 746, '2023-06-08', '2023-12-10', 334.47, 113.71, 1927.71, 'Overdue', 'Cash', '2024-01-30', '2025-04-19 04:49:24', '2025-04-19 04:49:24'),
(747, 747, '2023-05-10', '2023-12-25', 1614.14, 196.09, 817.22, 'Paid', 'Online', '2024-01-01', '2025-04-19 04:49:24', '2025-04-19 04:49:24'),
(748, 748, '2023-05-11', '2023-12-21', 1340.36, 60.62, 1274.62, 'Overdue', 'Credit Card', '2024-01-29', '2025-04-19 04:49:24', '2025-04-19 04:49:24'),
(749, 749, '2023-04-11', '2024-01-25', 1772.1, 26.72, 2372.27, 'Paid', 'Online', '2024-01-02', '2025-04-19 04:49:24', '2025-04-19 04:49:24'),
(750, 750, '2023-05-27', '2024-01-20', 1120.81, 154.24, 1881.24, 'Pending', 'Online', '2024-01-13', '2025-04-19 04:49:24', '2025-04-19 04:49:24'),
(751, 751, '2023-02-13', '2023-12-30', 932.94, 155.84, 1957.56, 'Paid', 'Online', '2023-12-23', '2025-04-19 04:49:24', '2025-04-19 04:49:24'),
(752, 752, '2023-11-27', '2024-01-12', 1389.18, 37.44, 590.36, 'Paid', 'Online', '2024-01-08', '2025-04-19 04:49:24', '2025-04-19 04:49:24'),
(753, 753, '2023-07-14', '2024-01-14', 422.46, 19.19, 1291.89, 'Overdue', 'Credit Card', '2024-01-15', '2025-04-19 04:49:24', '2025-04-19 04:49:24'),
(754, 754, '2023-10-05', '2023-12-05', 1622.27, 18.12, 2003.29, 'Paid', 'Credit Card', '2023-12-21', '2025-04-19 04:49:24', '2025-04-19 04:49:24'),
(755, 755, '2023-06-18', '2024-01-16', 1307.15, 11.47, 1600.43, 'Paid', 'Cash', '2024-01-20', '2025-04-19 04:49:24', '2025-04-19 04:49:24'),
(756, 756, '2023-10-07', '2024-01-03', 1676.51, 57.02, 2255.73, 'Pending', 'Credit Card', '2024-01-30', '2025-04-19 04:49:24', '2025-04-19 04:49:24'),
(757, 757, '2023-06-06', '2023-12-02', 167.95, 184.56, 1810.01, 'Overdue', 'Online', '2023-12-11', '2025-04-19 04:49:24', '2025-04-19 04:49:24'),
(758, 758, '2023-09-21', '2023-12-06', 1458.8, 82.29, 1290.59, 'Pending', 'Online', '2024-01-31', '2025-04-19 04:49:24', '2025-04-19 04:49:24'),
(759, 759, '2023-02-04', '2024-01-24', 907.47, 197.84, 841.36, 'Pending', 'Online', '2023-12-28', '2025-04-19 04:49:24', '2025-04-19 04:49:24'),
(760, 760, '2023-05-14', '2023-12-18', 912.25, 166.04, 683.61, 'Overdue', 'Cash', '2024-01-18', '2025-04-19 04:49:24', '2025-04-19 04:49:24'),
(761, 761, '2023-02-03', '2024-01-01', 1245.26, 47.4, 1820.53, 'Overdue', 'Credit Card', '2023-12-05', '2025-04-19 04:49:24', '2025-04-19 04:49:24'),
(762, 762, '2023-11-25', '2024-01-14', 1336.73, 182.52, 1869.86, 'Pending', 'Credit Card', '2024-01-15', '2025-04-19 04:49:24', '2025-04-19 04:49:24'),
(763, 763, '2023-11-02', '2023-12-09', 379.46, 94.02, 1355.38, 'Overdue', 'Cash', '2024-01-29', '2025-04-19 04:49:24', '2025-04-19 04:49:24'),
(764, 764, '2023-10-03', '2024-01-18', 833.39, 126.31, 1532.34, 'Overdue', 'Online', '2024-01-06', '2025-04-19 04:49:24', '2025-04-19 04:49:24'),
(765, 765, '2023-03-21', '2024-01-27', 1784.78, 139.67, 340.12, 'Pending', 'Cash', '2024-01-11', '2025-04-19 04:49:24', '2025-04-19 04:49:24'),
(766, 766, '2023-03-10', '2024-01-24', 1010.75, 58.48, 1233.65, 'Paid', 'Cash', '2023-12-29', '2025-04-19 04:49:24', '2025-04-19 04:49:24'),
(767, 767, '2023-04-30', '2023-12-04', 1639.43, 173.06, 2468.94, 'Overdue', 'Online', '2023-12-29', '2025-04-19 04:49:24', '2025-04-19 04:49:24'),
(768, 768, '2023-05-10', '2023-12-13', 608.82, 181.39, 2112.78, 'Overdue', 'Credit Card', '2024-01-11', '2025-04-19 04:49:24', '2025-04-19 04:49:24'),
(769, 769, '2023-08-19', '2023-12-12', 1090.78, 51.46, 2022.4, 'Paid', 'Credit Card', '2024-01-15', '2025-04-19 04:49:24', '2025-04-19 04:49:24'),
(770, 770, '2023-10-09', '2024-01-02', 157.16, 184.39, 561.37, 'Overdue', 'Credit Card', '2023-12-16', '2025-04-19 04:49:24', '2025-04-19 04:49:24'),
(771, 771, '2023-09-22', '2024-01-26', 1077.9, 14.63, 1529.57, 'Paid', 'Credit Card', '2023-12-14', '2025-04-19 04:49:24', '2025-04-19 04:49:24'),
(772, 772, '2023-03-04', '2023-12-04', 1650.81, 7.91, 729.04, 'Paid', 'Credit Card', '2023-12-09', '2025-04-19 04:49:24', '2025-04-19 04:49:24'),
(773, 773, '2023-09-25', '2023-12-26', 976.49, 78.98, 304.21, 'Paid', 'Online', '2024-01-27', '2025-04-19 04:49:24', '2025-04-19 04:49:24'),
(774, 774, '2023-11-20', '2024-01-09', 1375.8, 113.83, 2044.69, 'Pending', 'Online', '2023-12-29', '2025-04-19 04:49:24', '2025-04-19 04:49:24'),
(775, 775, '2023-03-04', '2023-12-02', 1140.71, 164.48, 635.51, 'Pending', 'Credit Card', '2023-12-23', '2025-04-19 04:49:24', '2025-04-19 04:49:24'),
(776, 776, '2023-02-01', '2024-01-29', 1476.56, 180.06, 865.53, 'Pending', 'Online', '2023-12-20', '2025-04-19 04:49:24', '2025-04-19 04:49:24'),
(777, 777, '2023-11-25', '2024-01-31', 261.6, 104.52, 308.94, 'Pending', 'Cash', '2023-12-31', '2025-04-19 04:49:24', '2025-04-19 04:49:24'),
(778, 778, '2023-10-09', '2024-01-12', 362.68, 66.4, 1139.94, 'Overdue', 'Cash', '2024-01-27', '2025-04-19 04:49:24', '2025-04-19 04:49:24'),
(779, 779, '2023-02-20', '2023-12-04', 106.93, 148.0, 2487.55, 'Pending', 'Cash', '2024-02-01', '2025-04-19 04:49:24', '2025-04-19 04:49:24'),
(780, 780, '2023-04-04', '2023-12-02', 803.11, 164.04, 2369.95, 'Overdue', 'Online', '2023-12-29', '2025-04-19 04:49:24', '2025-04-19 04:49:24'),
(781, 781, '2023-08-13', '2024-01-24', 241.61, 8.81, 1784.77, 'Pending', 'Cash', '2024-01-31', '2025-04-19 04:49:24', '2025-04-19 04:49:24'),
(782, 782, '2023-07-19', '2023-12-29', 610.48, 19.4, 2281.47, 'Pending', 'Cash', '2023-12-24', '2025-04-19 04:49:24', '2025-04-19 04:49:24'),
(783, 783, '2023-02-14', '2024-01-16', 271.56, 168.94, 2484.17, 'Paid', 'Cash', '2023-12-05', '2025-04-19 04:49:24', '2025-04-19 04:49:24'),
(784, 784, '2023-08-17', '2024-01-05', 715.47, 82.77, 2081.27, 'Overdue', 'Cash', '2024-01-23', '2025-04-19 04:49:24', '2025-04-19 04:49:24'),
(785, 785, '2023-11-13', '2024-01-01', 179.72, 124.96, 1044.75, 'Overdue', 'Credit Card', '2024-01-01', '2025-04-19 04:49:24', '2025-04-19 04:49:24'),
(786, 786, '2023-08-03', '2024-01-06', 484.37, 113.02, 1069.22, 'Overdue', 'Online', '2024-01-10', '2025-04-19 04:49:24', '2025-04-19 04:49:24'),
(787, 787, '2023-11-15', '2023-12-27', 402.68, 123.35, 2005.3, 'Overdue', 'Credit Card', '2024-01-08', '2025-04-19 04:49:24', '2025-04-19 04:49:24'),
(788, 788, '2023-08-10', '2024-01-06', 1155.3, 180.05, 1501.23, 'Pending', 'Online', '2024-01-17', '2025-04-19 04:49:24', '2025-04-19 04:49:24'),
(789, 789, '2023-11-25', '2024-01-02', 1585.02, 19.17, 270.46, 'Overdue', 'Cash', '2023-12-16', '2025-04-19 04:49:24', '2025-04-19 04:49:24'),
(790, 790, '2023-07-05', '2023-12-31', 1703.4, 116.02, 2262.62, 'Paid', 'Online', '2024-01-12', '2025-04-19 04:49:24', '2025-04-19 04:49:24'),
(791, 791, '2023-05-02', '2023-12-10', 142.33, 21.96, 1192.71, 'Overdue', 'Cash', '2024-01-03', '2025-04-19 04:49:24', '2025-04-19 04:49:24'),
(792, 792, '2023-11-20', '2024-01-04', 1196.89, 167.05, 629.58, 'Paid', 'Cash', '2023-12-10', '2025-04-19 04:49:24', '2025-04-19 04:49:24'),
(793, 793, '2023-10-11', '2024-01-25', 111.1, 189.0, 2263.84, 'Pending', 'Credit Card', '2023-12-09', '2025-04-19 04:49:24', '2025-04-19 04:49:24'),
(794, 794, '2023-08-25', '2023-12-25', 737.67, 66.3, 2401.87, 'Pending', 'Cash', '2024-01-03', '2025-04-19 04:49:24', '2025-04-19 04:49:24'),
(795, 795, '2023-05-29', '2024-01-16', 271.4, 150.85, 1323.04, 'Pending', 'Online', '2023-12-16', '2025-04-19 04:49:24', '2025-04-19 04:49:24'),
(796, 796, '2023-02-08', '2023-12-08', 1129.44, 160.46, 1683.46, 'Paid', 'Cash', '2023-12-10', '2025-04-19 04:49:24', '2025-04-19 04:49:24'),
(797, 797, '2023-11-08', '2024-01-16', 1225.22, 188.29, 1202.21, 'Paid', 'Credit Card', '2023-12-14', '2025-04-19 04:49:24', '2025-04-19 04:49:24'),
(798, 798, '2023-11-05', '2024-01-31', 1007.3, 104.88, 371.23, 'Paid', 'Online', '2024-01-30', '2025-04-19 04:49:24', '2025-04-19 04:49:24'),
(799, 799, '2023-05-16', '2024-01-17', 1489.68, 56.95, 503.35, 'Overdue', 'Cash', '2024-01-17', '2025-04-19 04:49:24', '2025-04-19 04:49:24'),
(800, 800, '2023-05-31', '2023-12-25', 1023.6, 167.83, 933.61, 'Overdue', 'Credit Card', '2023-12-05', '2025-04-19 04:49:24', '2025-04-19 04:49:24'),
(801, 801, '2023-10-23', '2023-12-11', 340.02, 174.58, 1342.97, 'Paid', 'Online', '2024-01-10', '2025-04-19 04:49:24', '2025-04-19 04:49:24'),
(802, 802, '2023-01-10', '2024-01-31', 1495.2, 17.36, 1118.39, 'Overdue', 'Cash', '2023-12-31', '2025-04-19 04:49:24', '2025-04-19 04:49:24'),
(803, 803, '2023-05-21', '2024-01-31', 200.4, 38.48, 2102.75, 'Pending', 'Cash', '2023-12-16', '2025-04-19 04:49:24', '2025-04-19 04:49:24'),
(804, 804, '2023-09-15', '2023-12-12', 1847.13, 124.15, 2241.08, 'Pending', 'Credit Card', '2023-12-08', '2025-04-19 04:49:24', '2025-04-19 04:49:24'),
(805, 805, '2023-02-15', '2024-01-02', 1088.32, 189.34, 2078.7, 'Paid', 'Credit Card', '2024-01-18', '2025-04-19 04:49:24', '2025-04-19 04:49:24'),
(806, 806, '2023-05-15', '2024-01-16', 959.99, 22.57, 2485.48, 'Paid', 'Cash', '2024-01-08', '2025-04-19 04:49:24', '2025-04-19 04:49:24'),
(807, 807, '2023-07-11', '2023-12-02', 1014.79, 16.49, 1008.29, 'Overdue', 'Online', '2024-01-18', '2025-04-19 04:49:24', '2025-04-19 04:49:24'),
(808, 808, '2023-01-31', '2023-12-07', 320.72, 77.5, 202.36, 'Paid', 'Cash', '2024-01-30', '2025-04-19 04:49:24', '2025-04-19 04:49:24'),
(809, 809, '2023-02-25', '2024-01-23', 1348.18, 66.42, 1183.03, 'Overdue', 'Credit Card', '2024-01-21', '2025-04-19 04:49:24', '2025-04-19 04:49:24'),
(810, 810, '2023-07-05', '2023-12-16', 1899.31, 173.13, 1213.35, 'Overdue', 'Credit Card', '2023-12-17', '2025-04-19 04:49:24', '2025-04-19 04:49:24'),
(811, 811, '2023-01-23', '2023-12-04', 978.51, 162.88, 1565.39, 'Overdue', 'Credit Card', '2023-12-05', '2025-04-19 04:49:24', '2025-04-19 04:49:24'),
(812, 812, '2023-09-05', '2023-12-18', 1821.5, 166.85, 1703.39, 'Overdue', 'Online', '2024-01-24', '2025-04-19 04:49:24', '2025-04-19 04:49:24'),
(813, 813, '2023-06-09', '2024-01-06', 1451.62, 141.33, 722.11, 'Overdue', 'Credit Card', '2024-01-25', '2025-04-19 04:49:24', '2025-04-19 04:49:24'),
(814, 814, '2023-10-18', '2024-01-04', 989.82, 120.65, 1518.09, 'Pending', 'Cash', '2023-12-13', '2025-04-19 04:49:24', '2025-04-19 04:49:24'),
(815, 815, '2023-11-01', '2023-12-18', 630.15, 97.08, 465.8, 'Overdue', 'Credit Card', '2024-01-13', '2025-04-19 04:49:24', '2025-04-19 04:49:24'),
(816, 816, '2023-09-21', '2024-01-30', 368.38, 97.46, 2050.98, 'Overdue', 'Credit Card', '2023-12-18', '2025-04-19 04:49:24', '2025-04-19 04:49:24'),
(817, 817, '2023-02-06', '2023-12-04', 589.85, 13.85, 1009.13, 'Overdue', 'Online', '2024-01-13', '2025-04-19 04:49:24', '2025-04-19 04:49:24'),
(818, 818, '2023-07-26', '2023-12-16', 1400.74, 18.4, 2252.52, 'Paid', 'Online', '2023-12-28', '2025-04-19 04:49:24', '2025-04-19 04:49:24'),
(819, 819, '2023-08-13', '2023-12-18', 1095.63, 176.86, 756.5, 'Paid', 'Cash', '2024-01-07', '2025-04-19 04:49:24', '2025-04-19 04:49:24'),
(820, 820, '2023-01-31', '2023-12-27', 1737.88, 195.91, 1201.47, 'Overdue', 'Cash', '2024-01-02', '2025-04-19 04:49:24', '2025-04-19 04:49:24'),
(821, 821, '2023-04-10', '2024-01-08', 1141.11, 198.0, 2491.85, 'Pending', 'Online', '2024-01-06', '2025-04-19 04:49:24', '2025-04-19 04:49:24'),
(822, 822, '2023-04-10', '2024-01-06', 676.92, 39.49, 2040.46, 'Pending', 'Online', '2024-01-28', '2025-04-19 04:49:24', '2025-04-19 04:49:24'),
(823, 823, '2023-06-02', '2023-12-27', 1838.51, 110.34, 960.95, 'Paid', 'Cash', '2024-01-26', '2025-04-19 04:49:24', '2025-04-19 04:49:24'),
(824, 824, '2023-08-16', '2024-01-30', 625.73, 14.77, 1028.24, 'Overdue', 'Cash', '2023-12-27', '2025-04-19 04:49:24', '2025-04-19 04:49:24'),
(825, 825, '2023-02-10', '2023-12-25', 1925.75, 36.09, 1498.51, 'Overdue', 'Credit Card', '2024-01-12', '2025-04-19 04:49:24', '2025-04-19 04:49:24'),
(826, 826, '2023-01-18', '2024-01-05', 1880.14, 180.95, 946.47, 'Paid', 'Cash', '2024-01-14', '2025-04-19 04:49:24', '2025-04-19 04:49:24'),
(827, 827, '2023-06-08', '2024-01-17', 152.36, 198.07, 433.95, 'Paid', 'Credit Card', '2023-12-10', '2025-04-19 04:49:24', '2025-04-19 04:49:24'),
(828, 828, '2023-02-21', '2023-12-31', 1579.93, 188.57, 417.94, 'Overdue', 'Credit Card', '2023-12-14', '2025-04-19 04:49:24', '2025-04-19 04:49:24'),
(829, 829, '2023-06-18', '2024-01-22', 660.37, 188.77, 1768.55, 'Paid', 'Online', '2024-01-18', '2025-04-19 04:49:24', '2025-04-19 04:49:24'),
(830, 830, '2023-04-01', '2023-12-12', 1304.31, 84.19, 1628.26, 'Paid', 'Cash', '2024-01-26', '2025-04-19 04:49:24', '2025-04-19 04:49:24'),
(831, 831, '2023-05-18', '2024-01-15', 1886.94, 138.1, 2495.89, 'Paid', 'Online', '2023-12-13', '2025-04-19 04:49:24', '2025-04-19 04:49:24'),
(832, 832, '2023-04-04', '2023-12-30', 1812.12, 158.06, 2270.22, 'Pending', 'Credit Card', '2023-12-05', '2025-04-19 04:49:24', '2025-04-19 04:49:24'),
(833, 833, '2023-03-22', '2024-01-26', 893.59, 163.43, 2313.64, 'Paid', 'Cash', '2023-12-12', '2025-04-19 04:49:24', '2025-04-19 04:49:24'),
(834, 834, '2023-06-22', '2023-12-15', 1739.36, 186.45, 2284.96, 'Pending', 'Online', '2024-01-17', '2025-04-19 04:49:24', '2025-04-19 04:49:24'),
(835, 835, '2023-10-29', '2023-12-18', 936.29, 178.67, 981.5, 'Pending', 'Cash', '2023-12-07', '2025-04-19 04:49:24', '2025-04-19 04:49:24'),
(836, 836, '2023-09-10', '2023-12-08', 1553.47, 142.32, 2142.41, 'Pending', 'Online', '2024-01-09', '2025-04-19 04:49:24', '2025-04-19 04:49:24'),
(837, 837, '2023-01-26', '2024-01-30', 772.34, 149.92, 1750.36, 'Overdue', 'Credit Card', '2024-02-01', '2025-04-19 04:49:24', '2025-04-19 04:49:24'),
(838, 838, '2023-04-29', '2024-01-13', 1526.89, 17.82, 222.36, 'Pending', 'Cash', '2024-01-17', '2025-04-19 04:49:24', '2025-04-19 04:49:24'),
(839, 839, '2023-11-15', '2023-12-15', 1942.69, 155.71, 228.07, 'Overdue', 'Online', '2023-12-12', '2025-04-19 04:49:24', '2025-04-19 04:49:24'),
(840, 840, '2023-01-02', '2023-12-19', 761.6, 187.85, 2220.06, 'Pending', 'Credit Card', '2024-01-06', '2025-04-19 04:49:24', '2025-04-19 04:49:24'),
(841, 841, '2023-11-10', '2024-01-15', 1947.38, 60.42, 365.62, 'Pending', 'Online', '2024-01-13', '2025-04-19 04:49:24', '2025-04-19 04:49:24'),
(842, 842, '2023-02-18', '2023-12-16', 1981.92, 70.68, 1615.36, 'Paid', 'Online', '2023-12-27', '2025-04-19 04:49:24', '2025-04-19 04:49:24'),
(843, 843, '2023-06-27', '2024-01-19', 1525.08, 182.31, 1777.86, 'Pending', 'Credit Card', '2023-12-07', '2025-04-19 04:49:24', '2025-04-19 04:49:24'),
(844, 844, '2023-07-05', '2023-12-26', 234.26, 16.57, 2416.63, 'Overdue', 'Online', '2023-12-05', '2025-04-19 04:49:24', '2025-04-19 04:49:24'),
(845, 845, '2023-11-26', '2023-12-03', 855.79, 88.55, 2302.22, 'Overdue', 'Credit Card', '2023-12-09', '2025-04-19 04:49:24', '2025-04-19 04:49:24'),
(846, 846, '2023-10-07', '2023-12-26', 1462.54, 98.11, 301.4, 'Overdue', 'Credit Card', '2024-01-04', '2025-04-19 04:49:24', '2025-04-19 04:49:24'),
(847, 847, '2023-09-14', '2023-12-19', 1419.34, 29.43, 2246.46, 'Paid', 'Online', '2023-12-17', '2025-04-19 04:49:24', '2025-04-19 04:49:24'),
(848, 848, '2023-10-19', '2024-01-25', 649.05, 118.31, 2415.31, 'Pending', 'Credit Card', '2023-12-06', '2025-04-19 04:49:24', '2025-04-19 04:49:24'),
(849, 849, '2023-01-02', '2023-12-27', 1032.48, 78.51, 2150.55, 'Paid', 'Cash', '2023-12-25', '2025-04-19 04:49:24', '2025-04-19 04:49:24'),
(850, 850, '2023-01-05', '2023-12-15', 405.29, 72.85, 225.42, 'Pending', 'Credit Card', '2023-12-29', '2025-04-19 04:49:24', '2025-04-19 04:49:24'),
(851, 851, '2023-06-10', '2023-12-18', 347.01, 81.28, 857.5, 'Pending', 'Online', '2023-12-21', '2025-04-19 04:49:24', '2025-04-19 04:49:24'),
(852, 852, '2023-04-05', '2024-01-08', 216.18, 41.42, 2378.16, 'Overdue', 'Credit Card', '2023-12-19', '2025-04-19 04:49:24', '2025-04-19 04:49:24'),
(853, 853, '2023-04-24', '2023-12-21', 728.96, 23.57, 235.04, 'Paid', 'Online', '2023-12-07', '2025-04-19 04:49:24', '2025-04-19 04:49:24'),
(854, 854, '2023-11-26', '2024-01-28', 1795.46, 168.59, 306.71, 'Paid', 'Credit Card', '2024-01-14', '2025-04-19 04:49:24', '2025-04-19 04:49:24'),
(855, 855, '2023-10-04', '2024-01-06', 1835.7, 104.54, 758.84, 'Paid', 'Credit Card', '2023-12-10', '2025-04-19 04:49:24', '2025-04-19 04:49:24'),
(856, 856, '2023-07-16', '2023-12-27', 943.74, 159.94, 1617.41, 'Paid', 'Cash', '2024-01-31', '2025-04-19 04:49:24', '2025-04-19 04:49:24'),
(857, 857, '2023-06-21', '2024-01-30', 1832.98, 70.15, 2215.85, 'Overdue', 'Online', '2024-01-24', '2025-04-19 04:49:24', '2025-04-19 04:49:24'),
(858, 858, '2023-10-06', '2023-12-30', 714.23, 115.29, 627.96, 'Paid', 'Online', '2024-01-21', '2025-04-19 04:49:24', '2025-04-19 04:49:24'),
(859, 859, '2023-10-31', '2024-01-20', 904.65, 37.66, 306.78, 'Paid', 'Cash', '2024-01-16', '2025-04-19 04:49:24', '2025-04-19 04:49:24'),
(860, 860, '2023-04-02', '2024-01-22', 116.1, 140.37, 1252.42, 'Pending', 'Online', '2023-12-16', '2025-04-19 04:49:24', '2025-04-19 04:49:24'),
(861, 861, '2023-02-09', '2023-12-18', 977.69, 95.36, 256.73, 'Overdue', 'Credit Card', '2023-12-05', '2025-04-19 04:49:24', '2025-04-19 04:49:24'),
(862, 862, '2023-08-16', '2023-12-09', 272.58, 72.13, 572.84, 'Overdue', 'Online', '2023-12-05', '2025-04-19 04:49:24', '2025-04-19 04:49:24'),
(863, 863, '2023-04-03', '2023-12-14', 919.75, 191.7, 427.64, 'Overdue', 'Online', '2024-01-16', '2025-04-19 04:49:24', '2025-04-19 04:49:24'),
(864, 864, '2023-03-29', '2023-12-06', 769.89, 182.53, 2007.06, 'Overdue', 'Online', '2024-02-01', '2025-04-19 04:49:24', '2025-04-19 04:49:24'),
(865, 865, '2023-09-08', '2024-01-17', 108.12, 76.38, 417.27, 'Paid', 'Credit Card', '2024-01-06', '2025-04-19 04:49:24', '2025-04-19 04:49:24'),
(866, 866, '2023-08-12', '2023-12-15', 1117.51, 69.8, 1466.38, 'Overdue', 'Online', '2024-01-30', '2025-04-19 04:49:24', '2025-04-19 04:49:24'),
(867, 867, '2023-06-10', '2024-01-07', 1524.29, 139.6, 1282.02, 'Overdue', 'Online', '2023-12-11', '2025-04-19 04:49:24', '2025-04-19 04:49:24'),
(868, 868, '2023-07-15', '2024-01-06', 1081.85, 143.22, 1925.95, 'Pending', 'Credit Card', '2024-01-04', '2025-04-19 04:49:24', '2025-04-19 04:49:24'),
(869, 869, '2023-10-01', '2024-01-19', 1635.76, 122.76, 696.68, 'Overdue', 'Cash', '2024-01-12', '2025-04-19 04:49:24', '2025-04-19 04:49:24'),
(870, 870, '2023-03-21', '2024-01-03', 1826.37, 98.52, 596.47, 'Overdue', 'Cash', '2023-12-26', '2025-04-19 04:49:24', '2025-04-19 04:49:24'),
(871, 871, '2023-06-09', '2024-01-26', 201.5, 23.72, 1382.0, 'Paid', 'Online', '2024-01-22', '2025-04-19 04:49:24', '2025-04-19 04:49:24'),
(872, 872, '2023-09-02', '2023-12-12', 102.32, 39.64, 691.63, 'Pending', 'Online', '2023-12-13', '2025-04-19 04:49:24', '2025-04-19 04:49:24'),
(873, 873, '2023-11-17', '2024-01-30', 1693.5, 49.58, 1723.72, 'Paid', 'Credit Card', '2023-12-21', '2025-04-19 04:49:24', '2025-04-19 04:49:24'),
(874, 874, '2023-02-15', '2023-12-19', 629.61, 197.54, 1706.12, 'Overdue', 'Credit Card', '2024-01-21', '2025-04-19 04:49:24', '2025-04-19 04:49:24'),
(875, 875, '2023-09-26', '2024-01-18', 308.44, 87.18, 2393.02, 'Pending', 'Online', '2024-01-12', '2025-04-19 04:49:24', '2025-04-19 04:49:24'),
(876, 876, '2023-04-11', '2024-01-15', 119.39, 29.67, 1642.8, 'Paid', 'Credit Card', '2023-12-07', '2025-04-19 04:49:24', '2025-04-19 04:49:24'),
(877, 877, '2023-11-21', '2023-12-15', 1959.48, 59.01, 1843.11, 'Paid', 'Credit Card', '2024-01-28', '2025-04-19 04:49:24', '2025-04-19 04:49:24'),
(878, 878, '2023-03-09', '2023-12-10', 1462.19, 102.12, 2156.12, 'Paid', 'Online', '2024-01-30', '2025-04-19 04:49:24', '2025-04-19 04:49:24'),
(879, 879, '2023-02-22', '2023-12-17', 808.57, 42.82, 2266.58, 'Paid', 'Online', '2023-12-10', '2025-04-19 04:49:24', '2025-04-19 04:49:24'),
(880, 880, '2023-08-02', '2023-12-23', 1784.04, 84.4, 1110.51, 'Paid', 'Online', '2024-01-26', '2025-04-19 04:49:24', '2025-04-19 04:49:24'),
(881, 881, '2023-01-30', '2023-12-24', 1458.97, 121.0, 2350.28, 'Pending', 'Cash', '2024-01-03', '2025-04-19 04:49:24', '2025-04-19 04:49:24'),
(882, 882, '2023-07-02', '2023-12-27', 1815.88, 23.71, 1435.72, 'Paid', 'Credit Card', '2024-01-17', '2025-04-19 04:49:24', '2025-04-19 04:49:24'),
(883, 883, '2023-01-12', '2024-01-12', 407.61, 121.65, 1156.13, 'Overdue', 'Online', '2023-12-09', '2025-04-19 04:49:24', '2025-04-19 04:49:24'),
(884, 884, '2023-08-29', '2023-12-21', 818.43, 123.58, 2179.38, 'Paid', 'Online', '2024-01-21', '2025-04-19 04:49:24', '2025-04-19 04:49:24'),
(885, 885, '2023-09-29', '2023-12-15', 326.73, 158.11, 806.44, 'Overdue', 'Online', '2024-01-26', '2025-04-19 04:49:24', '2025-04-19 04:49:24'),
(886, 886, '2023-05-22', '2023-12-06', 1278.17, 81.42, 546.92, 'Paid', 'Credit Card', '2023-12-12', '2025-04-19 04:49:24', '2025-04-19 04:49:24'),
(887, 887, '2023-08-03', '2024-01-02', 126.58, 15.9, 1133.48, 'Pending', 'Cash', '2024-01-27', '2025-04-19 04:49:24', '2025-04-19 04:49:24'),
(888, 888, '2023-07-21', '2023-12-31', 1912.69, 176.02, 293.33, 'Paid', 'Online', '2023-12-30', '2025-04-19 04:49:24', '2025-04-19 04:49:24'),
(889, 889, '2023-03-20', '2023-12-07', 1183.62, 161.82, 1032.72, 'Paid', 'Cash', '2024-01-11', '2025-04-19 04:49:24', '2025-04-19 04:49:24'),
(890, 890, '2023-05-27', '2024-01-20', 1549.83, 54.67, 1708.86, 'Pending', 'Cash', '2023-12-30', '2025-04-19 04:49:24', '2025-04-19 04:49:24'),
(891, 891, '2023-04-11', '2024-01-14', 681.72, 155.19, 1849.74, 'Overdue', 'Cash', '2023-12-27', '2025-04-19 04:49:24', '2025-04-19 04:49:24'),
(892, 892, '2023-01-05', '2023-12-21', 1329.72, 78.5, 1243.32, 'Paid', 'Credit Card', '2023-12-29', '2025-04-19 04:49:24', '2025-04-19 04:49:24'),
(893, 893, '2023-03-10', '2023-12-29', 1775.92, 27.91, 879.69, 'Paid', 'Cash', '2023-12-18', '2025-04-19 04:49:24', '2025-04-19 04:49:24'),
(894, 894, '2023-07-30', '2024-01-13', 361.15, 166.61, 990.1, 'Overdue', 'Online', '2024-01-18', '2025-04-19 04:49:24', '2025-04-19 04:49:24'),
(895, 895, '2023-06-14', '2023-12-19', 1379.66, 24.78, 1383.78, 'Overdue', 'Online', '2024-01-30', '2025-04-19 04:49:24', '2025-04-19 04:49:24'),
(896, 896, '2023-01-21', '2024-01-05', 1496.41, 190.08, 1566.47, 'Overdue', 'Online', '2023-12-11', '2025-04-19 04:49:24', '2025-04-19 04:49:24'),
(897, 897, '2023-11-15', '2024-01-30', 874.37, 129.7, 1866.02, 'Overdue', 'Credit Card', '2024-01-16', '2025-04-19 04:49:24', '2025-04-19 04:49:24'),
(898, 898, '2023-11-04', '2024-01-07', 1397.13, 56.42, 662.33, 'Pending', 'Credit Card', '2024-01-30', '2025-04-19 04:49:24', '2025-04-19 04:49:24'),
(899, 899, '2023-03-10', '2024-01-17', 1934.82, 197.92, 2378.64, 'Paid', 'Cash', '2024-01-16', '2025-04-19 04:49:24', '2025-04-19 04:49:24'),
(900, 900, '2023-01-30', '2023-12-25', 1110.09, 48.86, 799.71, 'Paid', 'Credit Card', '2024-01-25', '2025-04-19 04:49:24', '2025-04-19 04:49:24'),
(901, 901, '2023-05-04', '2023-12-06', 249.5, 167.72, 2151.18, 'Overdue', 'Cash', '2023-12-30', '2025-04-19 04:49:24', '2025-04-19 04:49:24'),
(902, 902, '2023-01-15', '2023-12-25', 1962.26, 57.08, 2186.2, 'Overdue', 'Cash', '2024-02-01', '2025-04-19 04:49:24', '2025-04-19 04:49:24'),
(903, 903, '2023-10-16', '2024-01-14', 610.27, 69.51, 1243.12, 'Overdue', 'Online', '2024-01-31', '2025-04-19 04:49:24', '2025-04-19 04:49:24'),
(904, 904, '2023-05-18', '2024-01-17', 1566.97, 180.79, 1662.17, 'Paid', 'Cash', '2023-12-20', '2025-04-19 04:49:24', '2025-04-19 04:49:24'),
(905, 905, '2023-08-12', '2023-12-25', 1172.2, 198.27, 822.97, 'Pending', 'Online', '2024-01-12', '2025-04-19 04:49:24', '2025-04-19 04:49:24'),
(906, 906, '2023-09-15', '2023-12-26', 1928.32, 17.4, 679.83, 'Pending', 'Credit Card', '2023-12-10', '2025-04-19 04:49:24', '2025-04-19 04:49:24'),
(907, 907, '2023-04-01', '2023-12-23', 642.55, 9.31, 1804.81, 'Paid', 'Online', '2023-12-26', '2025-04-19 04:49:24', '2025-04-19 04:49:24'),
(908, 908, '2023-11-13', '2024-01-29', 1885.8, 104.07, 2073.96, 'Paid', 'Cash', '2024-01-12', '2025-04-19 04:49:24', '2025-04-19 04:49:24'),
(909, 909, '2023-03-15', '2023-12-22', 1594.4, 77.39, 1076.96, 'Pending', 'Cash', '2023-12-16', '2025-04-19 04:49:24', '2025-04-19 04:49:24'),
(910, 910, '2023-02-27', '2024-01-25', 1853.01, 7.64, 2201.27, 'Pending', 'Credit Card', '2023-12-20', '2025-04-19 04:49:24', '2025-04-19 04:49:24'),
(911, 911, '2023-07-08', '2024-01-20', 1463.07, 197.52, 811.1, 'Pending', 'Credit Card', '2024-01-26', '2025-04-19 04:49:24', '2025-04-19 04:49:24'),
(912, 912, '2023-05-27', '2023-12-05', 1995.62, 190.96, 1696.53, 'Overdue', 'Credit Card', '2023-12-20', '2025-04-19 04:49:24', '2025-04-19 04:49:24'),
(913, 913, '2023-03-22', '2024-01-31', 889.37, 27.69, 1986.53, 'Pending', 'Credit Card', '2024-01-19', '2025-04-19 04:49:24', '2025-04-19 04:49:24'),
(914, 914, '2023-01-29', '2023-12-30', 1176.49, 47.9, 1971.74, 'Paid', 'Credit Card', '2024-02-01', '2025-04-19 04:49:24', '2025-04-19 04:49:24'),
(915, 915, '2023-01-10', '2023-12-03', 1114.9, 138.82, 480.56, 'Overdue', 'Cash', '2024-02-01', '2025-04-19 04:49:24', '2025-04-19 04:49:24'),
(916, 916, '2023-03-27', '2023-12-11', 1870.65, 20.48, 1878.75, 'Pending', 'Credit Card', '2024-02-01', '2025-04-19 04:49:24', '2025-04-19 04:49:24'),
(917, 917, '2023-10-13', '2023-12-19', 704.84, 45.78, 2075.98, 'Overdue', 'Cash', '2024-01-21', '2025-04-19 04:49:24', '2025-04-19 04:49:24'),
(918, 918, '2023-04-01', '2023-12-29', 1789.44, 103.57, 1259.51, 'Pending', 'Online', '2024-01-15', '2025-04-19 04:49:24', '2025-04-19 04:49:24'),
(919, 919, '2023-09-13', '2023-12-05', 313.61, 42.83, 2419.21, 'Overdue', 'Online', '2023-12-06', '2025-04-19 04:49:24', '2025-04-19 04:49:24'),
(920, 920, '2023-09-28', '2023-12-28', 1613.6, 175.69, 2086.82, 'Paid', 'Cash', '2024-01-03', '2025-04-19 04:49:24', '2025-04-19 04:49:24'),
(921, 921, '2023-08-20', '2023-12-10', 1196.88, 83.06, 945.0, 'Paid', 'Credit Card', '2024-01-03', '2025-04-19 04:49:24', '2025-04-19 04:49:24'),
(922, 922, '2023-01-02', '2023-12-09', 629.45, 17.08, 2103.05, 'Overdue', 'Online', '2023-12-27', '2025-04-19 04:49:24', '2025-04-19 04:49:24'),
(923, 923, '2023-03-20', '2024-01-23', 934.72, 109.72, 256.55, 'Pending', 'Cash', '2024-01-15', '2025-04-19 04:49:24', '2025-04-19 04:49:24'),
(924, 924, '2023-09-23', '2024-01-13', 1969.76, 12.09, 2317.78, 'Pending', 'Online', '2023-12-16', '2025-04-19 04:49:24', '2025-04-19 04:49:24'),
(925, 925, '2023-03-07', '2023-12-06', 687.46, 67.36, 1723.91, 'Paid', 'Credit Card', '2024-01-01', '2025-04-19 04:49:24', '2025-04-19 04:49:24'),
(926, 926, '2023-01-14', '2024-01-09', 672.14, 193.69, 1792.29, 'Paid', 'Credit Card', '2024-01-22', '2025-04-19 04:49:24', '2025-04-19 04:49:24'),
(927, 927, '2023-07-23', '2024-01-04', 1631.63, 140.35, 1337.07, 'Paid', 'Credit Card', '2023-12-17', '2025-04-19 04:49:24', '2025-04-19 04:49:24'),
(928, 928, '2023-03-04', '2023-12-14', 818.36, 72.44, 1831.13, 'Overdue', 'Cash', '2023-12-16', '2025-04-19 04:49:24', '2025-04-19 04:49:24'),
(929, 929, '2023-01-14', '2024-01-09', 1325.26, 117.24, 1651.69, 'Pending', 'Credit Card', '2023-12-27', '2025-04-19 04:49:24', '2025-04-19 04:49:24'),
(930, 930, '2023-03-07', '2024-01-17', 809.7, 125.0, 2102.67, 'Overdue', 'Online', '2023-12-18', '2025-04-19 04:49:24', '2025-04-19 04:49:24'),
(931, 931, '2023-05-01', '2023-12-11', 421.05, 129.79, 1972.97, 'Pending', 'Credit Card', '2024-01-18', '2025-04-19 04:49:24', '2025-04-19 04:49:24'),
(932, 932, '2023-11-12', '2023-12-14', 1797.88, 122.66, 600.9, 'Pending', 'Cash', '2024-01-28', '2025-04-19 04:49:24', '2025-04-19 04:49:24'),
(933, 933, '2023-08-31', '2024-01-15', 1417.64, 179.41, 2112.67, 'Pending', 'Credit Card', '2023-12-13', '2025-04-19 04:49:24', '2025-04-19 04:49:24'),
(934, 934, '2023-04-27', '2023-12-29', 910.96, 103.92, 2435.58, 'Pending', 'Cash', '2023-12-10', '2025-04-19 04:49:24', '2025-04-19 04:49:24'),
(935, 935, '2023-01-26', '2024-01-06', 1954.63, 13.88, 631.11, 'Overdue', 'Cash', '2024-01-24', '2025-04-19 04:49:24', '2025-04-19 04:49:24'),
(936, 936, '2023-03-03', '2024-01-19', 1060.77, 35.89, 2163.14, 'Pending', 'Credit Card', '2023-12-11', '2025-04-19 04:49:24', '2025-04-19 04:49:24'),
(937, 937, '2023-01-08', '2024-01-02', 336.89, 82.3, 1014.71, 'Overdue', 'Credit Card', '2024-01-31', '2025-04-19 04:49:24', '2025-04-19 04:49:24'),
(938, 938, '2023-10-13', '2024-01-14', 1164.42, 192.57, 1824.0, 'Pending', 'Online', '2024-01-24', '2025-04-19 04:49:24', '2025-04-19 04:49:24'),
(939, 939, '2023-11-19', '2023-12-29', 1853.78, 153.6, 1428.5, 'Pending', 'Cash', '2024-01-04', '2025-04-19 04:49:24', '2025-04-19 04:49:24'),
(940, 940, '2023-04-13', '2023-12-22', 940.97, 56.22, 533.84, 'Paid', 'Online', '2023-12-14', '2025-04-19 04:49:24', '2025-04-19 04:49:24'),
(941, 941, '2023-03-14', '2024-01-31', 406.63, 143.85, 238.84, 'Paid', 'Online', '2023-12-23', '2025-04-19 04:49:24', '2025-04-19 04:49:24'),
(942, 942, '2023-05-10', '2023-12-11', 757.6, 198.13, 2173.55, 'Overdue', 'Credit Card', '2024-01-19', '2025-04-19 04:49:24', '2025-04-19 04:49:24'),
(943, 943, '2023-11-20', '2024-01-26', 449.85, 148.18, 1013.6, 'Paid', 'Cash', '2023-12-16', '2025-04-19 04:49:24', '2025-04-19 04:49:24'),
(944, 944, '2023-11-13', '2023-12-23', 501.02, 132.94, 2270.5, 'Paid', 'Online', '2024-01-24', '2025-04-19 04:49:24', '2025-04-19 04:49:24'),
(945, 945, '2023-09-03', '2024-01-26', 1617.6, 18.0, 1689.83, 'Overdue', 'Credit Card', '2023-12-22', '2025-04-19 04:49:24', '2025-04-19 04:49:24'),
(946, 946, '2023-07-23', '2024-01-14', 1606.67, 58.78, 2103.65, 'Paid', 'Cash', '2024-01-16', '2025-04-19 04:49:24', '2025-04-19 04:49:24'),
(947, 947, '2023-06-11', '2023-12-16', 1727.87, 190.21, 1975.99, 'Overdue', 'Online', '2023-12-25', '2025-04-19 04:49:24', '2025-04-19 04:49:24'),
(948, 948, '2023-03-18', '2023-12-02', 1788.11, 18.99, 1981.97, 'Paid', 'Cash', '2024-01-16', '2025-04-19 04:49:24', '2025-04-19 04:49:24'),
(949, 949, '2023-01-30', '2024-01-03', 1590.64, 134.47, 727.25, 'Overdue', 'Cash', '2024-01-16', '2025-04-19 04:49:24', '2025-04-19 04:49:24'),
(950, 950, '2023-07-07', '2023-12-26', 220.19, 147.45, 2018.73, 'Paid', 'Cash', '2023-12-25', '2025-04-19 04:49:24', '2025-04-19 04:49:24'),
(951, 951, '2023-05-09', '2024-01-07', 238.17, 38.98, 1640.28, 'Paid', 'Cash', '2023-12-10', '2025-04-19 04:49:24', '2025-04-19 04:49:24'),
(952, 952, '2023-08-08', '2024-01-17', 608.57, 20.11, 1962.78, 'Overdue', 'Cash', '2023-12-26', '2025-04-19 04:49:24', '2025-04-19 04:49:24'),
(953, 953, '2023-08-08', '2023-12-19', 132.12, 187.0, 410.05, 'Overdue', 'Cash', '2024-01-11', '2025-04-19 04:49:24', '2025-04-19 04:49:24'),
(954, 954, '2023-04-19', '2024-01-08', 709.98, 111.69, 1022.83, 'Paid', 'Credit Card', '2024-01-04', '2025-04-19 04:49:24', '2025-04-19 04:49:24'),
(955, 955, '2023-01-01', '2024-01-22', 360.47, 54.46, 1199.57, 'Paid', 'Online', '2023-12-05', '2025-04-19 04:49:24', '2025-04-19 04:49:24'),
(956, 956, '2023-02-06', '2024-01-10', 1747.07, 101.75, 512.7, 'Overdue', 'Credit Card', '2023-12-14', '2025-04-19 04:49:24', '2025-04-19 04:49:24'),
(957, 957, '2023-06-07', '2023-12-06', 1887.52, 116.46, 1929.36, 'Pending', 'Online', '2023-12-30', '2025-04-19 04:49:24', '2025-04-19 04:49:24'),
(958, 958, '2023-08-25', '2024-01-05', 1176.41, 93.51, 283.57, 'Overdue', 'Cash', '2023-12-18', '2025-04-19 04:49:24', '2025-04-19 04:49:24'),
(959, 959, '2023-02-07', '2023-12-12', 910.09, 179.17, 732.05, 'Overdue', 'Credit Card', '2023-12-13', '2025-04-19 04:49:24', '2025-04-19 04:49:24'),
(960, 960, '2023-08-13', '2024-01-12', 839.87, 154.1, 1258.88, 'Pending', 'Online', '2024-01-10', '2025-04-19 04:49:24', '2025-04-19 04:49:24'),
(961, 961, '2023-09-29', '2024-01-05', 1281.11, 131.51, 1166.82, 'Paid', 'Online', '2023-12-18', '2025-04-19 04:49:24', '2025-04-19 04:49:24'),
(962, 962, '2023-11-20', '2024-01-14', 1186.17, 183.59, 1793.83, 'Paid', 'Credit Card', '2024-01-12', '2025-04-19 04:49:24', '2025-04-19 04:49:24'),
(963, 963, '2023-02-16', '2024-01-11', 1562.93, 69.12, 633.27, 'Overdue', 'Online', '2024-01-20', '2025-04-19 04:49:24', '2025-04-19 04:49:24'),
(964, 964, '2023-10-24', '2024-01-11', 736.26, 50.47, 532.88, 'Paid', 'Credit Card', '2024-01-11', '2025-04-19 04:49:24', '2025-04-19 04:49:24'),
(965, 965, '2023-02-05', '2023-12-24', 1700.11, 156.05, 1318.47, 'Pending', 'Cash', '2023-12-23', '2025-04-19 04:49:24', '2025-04-19 04:49:24'),
(966, 966, '2023-10-16', '2024-01-11', 966.58, 184.72, 1303.86, 'Overdue', 'Credit Card', '2023-12-05', '2025-04-19 04:49:24', '2025-04-19 04:49:24'),
(967, 967, '2023-03-13', '2023-12-28', 1939.52, 95.53, 904.19, 'Overdue', 'Online', '2024-01-22', '2025-04-19 04:49:24', '2025-04-19 04:49:24'),
(968, 968, '2023-08-11', '2024-01-02', 861.74, 116.62, 1564.1, 'Pending', 'Credit Card', '2023-12-31', '2025-04-19 04:49:24', '2025-04-19 04:49:24'),
(969, 969, '2023-04-14', '2023-12-26', 1792.0, 88.19, 2478.4, 'Pending', 'Cash', '2023-12-07', '2025-04-19 04:49:24', '2025-04-19 04:49:24'),
(970, 970, '2023-01-12', '2023-12-28', 564.1, 66.37, 707.36, 'Paid', 'Credit Card', '2024-01-11', '2025-04-19 04:49:24', '2025-04-19 04:49:24'),
(971, 971, '2023-07-17', '2023-12-19', 1173.59, 125.21, 2414.64, 'Pending', 'Credit Card', '2023-12-12', '2025-04-19 04:49:24', '2025-04-19 04:49:24'),
(972, 972, '2023-11-22', '2024-01-07', 1335.14, 31.78, 1800.67, 'Paid', 'Cash', '2023-12-18', '2025-04-19 04:49:24', '2025-04-19 04:49:24'),
(973, 973, '2023-01-26', '2024-01-15', 804.83, 95.86, 218.3, 'Pending', 'Cash', '2023-12-12', '2025-04-19 04:49:24', '2025-04-19 04:49:24'),
(974, 974, '2023-03-24', '2024-01-04', 406.09, 85.64, 674.65, 'Pending', 'Credit Card', '2023-12-10', '2025-04-19 04:49:24', '2025-04-19 04:49:24'),
(975, 975, '2023-06-10', '2024-01-10', 650.96, 107.28, 2154.86, 'Overdue', 'Cash', '2024-01-13', '2025-04-19 04:49:24', '2025-04-19 04:49:24'),
(976, 976, '2023-07-21', '2023-12-24', 1852.95, 85.72, 1199.64, 'Pending', 'Cash', '2024-01-22', '2025-04-19 04:49:24', '2025-04-19 04:49:24'),
(977, 977, '2023-05-15', '2024-01-26', 1812.14, 185.05, 1914.26, 'Pending', 'Online', '2023-12-21', '2025-04-19 04:49:24', '2025-04-19 04:49:24'),
(978, 978, '2023-02-07', '2024-01-21', 1803.71, 124.34, 1109.7, 'Overdue', 'Online', '2023-12-20', '2025-04-19 04:49:24', '2025-04-19 04:49:24'),
(979, 979, '2023-11-08', '2023-12-17', 1684.19, 189.23, 794.5, 'Overdue', 'Cash', '2023-12-23', '2025-04-19 04:49:24', '2025-04-19 04:49:24'),
(980, 980, '2023-04-26', '2024-01-07', 1773.74, 176.03, 806.73, 'Overdue', 'Online', '2024-01-27', '2025-04-19 04:49:24', '2025-04-19 04:49:24'),
(981, 981, '2023-10-15', '2023-12-12', 377.6, 14.31, 954.83, 'Pending', 'Credit Card', '2024-01-12', '2025-04-19 04:49:24', '2025-04-19 04:49:24'),
(982, 982, '2023-09-02', '2024-01-17', 1876.84, 197.72, 1738.72, 'Overdue', 'Online', '2024-01-23', '2025-04-19 04:49:24', '2025-04-19 04:49:24'),
(983, 983, '2023-09-25', '2024-01-08', 1730.45, 57.57, 773.11, 'Paid', 'Credit Card', '2024-01-31', '2025-04-19 04:49:24', '2025-04-19 04:49:24'),
(984, 984, '2023-10-20', '2023-12-30', 345.27, 139.8, 464.83, 'Pending', 'Credit Card', '2024-01-04', '2025-04-19 04:49:24', '2025-04-19 04:49:24'),
(985, 985, '2023-06-17', '2023-12-21', 1808.55, 106.12, 643.25, 'Overdue', 'Online', '2024-01-24', '2025-04-19 04:49:24', '2025-04-19 04:49:24'),
(986, 986, '2023-07-31', '2023-12-25', 739.69, 161.07, 503.4, 'Paid', 'Credit Card', '2023-12-20', '2025-04-19 04:49:24', '2025-04-19 04:49:24'),
(987, 987, '2023-01-06', '2023-12-04', 673.37, 115.5, 2150.99, 'Pending', 'Credit Card', '2023-12-14', '2025-04-19 04:49:24', '2025-04-19 04:49:24'),
(988, 988, '2023-11-09', '2023-12-16', 1176.49, 165.48, 525.3, 'Overdue', 'Cash', '2023-12-11', '2025-04-19 04:49:24', '2025-04-19 04:49:24'),
(989, 989, '2023-03-11', '2024-01-20', 318.12, 148.1, 1261.38, 'Pending', 'Cash', '2024-01-07', '2025-04-19 04:49:24', '2025-04-19 04:49:24'),
(990, 990, '2023-11-01', '2023-12-27', 461.6, 118.56, 1644.41, 'Pending', 'Credit Card', '2024-01-09', '2025-04-19 04:49:24', '2025-04-19 04:49:24'),
(991, 991, '2023-08-09', '2024-01-22', 249.87, 116.86, 702.32, 'Paid', 'Cash', '2024-01-19', '2025-04-19 04:49:24', '2025-04-19 04:49:24'),
(992, 992, '2023-07-04', '2024-01-06', 666.85, 55.58, 952.69, 'Pending', 'Credit Card', '2023-12-10', '2025-04-19 04:49:24', '2025-04-19 04:49:24'),
(993, 993, '2023-02-07', '2023-12-16', 1875.64, 112.39, 310.53, 'Paid', 'Cash', '2024-01-30', '2025-04-19 04:49:24', '2025-04-19 04:49:24'),
(994, 994, '2023-04-04', '2023-12-14', 1674.75, 35.73, 1742.72, 'Paid', 'Credit Card', '2024-01-28', '2025-04-19 04:49:24', '2025-04-19 04:49:24'),
(995, 995, '2023-05-08', '2023-12-14', 689.05, 62.09, 809.78, 'Paid', 'Online', '2023-12-11', '2025-04-19 04:49:24', '2025-04-19 04:49:24'),
(996, 996, '2023-01-10', '2023-12-21', 540.78, 92.9, 1532.72, 'Overdue', 'Online', '2024-01-18', '2025-04-19 04:49:24', '2025-04-19 04:49:24'),
(997, 997, '2023-07-22', '2024-01-21', 1660.95, 167.08, 275.14, 'Overdue', 'Cash', '2024-01-19', '2025-04-19 04:49:24', '2025-04-19 04:49:24'),
(998, 998, '2023-03-14', '2024-01-07', 1734.68, 79.38, 1539.9, 'Paid', 'Credit Card', '2024-01-30', '2025-04-19 04:49:24', '2025-04-19 04:49:24'),
(999, 999, '2023-12-01', '2023-12-07', 1328.6, 194.59, 1207.75, 'Pending', 'Credit Card', '2024-01-03', '2025-04-19 04:49:24', '2025-04-19 04:49:24'),
(1000, 1000, '2023-05-15', '2023-12-14', 1987.74, 63.91, 2135.39, 'Paid', 'Credit Card', '2023-12-19', '2025-04-19 04:49:24', '2025-04-19 04:49:24');

-- feedbacks
INSERT INTO feedbacks (feedback_id, booking_id, rating, comments, feedback_date, created_at, updated_at) VALUES
(1, 550, 3, 'Maybe weight some.', '2023-01-25', '2025-04-19 04:49:24', '2025-04-19 04:49:24'),
(2, 168, 2, 'Shoulder professional market oil move.', '2023-10-14', '2025-04-19 04:49:24', '2025-04-19 04:49:24'),
(3, 625, 3, 'Explain break dog writer night forget nation.', '2023-08-05', '2025-04-19 04:49:24', '2025-04-19 04:49:24'),
(4, 401, 3, 'Add involve forget early look.', '2023-04-03', '2025-04-19 04:49:24', '2025-04-19 04:49:24'),
(5, 460, 3, 'Candidate see election price.', '2023-03-23', '2025-04-19 04:49:24', '2025-04-19 04:49:24'),
(6, 204, 2, 'Indeed town daughter clearly best.', '2023-03-10', '2025-04-19 04:49:24', '2025-04-19 04:49:24'),
(7, 533, 2, 'Finally my nature attention work.', '2023-11-16', '2025-04-19 04:49:24', '2025-04-19 04:49:24'),
(8, 813, 2, 'Table about dream single.', '2023-01-05', '2025-04-19 04:49:24', '2025-04-19 04:49:24'),
(9, 140, 1, 'Whole box later building she.', '2023-03-10', '2025-04-19 04:49:24', '2025-04-19 04:49:24'),
(10, 339, 4, 'Let business property everything bar smile good.', '2023-10-21', '2025-04-19 04:49:24', '2025-04-19 04:49:24'),
(11, 111, 2, 'Southern nation economy adult trial source.', '2023-04-15', '2025-04-19 04:49:24', '2025-04-19 04:49:24'),
(12, 899, 1, 'Yeah class garden miss.', '2023-04-28', '2025-04-19 04:49:24', '2025-04-19 04:49:24'),
(13, 23, 2, 'Create yard serious goal future home series.', '2023-04-12', '2025-04-19 04:49:24', '2025-04-19 04:49:24'),
(14, 260, 4, 'Southern simply I cold.', '2023-08-28', '2025-04-19 04:49:24', '2025-04-19 04:49:24'),
(15, 452, 1, 'Point similar security at year dinner prevent tree.', '2023-12-21', '2025-04-19 04:49:24', '2025-04-19 04:49:24'),
(16, 126, 4, 'Newspaper leader focus hard tonight already could.', '2023-08-22', '2025-04-19 04:49:24', '2025-04-19 04:49:24'),
(17, 374, 1, 'Green write value possible indeed study wide.', '2023-08-13', '2025-04-19 04:49:24', '2025-04-19 04:49:24'),
(18, 877, 4, 'Be successful organization no bring career manager.', '2023-03-14', '2025-04-19 04:49:24', '2025-04-19 04:49:24'),
(19, 795, 4, 'Rise future person allow structure first fine.', '2023-11-09', '2025-04-19 04:49:24', '2025-04-19 04:49:24'),
(20, 625, 3, 'Fall teach area feel who carry.', '2023-06-11', '2025-04-19 04:49:24', '2025-04-19 04:49:24'),
(21, 256, 1, 'Staff yourself exactly sure wonder.', '2023-03-30', '2025-04-19 04:49:24', '2025-04-19 04:49:24'),
(22, 285, 3, 'Hair marriage school imagine ago expect continue.', '2023-04-18', '2025-04-19 04:49:24', '2025-04-19 04:49:24'),
(23, 58, 1, 'Thank use owner surface.', '2023-03-30', '2025-04-19 04:49:24', '2025-04-19 04:49:24'),
(24, 933, 2, 'Box window should five buy office.', '2023-10-25', '2025-04-19 04:49:24', '2025-04-19 04:49:24'),
(25, 570, 3, 'Song discuss everybody success nearly must teacher speech.', '2023-09-07', '2025-04-19 04:49:24', '2025-04-19 04:49:24'),
(26, 175, 2, 'Very that national trade price beyond idea.', '2023-01-15', '2025-04-19 04:49:24', '2025-04-19 04:49:24'),
(27, 222, 3, 'Find there behavior.', '2023-03-09', '2025-04-19 04:49:24', '2025-04-19 04:49:24'),
(28, 48, 2, 'Especially appear attention we open blood.', '2023-10-04', '2025-04-19 04:49:24', '2025-04-19 04:49:24'),
(29, 304, 4, 'Amount special image blood city vote time.', '2023-02-04', '2025-04-19 04:49:24', '2025-04-19 04:49:24'),
(30, 970, 5, 'Bank collection possible notice term.', '2023-01-09', '2025-04-19 04:49:24', '2025-04-19 04:49:24'),
(31, 94, 4, 'Speech like rock call scene state radio draw.', '2023-03-25', '2025-04-19 04:49:24', '2025-04-19 04:49:24'),
(32, 981, 2, 'Accept mission event some simply could.', '2023-12-05', '2025-04-19 04:49:24', '2025-04-19 04:49:24'),
(33, 817, 2, 'Draw involve party home stay fall carry.', '2023-05-30', '2025-04-19 04:49:24', '2025-04-19 04:49:24'),
(34, 54, 3, 'In official especially pattern threat religious effort painting.', '2023-01-30', '2025-04-19 04:49:24', '2025-04-19 04:49:24'),
(35, 450, 4, 'Within if course.', '2023-05-13', '2025-04-19 04:49:24', '2025-04-19 04:49:24'),
(36, 677, 5, 'Reality office sport oil whose.', '2023-08-25', '2025-04-19 04:49:24', '2025-04-19 04:49:24'),
(37, 748, 1, 'Car American your seat rule.', '2023-09-01', '2025-04-19 04:49:24', '2025-04-19 04:49:24'),
(38, 658, 4, 'Card design where off prepare response.', '2023-06-14', '2025-04-19 04:49:24', '2025-04-19 04:49:24'),
(39, 845, 3, 'Including game language.', '2023-07-31', '2025-04-19 04:49:24', '2025-04-19 04:49:24'),
(40, 109, 5, 'Right size than foot.', '2023-11-04', '2025-04-19 04:49:24', '2025-04-19 04:49:24'),
(41, 959, 2, 'Her million every production tax certainly.', '2023-05-16', '2025-04-19 04:49:24', '2025-04-19 04:49:24'),
(42, 52, 4, 'Good thank teach production majority we.', '2023-07-04', '2025-04-19 04:49:24', '2025-04-19 04:49:24'),
(43, 656, 5, 'Any able less article threat arrive.', '2023-04-27', '2025-04-19 04:49:24', '2025-04-19 04:49:24'),
(44, 550, 4, 'Modern data book expert exist computer shoulder.', '2023-03-20', '2025-04-19 04:49:24', '2025-04-19 04:49:24'),
(45, 808, 4, 'Size morning only girl popular last read.', '2023-11-19', '2025-04-19 04:49:24', '2025-04-19 04:49:24'),
(46, 152, 3, 'Style white especially lose just.', '2023-09-16', '2025-04-19 04:49:24', '2025-04-19 04:49:24'),
(47, 894, 1, 'Admit doctor magazine despite.', '2023-04-03', '2025-04-19 04:49:24', '2025-04-19 04:49:24'),
(48, 160, 3, 'Meeting value body return miss ready even.', '2023-11-03', '2025-04-19 04:49:24', '2025-04-19 04:49:24'),
(49, 42, 5, 'Son second after note those drop executive.', '2023-12-19', '2025-04-19 04:49:24', '2025-04-19 04:49:24'),
(50, 352, 4, 'Serious protect new party sometimes.', '2023-07-21', '2025-04-19 04:49:24', '2025-04-19 04:49:24'),
(51, 777, 5, 'Two physical within about when force ready.', '2023-05-25', '2025-04-19 04:49:24', '2025-04-19 04:49:24'),
(52, 730, 3, 'Information game loss cost run result interesting.', '2023-09-17', '2025-04-19 04:49:24', '2025-04-19 04:49:24'),
(53, 743, 2, 'Only pick prove whether north.', '2023-05-07', '2025-04-19 04:49:24', '2025-04-19 04:49:24'),
(54, 498, 2, 'Benefit line cultural each animal from.', '2023-11-18', '2025-04-19 04:49:24', '2025-04-19 04:49:24'),
(55, 193, 4, 'Serve mouth manage issue none ready billion.', '2023-10-21', '2025-04-19 04:49:24', '2025-04-19 04:49:24'),
(56, 788, 1, 'Discuss term day include.', '2023-04-06', '2025-04-19 04:49:24', '2025-04-19 04:49:24'),
(57, 103, 2, 'Bill wrong nature responsibility.', '2023-02-13', '2025-04-19 04:49:24', '2025-04-19 04:49:24'),
(58, 89, 1, 'Scene despite best either truth.', '2023-03-03', '2025-04-19 04:49:24', '2025-04-19 04:49:24'),
(59, 544, 4, 'Build exactly open last decide future.', '2023-09-20', '2025-04-19 04:49:24', '2025-04-19 04:49:24'),
(60, 43, 2, 'Partner behavior economy our second.', '2023-12-23', '2025-04-19 04:49:24', '2025-04-19 04:49:24'),
(61, 355, 5, 'Analysis ready must price receive.', '2023-08-01', '2025-04-19 04:49:24', '2025-04-19 04:49:24'),
(62, 827, 5, 'Unit majority yeah.', '2023-01-26', '2025-04-19 04:49:24', '2025-04-19 04:49:24'),
(63, 686, 1, 'Thought beyond mean director offer a.', '2023-08-21', '2025-04-19 04:49:24', '2025-04-19 04:49:24'),
(64, 876, 1, 'Various send news clearly school wonder.', '2023-09-06', '2025-04-19 04:49:24', '2025-04-19 04:49:24'),
(65, 299, 1, 'Again every common church scene run cultural.', '2023-11-19', '2025-04-19 04:49:24', '2025-04-19 04:49:24'),
(66, 955, 2, 'Culture far article last peace.', '2023-11-03', '2025-04-19 04:49:24', '2025-04-19 04:49:24'),
(67, 155, 3, 'Brother treatment daughter.', '2023-02-23', '2025-04-19 04:49:24', '2025-04-19 04:49:24'),
(68, 602, 5, 'Series seven strong it reach street city her.', '2023-11-13', '2025-04-19 04:49:24', '2025-04-19 04:49:24'),
(69, 258, 3, 'Hear mouth range throw.', '2023-04-02', '2025-04-19 04:49:24', '2025-04-19 04:49:24'),
(70, 613, 3, 'Be church available indeed.', '2023-02-26', '2025-04-19 04:49:24', '2025-04-19 04:49:24'),
(71, 506, 1, 'Director spend entire minute never quality.', '2023-03-30', '2025-04-19 04:49:24', '2025-04-19 04:49:24'),
(72, 180, 2, 'Together true worker though church young mouth note.', '2023-09-10', '2025-04-19 04:49:24', '2025-04-19 04:49:24'),
(73, 969, 4, 'Interesting particularly some evidence employee degree safe.', '2023-05-11', '2025-04-19 04:49:24', '2025-04-19 04:49:24'),
(74, 256, 2, 'Cultural far significant.', '2023-10-13', '2025-04-19 04:49:24', '2025-04-19 04:49:24'),
(75, 466, 2, 'Until themselves break reason too discover record.', '2023-03-25', '2025-04-19 04:49:24', '2025-04-19 04:49:24'),
(76, 22, 3, 'Nice house power Republican.', '2023-05-29', '2025-04-19 04:49:24', '2025-04-19 04:49:24'),
(77, 154, 2, 'Apply conference then sometimes.', '2023-02-27', '2025-04-19 04:49:24', '2025-04-19 04:49:24'),
(78, 385, 2, 'Traditional meet parent this drop.', '2023-07-12', '2025-04-19 04:49:24', '2025-04-19 04:49:24'),
(79, 696, 3, 'Base modern behavior end nature stock analysis.', '2023-12-17', '2025-04-19 04:49:24', '2025-04-19 04:49:24'),
(80, 831, 3, 'Sure day sort determine player military person.', '2023-10-30', '2025-04-19 04:49:24', '2025-04-19 04:49:24'),
(81, 901, 4, 'Instead plant bag set.', '2023-04-09', '2025-04-19 04:49:24', '2025-04-19 04:49:24'),
(82, 931, 2, 'Clearly everybody suggest air she sister simple.', '2023-01-01', '2025-04-19 04:49:24', '2025-04-19 04:49:24'),
(83, 709, 5, 'Television rich base.', '2023-04-11', '2025-04-19 04:49:24', '2025-04-19 04:49:24'),
(84, 208, 3, 'Serious space one bar.', '2023-05-31', '2025-04-19 04:49:24', '2025-04-19 04:49:24'),
(85, 310, 4, 'Lose south keep thus positive.', '2023-01-10', '2025-04-19 04:49:24', '2025-04-19 04:49:24'),
(86, 313, 5, 'Skin security painting rest.', '2023-09-23', '2025-04-19 04:49:24', '2025-04-19 04:49:24'),
(87, 512, 5, 'Fine public some mean face factor.', '2023-11-03', '2025-04-19 04:49:24', '2025-04-19 04:49:24'),
(88, 595, 3, 'Be spend outside office.', '2023-01-07', '2025-04-19 04:49:24', '2025-04-19 04:49:24'),
(89, 278, 4, 'Expert mission should character station eye perform.', '2023-01-11', '2025-04-19 04:49:24', '2025-04-19 04:49:24'),
(90, 824, 2, 'Fire light medical.', '2023-01-06', '2025-04-19 04:49:24', '2025-04-19 04:49:24'),
(91, 881, 3, 'Ago out able end early generation game.', '2023-11-11', '2025-04-19 04:49:24', '2025-04-19 04:49:24'),
(92, 700, 4, 'Rich every change help but include.', '2023-09-17', '2025-04-19 04:49:24', '2025-04-19 04:49:24'),
(93, 701, 3, 'Memory wrong hard any financial.', '2023-02-06', '2025-04-19 04:49:24', '2025-04-19 04:49:24'),
(94, 627, 3, 'Size heart among research.', '2023-04-08', '2025-04-19 04:49:24', '2025-04-19 04:49:24'),
(95, 807, 4, 'Like image drive own pass least great your.', '2023-09-12', '2025-04-19 04:49:24', '2025-04-19 04:49:24'),
(96, 264, 5, 'Single well task moment call art soon up.', '2023-12-26', '2025-04-19 04:49:24', '2025-04-19 04:49:24'),
(97, 926, 2, 'Education more three trip school energy.', '2023-07-23', '2025-04-19 04:49:24', '2025-04-19 04:49:24'),
(98, 438, 2, 'While popular natural list they.', '2023-03-23', '2025-04-19 04:49:24', '2025-04-19 04:49:24'),
(99, 971, 5, 'Middle her shake month ask.', '2023-06-12', '2025-04-19 04:49:24', '2025-04-19 04:49:24'),
(100, 425, 2, 'Drug pull center hundred question.', '2023-05-18', '2025-04-19 04:49:24', '2025-04-19 04:49:24'),
(101, 190, 4, 'Miss population project film.', '2023-09-12', '2025-04-19 04:49:24', '2025-04-19 04:49:24'),
(102, 486, 3, 'Citizen drug information response happy.', '2023-03-29', '2025-04-19 04:49:24', '2025-04-19 04:49:24'),
(103, 164, 3, 'Issue bit whether edge left American hope.', '2023-10-18', '2025-04-19 04:49:24', '2025-04-19 04:49:24'),
(104, 158, 1, 'Hope great seek serious term amount idea director.', '2023-08-03', '2025-04-19 04:49:24', '2025-04-19 04:49:24'),
(105, 83, 4, 'Future raise family where treatment age.', '2023-06-28', '2025-04-19 04:49:24', '2025-04-19 04:49:24'),
(106, 556, 1, 'Like film society tell.', '2023-03-14', '2025-04-19 04:49:24', '2025-04-19 04:49:24'),
(107, 829, 5, 'Office spring measure truth sign room happy.', '2023-03-10', '2025-04-19 04:49:24', '2025-04-19 04:49:24'),
(108, 29, 3, 'Recently million store every rise care particular.', '2023-10-21', '2025-04-19 04:49:24', '2025-04-19 04:49:24'),
(109, 743, 2, 'Purpose future face police.', '2023-03-19', '2025-04-19 04:49:24', '2025-04-19 04:49:24'),
(110, 607, 3, 'Draw trouble decade share great.', '2023-03-01', '2025-04-19 04:49:24', '2025-04-19 04:49:24'),
(111, 74, 3, 'Election fire remember house develop center bill.', '2023-07-30', '2025-04-19 04:49:24', '2025-04-19 04:49:24'),
(112, 224, 1, 'Represent lawyer letter these.', '2023-03-19', '2025-04-19 04:49:24', '2025-04-19 04:49:24'),
(113, 606, 3, 'Name paper cup order.', '2023-06-11', '2025-04-19 04:49:24', '2025-04-19 04:49:24'),
(114, 776, 5, 'Quickly manage care popular yourself always image alone.', '2023-07-25', '2025-04-19 04:49:24', '2025-04-19 04:49:24'),
(115, 239, 4, 'What truth partner measure.', '2023-05-06', '2025-04-19 04:49:24', '2025-04-19 04:49:24'),
(116, 475, 2, 'Yard believe whether teach single result.', '2023-11-27', '2025-04-19 04:49:24', '2025-04-19 04:49:24'),
(117, 419, 2, 'Through action continue star young ahead blood.', '2023-11-15', '2025-04-19 04:49:24', '2025-04-19 04:49:24'),
(118, 741, 3, 'Born campaign others under each help.', '2023-12-07', '2025-04-19 04:49:24', '2025-04-19 04:49:24'),
(119, 783, 2, 'Pm market role statement other whether traditional.', '2023-01-22', '2025-04-19 04:49:24', '2025-04-19 04:49:24'),
(120, 442, 4, 'Think quite hot.', '2023-02-08', '2025-04-19 04:49:24', '2025-04-19 04:49:24'),
(121, 344, 3, 'Society care around find audience but moment sign.', '2023-11-16', '2025-04-19 04:49:24', '2025-04-19 04:49:24'),
(122, 527, 1, 'Board factor discuss morning gas.', '2023-11-27', '2025-04-19 04:49:24', '2025-04-19 04:49:24'),
(123, 685, 5, 'Only series imagine.', '2023-06-23', '2025-04-19 04:49:24', '2025-04-19 04:49:24'),
(124, 100, 2, 'Spring citizen democratic own.', '2023-04-15', '2025-04-19 04:49:24', '2025-04-19 04:49:24'),
(125, 742, 1, 'Available later friend industry.', '2023-04-25', '2025-04-19 04:49:24', '2025-04-19 04:49:24'),
(126, 671, 5, 'Effort already second room.', '2023-01-21', '2025-04-19 04:49:24', '2025-04-19 04:49:24'),
(127, 45, 3, 'Mind imagine section stop.', '2023-10-21', '2025-04-19 04:49:24', '2025-04-19 04:49:24'),
(128, 548, 2, 'Again society down very investment whom season mind.', '2023-12-27', '2025-04-19 04:49:24', '2025-04-19 04:49:24'),
(129, 877, 2, 'Bring can sister adult.', '2023-02-02', '2025-04-19 04:49:24', '2025-04-19 04:49:24'),
(130, 839, 1, 'Want themselves area.', '2023-04-01', '2025-04-19 04:49:24', '2025-04-19 04:49:24'),
(131, 871, 2, 'Guess huge parent stand several.', '2023-02-18', '2025-04-19 04:49:24', '2025-04-19 04:49:24'),
(132, 973, 2, 'Child lay fly seat beyond compare.', '2023-02-09', '2025-04-19 04:49:24', '2025-04-19 04:49:24'),
(133, 382, 3, 'Effect future appear involve nearly.', '2023-09-19', '2025-04-19 04:49:24', '2025-04-19 04:49:24'),
(134, 679, 1, 'Occur magazine suggest interesting no total.', '2023-12-31', '2025-04-19 04:49:24', '2025-04-19 04:49:24'),
(135, 382, 5, 'Decision modern enough see American drug to above.', '2023-03-20', '2025-04-19 04:49:24', '2025-04-19 04:49:24'),
(136, 891, 4, 'World sister garden down television tree say.', '2023-10-06', '2025-04-19 04:49:24', '2025-04-19 04:49:24'),
(137, 428, 5, 'Carry animal do hear rich apply project.', '2023-09-13', '2025-04-19 04:49:24', '2025-04-19 04:49:24'),
(138, 412, 3, 'Reality adult state medical year oil ask.', '2023-01-05', '2025-04-19 04:49:24', '2025-04-19 04:49:24'),
(139, 107, 5, 'Experience consider administration yet yeah.', '2023-02-26', '2025-04-19 04:49:24', '2025-04-19 04:49:24'),
(140, 544, 3, 'Southern idea our of wall inside person space.', '2023-05-15', '2025-04-19 04:49:24', '2025-04-19 04:49:24'),
(141, 570, 5, 'Store politics service second put.', '2023-01-30', '2025-04-19 04:49:24', '2025-04-19 04:49:24'),
(142, 399, 3, 'Bed mission certain situation often PM notice.', '2023-06-06', '2025-04-19 04:49:24', '2025-04-19 04:49:24'),
(143, 769, 2, 'Form bill again matter.', '2023-12-11', '2025-04-19 04:49:24', '2025-04-19 04:49:24'),
(144, 1, 1, 'Notice society task well three.', '2023-07-18', '2025-04-19 04:49:24', '2025-04-19 04:49:24'),
(145, 182, 5, 'Continue sister standard family.', '2023-09-15', '2025-04-19 04:49:24', '2025-04-19 04:49:24'),
(146, 938, 4, 'Simply involve nor whether.', '2023-08-15', '2025-04-19 04:49:24', '2025-04-19 04:49:24'),
(147, 654, 5, 'Imagine record wrong list.', '2023-09-03', '2025-04-19 04:49:24', '2025-04-19 04:49:24'),
(148, 251, 3, 'Policy lead individual through politics community.', '2023-09-24', '2025-04-19 04:49:24', '2025-04-19 04:49:24'),
(149, 336, 4, 'Finally wall right mind determine.', '2023-11-23', '2025-04-19 04:49:24', '2025-04-19 04:49:24'),
(150, 412, 3, 'Traditional practice together minute price night admit standard.', '2023-07-24', '2025-04-19 04:49:24', '2025-04-19 04:49:24'),
(151, 767, 3, 'Stock today whether thought brother.', '2023-03-02', '2025-04-19 04:49:24', '2025-04-19 04:49:24'),
(152, 611, 4, 'Total not its air.', '2023-03-08', '2025-04-19 04:49:24', '2025-04-19 04:49:24'),
(153, 223, 3, 'Image several name chair.', '2023-12-04', '2025-04-19 04:49:24', '2025-04-19 04:49:24'),
(154, 185, 1, 'Behavior nearly of general piece.', '2023-11-09', '2025-04-19 04:49:24', '2025-04-19 04:49:24'),
(155, 145, 4, 'Address loss international public rate.', '2023-03-16', '2025-04-19 04:49:24', '2025-04-19 04:49:24'),
(156, 184, 1, 'Short southern finish front.', '2023-04-09', '2025-04-19 04:49:24', '2025-04-19 04:49:24'),
(157, 188, 1, 'Edge court environment must.', '2023-06-06', '2025-04-19 04:49:24', '2025-04-19 04:49:24'),
(158, 707, 1, 'Onto significant sure evening together.', '2023-01-24', '2025-04-19 04:49:24', '2025-04-19 04:49:24'),
(159, 292, 2, 'Strategy clearly sell.', '2023-11-10', '2025-04-19 04:49:24', '2025-04-19 04:49:24'),
(160, 260, 5, 'According system its.', '2023-04-22', '2025-04-19 04:49:24', '2025-04-19 04:49:24'),
(161, 815, 1, 'Traditional home your bring woman hit.', '2023-05-25', '2025-04-19 04:49:24', '2025-04-19 04:49:24'),
(162, 751, 4, 'Avoid property sport friend wide.', '2023-09-19', '2025-04-19 04:49:24', '2025-04-19 04:49:24'),
(163, 940, 5, 'Answer at month.', '2023-12-25', '2025-04-19 04:49:24', '2025-04-19 04:49:24'),
(164, 887, 1, 'Possible bag picture available scene approach imagine concern.', '2023-02-16', '2025-04-19 04:49:24', '2025-04-19 04:49:24'),
(165, 483, 5, 'Miss the we politics phone anyone happy point.', '2023-08-17', '2025-04-19 04:49:24', '2025-04-19 04:49:24'),
(166, 158, 4, 'Admit manager kind example class.', '2023-10-29', '2025-04-19 04:49:24', '2025-04-19 04:49:24'),
(167, 625, 5, 'Those rise several in candidate case affect.', '2023-11-10', '2025-04-19 04:49:24', '2025-04-19 04:49:24'),
(168, 285, 5, 'Second man personal listen.', '2023-12-20', '2025-04-19 04:49:24', '2025-04-19 04:49:24'),
(169, 540, 1, 'Type word not usually at sing.', '2023-11-30', '2025-04-19 04:49:24', '2025-04-19 04:49:24'),
(170, 165, 5, 'However model move.', '2023-12-24', '2025-04-19 04:49:24', '2025-04-19 04:49:24'),
(171, 204, 1, 'Wife cup law become.', '2023-10-09', '2025-04-19 04:49:24', '2025-04-19 04:49:24'),
(172, 21, 1, 'West fire resource commercial.', '2023-04-23', '2025-04-19 04:49:24', '2025-04-19 04:49:24'),
(173, 897, 4, 'Trouble husband level until less daughter.', '2023-08-05', '2025-04-19 04:49:24', '2025-04-19 04:49:24'),
(174, 420, 1, 'Question bad clear here.', '2023-12-19', '2025-04-19 04:49:24', '2025-04-19 04:49:24'),
(175, 764, 2, 'Seek draw message prove car.', '2023-12-28', '2025-04-19 04:49:24', '2025-04-19 04:49:24'),
(176, 3, 1, 'National with heavy couple language through nation.', '2023-01-03', '2025-04-19 04:49:24', '2025-04-19 04:49:24'),
(177, 357, 2, 'Enough any which ten follow.', '2023-03-24', '2025-04-19 04:49:24', '2025-04-19 04:49:24'),
(178, 553, 3, 'Ten family amount stage.', '2023-04-10', '2025-04-19 04:49:24', '2025-04-19 04:49:24'),
(179, 558, 4, 'Every yet door daughter economic big.', '2023-04-07', '2025-04-19 04:49:24', '2025-04-19 04:49:24'),
(180, 894, 1, 'Move until toward scientist matter message trip.', '2023-01-02', '2025-04-19 04:49:24', '2025-04-19 04:49:24'),
(181, 330, 1, 'Add claim begin man.', '2023-06-17', '2025-04-19 04:49:24', '2025-04-19 04:49:24'),
(182, 830, 2, 'Movie consumer pick end us information occur future.', '2023-05-19', '2025-04-19 04:49:24', '2025-04-19 04:49:24'),
(183, 251, 5, 'Six rather just serious term discuss state.', '2023-05-01', '2025-04-19 04:49:24', '2025-04-19 04:49:24'),
(184, 564, 1, 'Theory summer concern race five.', '2023-07-01', '2025-04-19 04:49:24', '2025-04-19 04:49:24'),
(185, 567, 2, 'Full occur last.', '2023-08-02', '2025-04-19 04:49:24', '2025-04-19 04:49:24'),
(186, 863, 5, 'Manage reflect name.', '2023-03-29', '2025-04-19 04:49:24', '2025-04-19 04:49:24'),
(187, 676, 5, 'Idea until budget long article team.', '2023-11-10', '2025-04-19 04:49:24', '2025-04-19 04:49:24'),
(188, 64, 1, 'Door if sister chair society half able.', '2023-08-19', '2025-04-19 04:49:24', '2025-04-19 04:49:24'),
(189, 408, 5, 'Century probably color difference glass purpose beat.', '2023-12-24', '2025-04-19 04:49:24', '2025-04-19 04:49:24'),
(190, 443, 2, 'Quickly process address friend writer view.', '2023-08-23', '2025-04-19 04:49:24', '2025-04-19 04:49:24'),
(191, 775, 4, 'If change authority prepare view.', '2023-05-05', '2025-04-19 04:49:24', '2025-04-19 04:49:24'),
(192, 879, 2, 'Word catch nothing why.', '2023-04-01', '2025-04-19 04:49:24', '2025-04-19 04:49:24'),
(193, 865, 5, 'Western newspaper move radio dog perhaps my situation.', '2023-04-16', '2025-04-19 04:49:24', '2025-04-19 04:49:24'),
(194, 904, 5, 'Well camera truth.', '2023-11-09', '2025-04-19 04:49:24', '2025-04-19 04:49:24'),
(195, 915, 4, 'Sometimes week reality discover success item.', '2023-12-11', '2025-04-19 04:49:24', '2025-04-19 04:49:24'),
(196, 809, 2, 'Respond economy why possible fear paper suffer particular.', '2023-04-20', '2025-04-19 04:49:24', '2025-04-19 04:49:24'),
(197, 835, 4, 'Picture positive exist later nation leader special.', '2023-07-28', '2025-04-19 04:49:24', '2025-04-19 04:49:24'),
(198, 922, 1, 'Receive kid ground.', '2023-09-16', '2025-04-19 04:49:24', '2025-04-19 04:49:24'),
(199, 345, 1, 'Dog name language local.', '2023-11-20', '2025-04-19 04:49:24', '2025-04-19 04:49:24'),
(200, 987, 5, 'Shoulder prevent ago past ever sister white.', '2023-07-26', '2025-04-19 04:49:24', '2025-04-19 04:49:24'),
(201, 182, 4, 'Rest professional left particular.', '2023-08-21', '2025-04-19 04:49:24', '2025-04-19 04:49:24'),
(202, 108, 2, 'His change perhaps trip media responsibility child.', '2023-08-11', '2025-04-19 04:49:24', '2025-04-19 04:49:24'),
(203, 566, 3, 'Floor officer management seek.', '2023-02-25', '2025-04-19 04:49:24', '2025-04-19 04:49:24'),
(204, 1, 1, 'Five modern human control personal down appear.', '2023-04-08', '2025-04-19 04:49:24', '2025-04-19 04:49:24'),
(205, 159, 5, 'Third professional test sense hope.', '2023-03-22', '2025-04-19 04:49:24', '2025-04-19 04:49:24'),
(206, 206, 2, 'Forward lead although pull collection tonight compare second.', '2023-11-08', '2025-04-19 04:49:24', '2025-04-19 04:49:24'),
(207, 157, 1, 'Environmental consumer model leave hour cell.', '2023-12-11', '2025-04-19 04:49:24', '2025-04-19 04:49:24'),
(208, 554, 5, 'Family point plant card mouth office especially hot.', '2023-04-25', '2025-04-19 04:49:24', '2025-04-19 04:49:24'),
(209, 358, 2, 'Term create whether type various.', '2023-08-25', '2025-04-19 04:49:24', '2025-04-19 04:49:24'),
(210, 755, 5, 'If end range trouble cost seven.', '2023-02-02', '2025-04-19 04:49:24', '2025-04-19 04:49:24'),
(211, 542, 4, 'Concern war home why commercial watch develop.', '2023-06-16', '2025-04-19 04:49:24', '2025-04-19 04:49:24'),
(212, 726, 1, 'Gas part rather bill team.', '2023-07-27', '2025-04-19 04:49:24', '2025-04-19 04:49:24'),
(213, 976, 4, 'Blood represent hard agent position million what.', '2023-09-10', '2025-04-19 04:49:24', '2025-04-19 04:49:24'),
(214, 395, 1, 'Food particular series significant expert energy account.', '2023-11-30', '2025-04-19 04:49:24', '2025-04-19 04:49:24'),
(215, 45, 4, 'Physical build push mention officer.', '2023-11-19', '2025-04-19 04:49:24', '2025-04-19 04:49:24'),
(216, 741, 3, 'Trial out close current.', '2023-10-25', '2025-04-19 04:49:24', '2025-04-19 04:49:24'),
(217, 172, 1, 'Old especially also stuff decision film.', '2023-11-22', '2025-04-19 04:49:24', '2025-04-19 04:49:24'),
(218, 921, 5, 'Family blue still dark describe community.', '2023-09-25', '2025-04-19 04:49:24', '2025-04-19 04:49:24'),
(219, 103, 3, 'Though stage live suffer modern draw international surface.', '2023-05-07', '2025-04-19 04:49:24', '2025-04-19 04:49:24'),
(220, 789, 1, 'Administration per well.', '2023-11-15', '2025-04-19 04:49:24', '2025-04-19 04:49:24'),
(221, 131, 4, 'Recent poor board wear.', '2023-11-07', '2025-04-19 04:49:24', '2025-04-19 04:49:24'),
(222, 456, 4, 'Along government lead past.', '2023-03-01', '2025-04-19 04:49:24', '2025-04-19 04:49:24'),
(223, 472, 5, 'Receive model no painting.', '2023-12-22', '2025-04-19 04:49:24', '2025-04-19 04:49:24'),
(224, 114, 3, 'Serious according guess dog.', '2023-10-31', '2025-04-19 04:49:24', '2025-04-19 04:49:24'),
(225, 430, 5, 'Money task give clear carry former speak.', '2023-10-01', '2025-04-19 04:49:24', '2025-04-19 04:49:24'),
(226, 659, 2, 'Indicate western tell on indeed senior.', '2023-10-05', '2025-04-19 04:49:24', '2025-04-19 04:49:24'),
(227, 710, 3, 'Kind fear cold manage full front scientist.', '2023-06-29', '2025-04-19 04:49:24', '2025-04-19 04:49:24'),
(228, 677, 4, 'Must fund open who someone.', '2023-04-02', '2025-04-19 04:49:24', '2025-04-19 04:49:24'),
(229, 753, 1, 'Skin success explain maybe fight pass.', '2023-03-19', '2025-04-19 04:49:24', '2025-04-19 04:49:24'),
(230, 719, 4, 'Whose speech into forward.', '2023-07-12', '2025-04-19 04:49:24', '2025-04-19 04:49:24'),
(231, 378, 4, 'Usually according always choose.', '2023-10-01', '2025-04-19 04:49:24', '2025-04-19 04:49:24'),
(232, 394, 2, 'Head director positive discussion when.', '2023-11-10', '2025-04-19 04:49:24', '2025-04-19 04:49:24'),
(233, 891, 3, 'Poor stay yard break.', '2023-10-22', '2025-04-19 04:49:24', '2025-04-19 04:49:24'),
(234, 850, 1, 'Than attorney accept future almost daughter.', '2023-03-12', '2025-04-19 04:49:24', '2025-04-19 04:49:24'),
(235, 332, 4, 'New consider beyond field surface modern.', '2023-04-15', '2025-04-19 04:49:24', '2025-04-19 04:49:24'),
(236, 316, 5, 'History people respond century white real.', '2023-09-17', '2025-04-19 04:49:24', '2025-04-19 04:49:24'),
(237, 608, 5, 'Institution together small rest fall.', '2023-03-25', '2025-04-19 04:49:24', '2025-04-19 04:49:24'),
(238, 352, 3, 'Change according hand middle school cold.', '2023-04-25', '2025-04-19 04:49:24', '2025-04-19 04:49:24'),
(239, 617, 3, 'Explain wear attorney despite spend remain.', '2023-12-10', '2025-04-19 04:49:24', '2025-04-19 04:49:24'),
(240, 446, 1, 'Say couple as customer.', '2023-08-16', '2025-04-19 04:49:24', '2025-04-19 04:49:24'),
(241, 756, 3, 'These population phone perhaps.', '2023-03-11', '2025-04-19 04:49:24', '2025-04-19 04:49:24'),
(242, 594, 5, 'Help account bed each.', '2023-01-12', '2025-04-19 04:49:24', '2025-04-19 04:49:24'),
(243, 456, 3, 'Majority daughter need generation mouth.', '2023-11-18', '2025-04-19 04:49:24', '2025-04-19 04:49:24'),
(244, 487, 2, 'Identify relationship professor computer Congress glass less.', '2023-11-13', '2025-04-19 04:49:24', '2025-04-19 04:49:24'),
(245, 422, 4, 'Section guy physical low her.', '2023-10-30', '2025-04-19 04:49:24', '2025-04-19 04:49:24'),
(246, 312, 1, 'Walk foot peace memory simply prove law.', '2023-08-13', '2025-04-19 04:49:24', '2025-04-19 04:49:24'),
(247, 588, 5, 'Drop bill apply than responsibility whether population.', '2023-07-22', '2025-04-19 04:49:24', '2025-04-19 04:49:24'),
(248, 497, 1, 'As reach cup skin.', '2023-10-15', '2025-04-19 04:49:24', '2025-04-19 04:49:24'),
(249, 4, 5, 'Understand pretty whom what unit.', '2023-11-01', '2025-04-19 04:49:24', '2025-04-19 04:49:24'),
(250, 469, 3, 'Consider choice western travel degree in.', '2023-12-18', '2025-04-19 04:49:24', '2025-04-19 04:49:24'),
(251, 697, 4, 'Western run son price.', '2023-05-11', '2025-04-19 04:49:24', '2025-04-19 04:49:24'),
(252, 573, 3, 'Away field network century to foot hair who.', '2023-12-18', '2025-04-19 04:49:24', '2025-04-19 04:49:24'),
(253, 633, 5, 'Talk music floor vote environment business right.', '2023-05-26', '2025-04-19 04:49:24', '2025-04-19 04:49:24'),
(254, 416, 3, 'Say think despite space face walk number.', '2023-02-08', '2025-04-19 04:49:24', '2025-04-19 04:49:24'),
(255, 977, 5, 'Tend officer well marriage resource.', '2023-04-10', '2025-04-19 04:49:24', '2025-04-19 04:49:24'),
(256, 822, 5, 'Congress land station team.', '2023-09-16', '2025-04-19 04:49:24', '2025-04-19 04:49:24'),
(257, 868, 3, 'Able number key class former project.', '2023-02-27', '2025-04-19 04:49:24', '2025-04-19 04:49:24'),
(258, 421, 4, 'Life money marriage both make time force often.', '2023-05-05', '2025-04-19 04:49:24', '2025-04-19 04:49:24'),
(259, 296, 4, 'Watch million candidate agreement push will care.', '2023-09-23', '2025-04-19 04:49:24', '2025-04-19 04:49:24'),
(260, 967, 3, 'However so television nature community third.', '2023-04-16', '2025-04-19 04:49:24', '2025-04-19 04:49:24'),
(261, 409, 5, 'Set major specific rather letter.', '2023-10-02', '2025-04-19 04:49:24', '2025-04-19 04:49:24'),
(262, 828, 5, 'Media notice glass decision science relate head.', '2023-02-24', '2025-04-19 04:49:24', '2025-04-19 04:49:24'),
(263, 390, 3, 'Group door movement under sometimes two so.', '2023-10-27', '2025-04-19 04:49:24', '2025-04-19 04:49:24'),
(264, 547, 1, 'Dark everything few.', '2023-05-16', '2025-04-19 04:49:24', '2025-04-19 04:49:24'),
(265, 297, 3, 'Population spring talk off body at.', '2023-01-06', '2025-04-19 04:49:24', '2025-04-19 04:49:24'),
(266, 812, 5, 'West the now up.', '2023-03-27', '2025-04-19 04:49:24', '2025-04-19 04:49:24'),
(267, 679, 5, 'Age chance officer single.', '2023-07-21', '2025-04-19 04:49:24', '2025-04-19 04:49:24'),
(268, 897, 1, 'See professional begin current everyone test memory arm.', '2023-06-17', '2025-04-19 04:49:24', '2025-04-19 04:49:24'),
(269, 989, 2, 'Treatment office yeah bar rather.', '2023-03-02', '2025-04-19 04:49:24', '2025-04-19 04:49:24'),
(270, 856, 1, 'Behavior whose certain any character charge debate.', '2023-03-25', '2025-04-19 04:49:24', '2025-04-19 04:49:24'),
(271, 409, 2, 'Term under whether improve.', '2023-08-23', '2025-04-19 04:49:24', '2025-04-19 04:49:24'),
(272, 41, 4, 'Apply paper second become.', '2023-07-24', '2025-04-19 04:49:24', '2025-04-19 04:49:24'),
(273, 297, 5, 'Him bit tree among.', '2023-11-05', '2025-04-19 04:49:24', '2025-04-19 04:49:24'),
(274, 924, 1, 'Return land rich product understand service usually cup.', '2023-01-10', '2025-04-19 04:49:24', '2025-04-19 04:49:24'),
(275, 861, 5, 'Section degree family court herself decade add condition.', '2023-04-02', '2025-04-19 04:49:24', '2025-04-19 04:49:24'),
(276, 278, 5, 'Since billion share example beyond.', '2023-05-10', '2025-04-19 04:49:24', '2025-04-19 04:49:24'),
(277, 368, 5, 'Age next house modern two.', '2023-02-23', '2025-04-19 04:49:24', '2025-04-19 04:49:24'),
(278, 789, 2, 'Office force care.', '2023-01-01', '2025-04-19 04:49:24', '2025-04-19 04:49:24'),
(279, 570, 5, 'Expert can style option red happen whose return.', '2023-10-21', '2025-04-19 04:49:24', '2025-04-19 04:49:24'),
(280, 569, 2, 'Special save ability us.', '2023-12-07', '2025-04-19 04:49:24', '2025-04-19 04:49:24'),
(281, 824, 1, 'Other campaign reason market admit best why.', '2023-06-18', '2025-04-19 04:49:24', '2025-04-19 04:49:24'),
(282, 495, 3, 'Center course very near.', '2023-12-08', '2025-04-19 04:49:24', '2025-04-19 04:49:24'),
(283, 835, 5, 'Happen film under deep agree walk thousand.', '2023-10-10', '2025-04-19 04:49:24', '2025-04-19 04:49:24'),
(284, 243, 5, 'Agent wrong us institution.', '2023-11-01', '2025-04-19 04:49:24', '2025-04-19 04:49:24'),
(285, 755, 4, 'Pass look newspaper everyone coach people.', '2023-05-15', '2025-04-19 04:49:24', '2025-04-19 04:49:24'),
(286, 854, 1, 'Responsibility who issue technology against direction.', '2023-10-11', '2025-04-19 04:49:24', '2025-04-19 04:49:24'),
(287, 356, 4, 'Team most war blood.', '2023-05-02', '2025-04-19 04:49:24', '2025-04-19 04:49:24'),
(288, 15, 2, 'End tell still range politics develop.', '2023-08-17', '2025-04-19 04:49:24', '2025-04-19 04:49:24'),
(289, 808, 3, 'Allow around admit guy toward.', '2023-01-07', '2025-04-19 04:49:24', '2025-04-19 04:49:24'),
(290, 49, 1, 'North shoulder later institution skin performance he.', '2023-04-19', '2025-04-19 04:49:24', '2025-04-19 04:49:24'),
(291, 48, 3, 'Quality your head interesting common early look blood.', '2023-07-19', '2025-04-19 04:49:24', '2025-04-19 04:49:24'),
(292, 779, 4, 'Left able analysis arrive budget.', '2023-02-22', '2025-04-19 04:49:24', '2025-04-19 04:49:24'),
(293, 607, 5, 'But debate south say include discover last.', '2023-07-02', '2025-04-19 04:49:24', '2025-04-19 04:49:24'),
(294, 661, 2, 'Shake bed class might name.', '2023-01-09', '2025-04-19 04:49:24', '2025-04-19 04:49:24'),
(295, 934, 3, 'Best risk hand blue or than board.', '2023-07-18', '2025-04-19 04:49:24', '2025-04-19 04:49:24'),
(296, 300, 1, 'Region less crime amount laugh east.', '2023-10-13', '2025-04-19 04:49:24', '2025-04-19 04:49:24'),
(297, 268, 5, 'Republican forward why spend explain wide west.', '2023-04-09', '2025-04-19 04:49:24', '2025-04-19 04:49:24'),
(298, 846, 4, 'Feel song company region agent north consider.', '2023-10-05', '2025-04-19 04:49:24', '2025-04-19 04:49:24'),
(299, 681, 3, 'Teacher put land region other many daughter.', '2023-08-10', '2025-04-19 04:49:24', '2025-04-19 04:49:24'),
(300, 460, 5, 'Accept current provide the customer I state.', '2023-01-27', '2025-04-19 04:49:24', '2025-04-19 04:49:24');

-- maintenances
INSERT INTO maintenances (maintenance_id, room_id, maintenance_type, description, request_date, completion_date, status, cost, created_at, updated_at) VALUES
(1, 154, 'Plumbing', 'Image case answer free knowledge.', '2023-07-12', '2024-01-25', 'In Progress', 124.4, '2025-04-19 04:49:24', '2025-04-19 04:49:24'),
(2, 282, 'Electrical', 'Until relate hour large friend bag.', '2023-11-17', '2024-01-18', 'Completed', 170.51, '2025-04-19 04:49:24', '2025-04-19 04:49:24'),
(3, 299, 'Electrical', 'City north role act alone view.', '2023-07-19', '2023-12-03', 'Completed', 274.91, '2025-04-19 04:49:24', '2025-04-19 04:49:24'),
(4, 154, 'Electrical', 'Blue management record room program outside.', '2023-07-16', '2024-01-25', 'Completed', 218.53, '2025-04-19 04:49:24', '2025-04-19 04:49:24'),
(5, 200, 'Plumbing', 'Between bar beyond single walk.', '2023-03-04', '2023-12-24', 'In Progress', 197.01, '2025-04-19 04:49:24', '2025-04-19 04:49:24'),
(6, 183, 'Cleaning', 'Over rather central south.', '2023-05-26', '2024-01-12', 'Pending', 278.04, '2025-04-19 04:49:24', '2025-04-19 04:49:24'),
(7, 250, 'Electrical', 'Radio approach reflect collection agency response.', '2023-11-09', '2023-12-09', 'Completed', 37.82, '2025-04-19 04:49:24', '2025-04-19 04:49:24'),
(8, 2, 'Electrical', 'Try fire turn environmental wait radio.', '2023-01-07', '2024-01-31', 'Pending', 271.32, '2025-04-19 04:49:24', '2025-04-19 04:49:24'),
(9, 40, 'Cleaning', 'Throw project consider.', '2023-02-18', '2023-12-27', 'In Progress', 174.51, '2025-04-19 04:49:24', '2025-04-19 04:49:24'),
(10, 331, 'Electrical', 'Size tonight ground while action teacher.', '2023-02-20', '2023-12-16', 'Completed', 254.58, '2025-04-19 04:49:24', '2025-04-19 04:49:24'),
(11, 342, 'Electrical', 'Bad book Democrat.', '2023-07-17', '2024-01-15', 'Pending', 217.47, '2025-04-19 04:49:24', '2025-04-19 04:49:24'),
(12, 131, 'Cleaning', 'Trade get something rather.', '2023-04-15', '2024-01-15', 'Completed', 247.04, '2025-04-19 04:49:24', '2025-04-19 04:49:24'),
(13, 148, 'Plumbing', 'Employee plant pay allow executive what manage share.', '2023-03-07', '2024-01-08', 'In Progress', 260.64, '2025-04-19 04:49:24', '2025-04-19 04:49:24'),
(14, 275, 'Electrical', 'Suddenly less nearly us remain.', '2023-05-28', '2024-01-13', 'In Progress', 299.14, '2025-04-19 04:49:24', '2025-04-19 04:49:24'),
(15, 104, 'Plumbing', 'Purpose popular tree project stop answer work explain.', '2023-03-19', '2023-12-29', 'In Progress', 117.41, '2025-04-19 04:49:24', '2025-04-19 04:49:24'),
(16, 384, 'Plumbing', 'Democratic fight return data today budget everyone call.', '2023-10-22', '2024-01-17', 'In Progress', 183.84, '2025-04-19 04:49:24', '2025-04-19 04:49:24'),
(17, 363, 'Plumbing', 'There into media.', '2023-03-01', '2024-01-06', 'Pending', 136.37, '2025-04-19 04:49:24', '2025-04-19 04:49:24'),
(18, 232, 'Electrical', 'Ask myself phone travel western.', '2023-03-05', '2024-01-09', 'In Progress', 125.72, '2025-04-19 04:49:24', '2025-04-19 04:49:24'),
(19, 213, 'Electrical', 'They pattern company nation get seek.', '2023-08-11', '2024-01-31', 'Pending', 20.42, '2025-04-19 04:49:24', '2025-04-19 04:49:24'),
(20, 161, 'Cleaning', 'Rather future animal hold almost imagine.', '2023-07-21', '2024-01-29', 'Pending', 97.81, '2025-04-19 04:49:24', '2025-04-19 04:49:24'),
(21, 17, 'Plumbing', 'Notice officer popular huge investment trial station.', '2023-03-07', '2023-12-10', 'In Progress', 215.71, '2025-04-19 04:49:24', '2025-04-19 04:49:24'),
(22, 113, 'Electrical', 'Available hit keep enjoy.', '2023-11-11', '2024-01-08', 'In Progress', 31.09, '2025-04-19 04:49:24', '2025-04-19 04:49:24'),
(23, 107, 'Cleaning', 'You may reason by threat.', '2023-08-13', '2023-12-29', 'In Progress', 81.8, '2025-04-19 04:49:24', '2025-04-19 04:49:24'),
(24, 216, 'Electrical', 'Production now eye ok white.', '2023-07-03', '2024-01-10', 'In Progress', 24.52, '2025-04-19 04:49:24', '2025-04-19 04:49:24'),
(25, 243, 'Electrical', 'Technology after hotel learn serve suffer.', '2023-11-11', '2023-12-06', 'Completed', 61.92, '2025-04-19 04:49:24', '2025-04-19 04:49:24'),
(26, 156, 'Electrical', 'Foreign design plan stock authority defense.', '2023-07-26', '2023-12-09', 'Completed', 102.25, '2025-04-19 04:49:24', '2025-04-19 04:49:24'),
(27, 316, 'Plumbing', 'Finish candidate hospital experience least effort.', '2023-04-19', '2023-12-17', 'Completed', 37.55, '2025-04-19 04:49:24', '2025-04-19 04:49:24'),
(28, 156, 'Electrical', 'Article cost water reflect change smile film task.', '2023-07-04', '2023-12-29', 'Completed', 59.23, '2025-04-19 04:49:24', '2025-04-19 04:49:24'),
(29, 193, 'Plumbing', 'Address skin number poor.', '2023-02-26', '2024-01-06', 'Completed', 88.97, '2025-04-19 04:49:24', '2025-04-19 04:49:24'),
(30, 385, 'Plumbing', 'Stuff another each PM where new.', '2023-07-14', '2023-12-15', 'Pending', 178.93, '2025-04-19 04:49:24', '2025-04-19 04:49:24'),
(31, 385, 'Electrical', 'Member drug charge total because hotel.', '2023-11-26', '2023-12-26', 'In Progress', 197.44, '2025-04-19 04:49:24', '2025-04-19 04:49:24'),
(32, 183, 'Cleaning', 'Some pattern according to free.', '2023-03-22', '2024-01-11', 'Pending', 156.07, '2025-04-19 04:49:24', '2025-04-19 04:49:24'),
(33, 225, 'Electrical', 'Free theory none so myself follow not.', '2023-05-15', '2024-01-22', 'Pending', 103.62, '2025-04-19 04:49:24', '2025-04-19 04:49:24'),
(34, 24, 'Plumbing', 'Because order order interest.', '2023-04-21', '2024-01-30', 'In Progress', 110.55, '2025-04-19 04:49:24', '2025-04-19 04:49:24'),
(35, 92, 'Cleaning', 'House discuss successful industry.', '2023-06-21', '2023-12-23', 'Pending', 224.01, '2025-04-19 04:49:24', '2025-04-19 04:49:24'),
(36, 107, 'Electrical', 'Something those center have.', '2023-05-28', '2024-01-30', 'In Progress', 91.63, '2025-04-19 04:49:24', '2025-04-19 04:49:24'),
(37, 282, 'Electrical', 'Cost eight work three reason call traditional.', '2023-09-04', '2023-12-11', 'Pending', 169.36, '2025-04-19 04:49:24', '2025-04-19 04:49:24'),
(38, 275, 'Plumbing', 'Before general class require.', '2023-10-21', '2023-12-02', 'Completed', 151.27, '2025-04-19 04:49:24', '2025-04-19 04:49:24'),
(39, 124, 'Plumbing', 'Accept country red collection positive part produce.', '2023-02-03', '2023-12-18', 'Completed', 97.28, '2025-04-19 04:49:24', '2025-04-19 04:49:24'),
(40, 375, 'Cleaning', 'Good travel size mission.', '2023-02-12', '2023-12-25', 'In Progress', 155.02, '2025-04-19 04:49:24', '2025-04-19 04:49:24'),
(41, 298, 'Plumbing', 'Reveal rather not its significant me deep.', '2023-03-18', '2023-12-24', 'Pending', 52.05, '2025-04-19 04:49:24', '2025-04-19 04:49:24'),
(42, 357, 'Cleaning', 'Forward nearly room thing notice less.', '2023-08-23', '2024-01-04', 'In Progress', 150.64, '2025-04-19 04:49:24', '2025-04-19 04:49:24'),
(43, 163, 'Plumbing', 'Cold real high might remember seek significant.', '2023-02-02', '2023-12-10', 'In Progress', 22.26, '2025-04-19 04:49:24', '2025-04-19 04:49:24'),
(44, 8, 'Cleaning', 'Long she record teach attack.', '2023-06-14', '2023-12-20', 'Pending', 143.43, '2025-04-19 04:49:24', '2025-04-19 04:49:24'),
(45, 334, 'Electrical', 'Participant choice training look common meeting.', '2023-08-06', '2023-12-08', 'In Progress', 74.41, '2025-04-19 04:49:24', '2025-04-19 04:49:24'),
(46, 358, 'Cleaning', 'Which financial apply benefit method collection.', '2023-07-11', '2024-01-03', 'Pending', 36.74, '2025-04-19 04:49:24', '2025-04-19 04:49:24'),
(47, 371, 'Cleaning', 'Class approach necessary past Mr personal stuff.', '2023-10-02', '2024-01-01', 'Pending', 44.02, '2025-04-19 04:49:24', '2025-04-19 04:49:24'),
(48, 106, 'Cleaning', 'Career watch arrive become everything.', '2023-02-13', '2023-12-22', 'Pending', 282.73, '2025-04-19 04:49:24', '2025-04-19 04:49:24'),
(49, 129, 'Plumbing', 'Pressure room under team security.', '2023-08-10', '2024-01-01', 'In Progress', 135.51, '2025-04-19 04:49:24', '2025-04-19 04:49:24'),
(50, 324, 'Plumbing', 'Instead well growth own.', '2023-01-08', '2024-01-02', 'In Progress', 41.73, '2025-04-19 04:49:24', '2025-04-19 04:49:24'),
(51, 234, 'Plumbing', 'Red pull save same camera.', '2023-01-24', '2024-01-10', 'In Progress', 133.51, '2025-04-19 04:49:24', '2025-04-19 04:49:24'),
(52, 269, 'Electrical', 'Without everybody research chance system.', '2023-08-05', '2023-12-21', 'Pending', 112.59, '2025-04-19 04:49:24', '2025-04-19 04:49:24'),
(53, 233, 'Plumbing', 'Response marriage sure camera.', '2023-07-28', '2024-01-12', 'In Progress', 202.48, '2025-04-19 04:49:24', '2025-04-19 04:49:24'),
(54, 2, 'Plumbing', 'During responsibility among since.', '2023-08-08', '2024-01-23', 'In Progress', 203.83, '2025-04-19 04:49:24', '2025-04-19 04:49:24'),
(55, 126, 'Cleaning', 'Me individual though imagine.', '2023-02-06', '2023-12-25', 'Completed', 70.18, '2025-04-19 04:49:24', '2025-04-19 04:49:24'),
(56, 381, 'Plumbing', 'Culture radio station general soldier discuss.', '2023-01-07', '2023-12-27', 'Pending', 34.78, '2025-04-19 04:49:24', '2025-04-19 04:49:24'),
(57, 100, 'Plumbing', 'Lead green total benefit Mr car.', '2023-04-05', '2024-01-03', 'Completed', 264.8, '2025-04-19 04:49:24', '2025-04-19 04:49:24'),
(58, 332, 'Cleaning', 'Raise prepare wrong bed.', '2023-06-21', '2024-01-29', 'In Progress', 25.28, '2025-04-19 04:49:24', '2025-04-19 04:49:24'),
(59, 168, 'Plumbing', 'Like her part team.', '2023-03-28', '2023-12-20', 'In Progress', 46.76, '2025-04-19 04:49:24', '2025-04-19 04:49:24'),
(60, 149, 'Plumbing', 'Old what design want.', '2023-01-14', '2023-12-27', 'Completed', 154.51, '2025-04-19 04:49:24', '2025-04-19 04:49:24'),
(61, 53, 'Electrical', 'Enough success score.', '2023-02-08', '2023-12-18', 'Completed', 226.79, '2025-04-19 04:49:24', '2025-04-19 04:49:24'),
(62, 290, 'Plumbing', 'At hit class nothing soon.', '2023-01-10', '2023-12-08', 'Completed', 138.84, '2025-04-19 04:49:24', '2025-04-19 04:49:24'),
(63, 128, 'Plumbing', 'Voice information add argue image.', '2023-09-23', '2023-12-11', 'Pending', 57.99, '2025-04-19 04:49:24', '2025-04-19 04:49:24'),
(64, 70, 'Electrical', 'Why individual wide hotel west theory.', '2023-01-20', '2023-12-04', 'Completed', 84.99, '2025-04-19 04:49:24', '2025-04-19 04:49:24'),
(65, 301, 'Plumbing', 'Himself red upon.', '2023-04-05', '2024-01-13', 'Pending', 33.21, '2025-04-19 04:49:24', '2025-04-19 04:49:24'),
(66, 194, 'Plumbing', 'Now sound gun art.', '2023-01-15', '2023-12-08', 'In Progress', 226.96, '2025-04-19 04:49:24', '2025-04-19 04:49:24'),
(67, 388, 'Plumbing', 'Expert several effort prevent kid issue woman range.', '2023-02-08', '2023-12-09', 'Pending', 91.69, '2025-04-19 04:49:24', '2025-04-19 04:49:24'),
(68, 158, 'Plumbing', 'Show response nothing gas few page cold couple.', '2023-04-25', '2024-01-07', 'Pending', 73.88, '2025-04-19 04:49:24', '2025-04-19 04:49:24'),
(69, 329, 'Plumbing', 'History its street because.', '2023-07-06', '2023-12-13', 'In Progress', 126.07, '2025-04-19 04:49:24', '2025-04-19 04:49:24'),
(70, 60, 'Plumbing', 'Eight skill program try.', '2023-03-23', '2023-12-17', 'In Progress', 187.36, '2025-04-19 04:49:24', '2025-04-19 04:49:24'),
(71, 172, 'Electrical', 'Wait never fly pull big method.', '2023-05-26', '2023-12-23', 'Pending', 80.64, '2025-04-19 04:49:24', '2025-04-19 04:49:24'),
(72, 96, 'Cleaning', 'Player western move manage worry wear pay.', '2023-07-24', '2023-12-21', 'Completed', 190.64, '2025-04-19 04:49:24', '2025-04-19 04:49:24'),
(73, 220, 'Plumbing', 'Us challenge drive find star be over radio.', '2023-03-30', '2023-12-18', 'In Progress', 163.36, '2025-04-19 04:49:24', '2025-04-19 04:49:24'),
(74, 220, 'Plumbing', 'Determine nice source thought result.', '2023-05-18', '2023-12-13', 'In Progress', 35.26, '2025-04-19 04:49:24', '2025-04-19 04:49:24'),
(75, 299, 'Electrical', 'Water wind cost hand arm.', '2023-05-07', '2023-12-29', 'Completed', 198.26, '2025-04-19 04:49:24', '2025-04-19 04:49:24'),
(76, 243, 'Cleaning', 'Door early we we alone ready back.', '2023-05-05', '2023-12-19', 'In Progress', 180.4, '2025-04-19 04:49:24', '2025-04-19 04:49:24'),
(77, 327, 'Cleaning', 'Summer more if hear responsibility have.', '2023-07-04', '2023-12-13', 'In Progress', 152.13, '2025-04-19 04:49:24', '2025-04-19 04:49:24'),
(78, 119, 'Electrical', 'Sing hospital ready push material somebody husband.', '2023-07-27', '2024-01-24', 'Pending', 113.69, '2025-04-19 04:49:24', '2025-04-19 04:49:24'),
(79, 91, 'Electrical', 'Return wall trouble friend current.', '2023-07-26', '2023-12-25', 'Completed', 177.56, '2025-04-19 04:49:24', '2025-04-19 04:49:24'),
(80, 34, 'Electrical', 'Job nor yard establish hit.', '2023-09-07', '2024-01-19', 'Completed', 288.92, '2025-04-19 04:49:24', '2025-04-19 04:49:24'),
(81, 190, 'Plumbing', 'Since him southern issue town call computer experience.', '2023-11-24', '2024-01-03', 'Pending', 193.48, '2025-04-19 04:49:24', '2025-04-19 04:49:24'),
(82, 214, 'Electrical', 'Movement traditional of.', '2023-06-03', '2023-12-08', 'Completed', 152.37, '2025-04-19 04:49:24', '2025-04-19 04:49:24'),
(83, 190, 'Plumbing', 'True fill beautiful game set other follow vote.', '2023-05-08', '2023-12-27', 'In Progress', 215.43, '2025-04-19 04:49:24', '2025-04-19 04:49:24'),
(84, 82, 'Electrical', 'High few land both two add thank.', '2023-08-15', '2024-01-20', 'Completed', 278.67, '2025-04-19 04:49:24', '2025-04-19 04:49:24'),
(85, 202, 'Electrical', 'Carry happy response would enter.', '2023-06-12', '2024-01-13', 'Pending', 114.66, '2025-04-19 04:49:24', '2025-04-19 04:49:24'),
(86, 288, 'Cleaning', 'Business sport apply property enter name.', '2023-07-28', '2023-12-10', 'In Progress', 266.59, '2025-04-19 04:49:24', '2025-04-19 04:49:24'),
(87, 296, 'Cleaning', 'Easy today wait staff feeling.', '2023-06-23', '2024-01-18', 'Pending', 63.15, '2025-04-19 04:49:24', '2025-04-19 04:49:24'),
(88, 104, 'Cleaning', 'Though degree special laugh include price.', '2023-07-18', '2024-01-02', 'In Progress', 62.21, '2025-04-19 04:49:24', '2025-04-19 04:49:24'),
(89, 53, 'Electrical', 'Difficult which quite adult move rather business.', '2023-09-01', '2023-12-07', 'Pending', 199.47, '2025-04-19 04:49:24', '2025-04-19 04:49:24'),
(90, 331, 'Cleaning', 'State turn center build happy near begin.', '2023-08-03', '2024-01-31', 'Pending', 228.59, '2025-04-19 04:49:24', '2025-04-19 04:49:24'),
(91, 281, 'Plumbing', 'Exactly choose guy wide evidence to item.', '2023-06-15', '2023-12-19', 'Pending', 283.25, '2025-04-19 04:49:24', '2025-04-19 04:49:24'),
(92, 147, 'Electrical', 'Something employee such practice quickly any market.', '2023-10-08', '2023-12-23', 'In Progress', 229.74, '2025-04-19 04:49:24', '2025-04-19 04:49:24'),
(93, 127, 'Cleaning', 'Thank value quality reality.', '2023-10-23', '2023-12-03', 'Completed', 239.74, '2025-04-19 04:49:24', '2025-04-19 04:49:24'),
(94, 202, 'Cleaning', 'Someone themselves star development know laugh.', '2023-10-03', '2023-12-11', 'Completed', 178.34, '2025-04-19 04:49:24', '2025-04-19 04:49:24'),
(95, 303, 'Cleaning', 'Involve radio image crime about everything artist.', '2023-05-02', '2024-01-10', 'In Progress', 230.57, '2025-04-19 04:49:24', '2025-04-19 04:49:24'),
(96, 389, 'Cleaning', 'Understand picture ground.', '2023-02-09', '2023-12-28', 'Pending', 119.26, '2025-04-19 04:49:24', '2025-04-19 04:49:24'),
(97, 115, 'Cleaning', 'Sport usually as until.', '2023-09-14', '2023-12-07', 'Pending', 130.22, '2025-04-19 04:49:24', '2025-04-19 04:49:24'),
(98, 264, 'Cleaning', 'For mind worker already TV low.', '2023-04-11', '2024-01-15', 'Completed', 44.75, '2025-04-19 04:49:24', '2025-04-19 04:49:24'),
(99, 126, 'Plumbing', 'Role assume control leg.', '2023-09-12', '2024-01-22', 'Pending', 152.72, '2025-04-19 04:49:24', '2025-04-19 04:49:24'),
(100, 195, 'Plumbing', 'Build ago feeling whose realize.', '2023-08-30', '2024-01-15', 'Pending', 237.0, '2025-04-19 04:49:24', '2025-04-19 04:49:24'),
(101, 396, 'Plumbing', 'Shoulder design huge south.', '2023-02-18', '2023-12-19', 'In Progress', 191.79, '2025-04-19 04:49:24', '2025-04-19 04:49:24'),
(102, 247, 'Cleaning', 'Manager clearly along business.', '2023-01-10', '2024-01-06', 'Pending', 128.25, '2025-04-19 04:49:24', '2025-04-19 04:49:24'),
(103, 141, 'Cleaning', 'Performance go child simply compare result.', '2023-04-17', '2023-12-09', 'Pending', 294.18, '2025-04-19 04:49:24', '2025-04-19 04:49:24'),
(104, 147, 'Electrical', 'Population offer piece machine early campaign health past.', '2023-04-11', '2024-01-08', 'Completed', 239.24, '2025-04-19 04:49:24', '2025-04-19 04:49:24'),
(105, 227, 'Electrical', 'Travel chance character really spring.', '2023-04-05', '2023-12-22', 'In Progress', 97.83, '2025-04-19 04:49:24', '2025-04-19 04:49:24'),
(106, 74, 'Cleaning', 'Record couple mission part ability.', '2023-10-24', '2024-01-24', 'In Progress', 66.05, '2025-04-19 04:49:24', '2025-04-19 04:49:24'),
(107, 360, 'Electrical', 'Table reality stock site develop government.', '2023-06-26', '2024-01-19', 'Completed', 77.43, '2025-04-19 04:49:24', '2025-04-19 04:49:24'),
(108, 98, 'Cleaning', 'Dinner interview medical will.', '2023-02-25', '2023-12-31', 'Pending', 229.45, '2025-04-19 04:49:24', '2025-04-19 04:49:24'),
(109, 300, 'Cleaning', 'However traditional necessary learn memory home marriage.', '2023-11-19', '2024-01-28', 'Completed', 23.18, '2025-04-19 04:49:24', '2025-04-19 04:49:24'),
(110, 203, 'Cleaning', 'Share southern stop customer.', '2023-05-15', '2024-01-03', 'In Progress', 42.38, '2025-04-19 04:49:24', '2025-04-19 04:49:24'),
(111, 342, 'Plumbing', 'Better man choose.', '2023-04-03', '2024-01-12', 'Completed', 216.7, '2025-04-19 04:49:24', '2025-04-19 04:49:24'),
(112, 197, 'Cleaning', 'Government suddenly statement network.', '2023-05-30', '2024-01-07', 'Completed', 44.76, '2025-04-19 04:49:24', '2025-04-19 04:49:24'),
(113, 210, 'Electrical', 'Question place consumer bed teacher program success.', '2023-01-14', '2023-12-28', 'In Progress', 268.92, '2025-04-19 04:49:24', '2025-04-19 04:49:24'),
(114, 115, 'Plumbing', 'Type seven move election I customer.', '2023-06-18', '2023-12-16', 'In Progress', 51.06, '2025-04-19 04:49:24', '2025-04-19 04:49:24'),
(115, 54, 'Electrical', 'Send capital decide wide describe real.', '2023-02-25', '2023-12-12', 'Completed', 239.87, '2025-04-19 04:49:24', '2025-04-19 04:49:24'),
(116, 293, 'Plumbing', 'Center claim Republican admit.', '2023-02-28', '2023-12-27', 'In Progress', 89.13, '2025-04-19 04:49:24', '2025-04-19 04:49:24'),
(117, 309, 'Electrical', 'Senior factor young get.', '2023-10-27', '2023-12-04', 'Pending', 74.51, '2025-04-19 04:49:24', '2025-04-19 04:49:24'),
(118, 119, 'Electrical', 'Child staff yard place contain safe government.', '2023-05-20', '2023-12-15', 'Completed', 276.94, '2025-04-19 04:49:24', '2025-04-19 04:49:24'),
(119, 215, 'Electrical', 'Help start peace year.', '2023-04-16', '2024-01-14', 'Completed', 169.37, '2025-04-19 04:49:24', '2025-04-19 04:49:24'),
(120, 52, 'Electrical', 'He any hope strategy player.', '2023-01-24', '2024-01-23', 'In Progress', 172.74, '2025-04-19 04:49:24', '2025-04-19 04:49:24'),
(121, 354, 'Electrical', 'Ten each talk boy area however society.', '2023-02-15', '2024-01-17', 'Pending', 287.4, '2025-04-19 04:49:24', '2025-04-19 04:49:24'),
(122, 223, 'Electrical', 'Bit door magazine firm task.', '2023-11-04', '2023-12-15', 'Pending', 40.7, '2025-04-19 04:49:24', '2025-04-19 04:49:24'),
(123, 129, 'Cleaning', 'Sign president food add process.', '2023-02-16', '2023-12-08', 'Completed', 22.92, '2025-04-19 04:49:24', '2025-04-19 04:49:24'),
(124, 145, 'Cleaning', 'Simple company produce meet expert.', '2023-10-30', '2024-01-13', 'In Progress', 43.25, '2025-04-19 04:49:24', '2025-04-19 04:49:24'),
(125, 13, 'Plumbing', 'Director stock list half as room.', '2023-06-09', '2024-01-12', 'Pending', 270.22, '2025-04-19 04:49:24', '2025-04-19 04:49:24'),
(126, 20, 'Plumbing', 'And five notice son view process happy.', '2023-09-29', '2024-01-06', 'Completed', 258.9, '2025-04-19 04:49:24', '2025-04-19 04:49:24'),
(127, 61, 'Electrical', 'Within environment back short pull form.', '2023-10-06', '2023-12-04', 'In Progress', 290.15, '2025-04-19 04:49:24', '2025-04-19 04:49:24'),
(128, 318, 'Cleaning', 'Admit value before result or.', '2023-01-21', '2023-12-17', 'Completed', 60.43, '2025-04-19 04:49:24', '2025-04-19 04:49:24'),
(129, 395, 'Plumbing', 'Opportunity late market source art.', '2023-05-13', '2024-01-03', 'In Progress', 281.67, '2025-04-19 04:49:24', '2025-04-19 04:49:24'),
(130, 155, 'Cleaning', 'Specific adult collection.', '2023-05-14', '2024-01-27', 'Pending', 299.0, '2025-04-19 04:49:24', '2025-04-19 04:49:24'),
(131, 108, 'Electrical', 'Project author term many.', '2023-04-12', '2023-12-06', 'Completed', 37.19, '2025-04-19 04:49:24', '2025-04-19 04:49:24'),
(132, 245, 'Cleaning', 'Rock bed film wait.', '2023-02-19', '2024-01-02', 'In Progress', 47.91, '2025-04-19 04:49:24', '2025-04-19 04:49:24'),
(133, 279, 'Electrical', 'During respond town per leg note law.', '2023-01-31', '2023-12-07', 'Completed', 240.42, '2025-04-19 04:49:24', '2025-04-19 04:49:24'),
(134, 51, 'Cleaning', 'Not model democratic.', '2023-02-14', '2024-01-21', 'Completed', 52.48, '2025-04-19 04:49:24', '2025-04-19 04:49:24'),
(135, 70, 'Cleaning', 'International throw discuss something.', '2023-02-20', '2024-01-08', 'In Progress', 106.64, '2025-04-19 04:49:24', '2025-04-19 04:49:24'),
(136, 9, 'Plumbing', 'Car present push agreement.', '2023-06-05', '2024-01-28', 'Completed', 207.32, '2025-04-19 04:49:24', '2025-04-19 04:49:24'),
(137, 3, 'Plumbing', 'Receive white movement little name good.', '2023-09-24', '2024-01-06', 'In Progress', 44.71, '2025-04-19 04:49:24', '2025-04-19 04:49:24'),
(138, 48, 'Plumbing', 'Wait rate too recognize final.', '2023-03-09', '2024-01-24', 'In Progress', 148.63, '2025-04-19 04:49:24', '2025-04-19 04:49:24'),
(139, 324, 'Electrical', 'Owner picture him final.', '2023-06-12', '2023-12-10', 'Completed', 281.49, '2025-04-19 04:49:24', '2025-04-19 04:49:24'),
(140, 39, 'Cleaning', 'West public size.', '2023-04-20', '2023-12-29', 'Completed', 257.76, '2025-04-19 04:49:24', '2025-04-19 04:49:24'),
(141, 189, 'Electrical', 'Consider by animal building attorney success.', '2023-07-14', '2023-12-20', 'Completed', 72.51, '2025-04-19 04:49:24', '2025-04-19 04:49:24'),
(142, 37, 'Plumbing', 'Main her year none lay TV.', '2023-10-11', '2024-01-21', 'Pending', 30.5, '2025-04-19 04:49:24', '2025-04-19 04:49:24'),
(143, 327, 'Electrical', 'According anyone cell why less fill name.', '2023-06-04', '2024-01-10', 'Pending', 204.13, '2025-04-19 04:49:24', '2025-04-19 04:49:24'),
(144, 195, 'Plumbing', 'Market fear language late finally wait.', '2023-10-23', '2023-12-20', 'Pending', 89.86, '2025-04-19 04:49:24', '2025-04-19 04:49:24'),
(145, 78, 'Plumbing', 'Staff history girl real almost teach.', '2023-06-28', '2023-12-20', 'Pending', 41.32, '2025-04-19 04:49:24', '2025-04-19 04:49:24'),
(146, 122, 'Plumbing', 'Age each fire.', '2023-06-21', '2023-12-15', 'Completed', 34.39, '2025-04-19 04:49:24', '2025-04-19 04:49:24'),
(147, 306, 'Cleaning', 'Like also school window north.', '2023-08-10', '2024-01-13', 'Pending', 128.79, '2025-04-19 04:49:24', '2025-04-19 04:49:24'),
(148, 209, 'Cleaning', 'Cost less bad third not group notice herself.', '2023-05-10', '2024-01-23', 'Completed', 114.4, '2025-04-19 04:49:24', '2025-04-19 04:49:24'),
(149, 166, 'Plumbing', 'Day reason order rest conference glass.', '2023-09-12', '2024-01-18', 'Completed', 270.16, '2025-04-19 04:49:24', '2025-04-19 04:49:24'),
(150, 2, 'Plumbing', 'More leg purpose interview.', '2023-11-21', '2023-12-25', 'Completed', 156.24, '2025-04-19 04:49:24', '2025-04-19 04:49:24');

-- hotel_chain_hotels
INSERT INTO hotel_chain_hotels (chain_id, hotel_id) VALUES
(1, 1), (2, 2), (3, 3), (4, 4), (5, 5),
(6, 6), (7, 7), (8, 8), (9, 9), (10, 10),
(11, 11), (12, 12), (13, 13), (14, 14), (15, 15),
(16, 16), (17, 17), (18, 18), (19, 19), (20, 20);

-- room_rate_discounts
INSERT INTO room_rate_discounts (discount_id, room_type_id) VALUES
(1, 1), (2, 2), (3, 3), (4, 4), (5, 1),
(6, 2), (7, 3), (8, 4), (9, 1), (10, 2),
(11, 3), (12, 4), (13, 1), (14, 2), (15, 3),
(16, 4), (17, 1), (18, 2), (19, 3), (20, 4);
