guest_id,room_id,check_in,check_out
1,47,2025-02-10,2025-02-11
2,22,2025-03-04,2025-03-08
3,94,2025-03-20,2025-03-27
4,19,2025-02-18,2025-02-20
5,9,2025-03-03,2025-03-05
6,49,2025-02-07,2025-02-09
7,29,2025-03-06,2025-03-07
8,41,2025-02-12,2025-02-14
9,31,2025-01-27,2025-02-02
10,56,2025-02-11,2025-02-16
11,78,2025-02-08,2025-02-12
12,69,2025-03-03,2025-03-07
13,57,2025-02-25,2025-03-02
14,23,2025-03-09,2025-03-14
15,42,2025-02-03,2025-02-10
16,37,2025-02-09,2025-02-10
17,48,2025-03-13,2025-03-17
18,86,2025-03-18,2025-03-24
19,11,2025-02-18,2025-02-21
20,5,2025-02-12,2025-02-19
21,43,2025-01-24,2025-01-28
22,99,2025-02-28,2025-03-01
23,44,2025-02-08,2025-02-09
24,12,2025-03-12,2025-03-13
25,66,2025-03-22,2025-03-24
26,53,2025-02-26,2025-03-05
27,80,2025-03-04,2025-03-07
28,96,2025-03-07,2025-03-08
29,48,2025-03-22,2025-03-29
30,70,2025-03-09,2025-03-15
31,100,2025-02-17,2025-02-20
32,14,2025-03-20,2025-03-22
33,62,2025-01-23,2025-01-25
34,67,2025-03-19,2025-03-24
35,84,2025-03-12,2025-03-15
36,29,2025-02-25,2025-03-04
37,13,2025-03-02,2025-03-03
38,100,2025-03-22,2025-03-23
39,30,2025-03-17,2025-03-18
40,45,2025-03-01,2025-03-08
41,38,2025-03-12,2025-03-19
42,20,2025-03-16,2025-03-23
43,6,2025-03-03,2025-03-06
44,33,2025-03-19,2025-03-22
45,5,2025-02-13,2025-02-14
46,94,2025-01-30,2025-02-05
47,27,2025-03-19,2025-03-23
48,88,2025-03-09,2025-03-14
49,58,2025-03-19,2025-03-24
50,17,2025-03-13,2025-03-16
51,74,2025-02-15,2025-02-16
52,93,2025-02-01,2025-02-08
53,77,2025-02-25,2025-03-02
54,6,2025-02-08,2025-02-12
55,99,2025-03-20,2025-03-24
56,5,2025-02-13,2025-02-20
57,97,2025-02-22,2025-02-25
58,24,2025-02-06,2025-02-08
59,50,2025-02-03,2025-02-06
60,38,2025-02-10,2025-02-16
61,85,2025-02-19,2025-02-20
62,74,2025-02-18,2025-02-21
63,40,2025-02-13,2025-02-16
64,29,2025-03-08,2025-03-13
65,96,2025-01-28,2025-02-04
66,47,2025-03-12,2025-03-18
67,97,2025-03-21,2025-03-27
68,38,2025-03-09,2025-03-11
69,35,2025-02-11,2025-02-13
70,19,2025-02-15,2025-02-21
71,49,2025-02-15,2025-02-22
72,35,2025-03-10,2025-03-16
73,28,2025-02-08,2025-02-13
74,8,2025-03-11,2025-03-17
75,20,2025-03-13,2025-03-18
76,100,2025-02-15,2025-02-22
77,8,2025-02-08,2025-02-11
78,37,2025-02-11,2025-02-13
79,59,2025-03-18,2025-03-23
80,69,2025-02-23,2025-03-01
81,23,2025-02-07,2025-02-11
82,77,2025-03-23,2025-03-26
83,2,2025-03-12,2025-03-15
84,87,2025-01-23,2025-01-25
85,47,2025-02-04,2025-02-11
86,94,2025-02-16,2025-02-23
87,29,2025-03-11,2025-03-17
88,97,2025-02-24,2025-03-02
89,19,2025-02-08,2025-02-10
90,2,2025-02-11,2025-02-16
91,6,2025-03-19,2025-03-20
92,44,2025-02-13,2025-02-17
93,51,2025-02-23,2025-02-26
94,43,2025-02-23,2025-03-01
95,38,2025-02-26,2025-03-02
96,25,2025-02-13,2025-02-19
97,39,2025-02-13,2025-02-18
98,27,2025-03-03,2025-03-05
99,50,2025-03-07,2025-03-14
100,90,2025-02-01,2025-02-04
101,7,2025-02-07,2025-02-11
102,38,2025-02-21,2025-02-22
103,99,2025-02-13,2025-02-14
104,39,2025-03-18,2025-03-22
105,91,2025-02-22,2025-03-01
106,79,2025-02-01,2025-02-04
107,84,2025-01-27,2025-01-30
108,95,2025-02-27,2025-03-04
109,22,2025-02-12,2025-02-18
110,69,2025-02-01,2025-02-07
111,13,2025-03-15,2025-03-18
112,73,2025-02-24,2025-03-02
113,14,2025-02-27,2025-02-28
114,38,2025-03-02,2025-03-07
115,82,2025-02-10,2025-02-12
116,62,2025-02-26,2025-02-27
117,59,2025-03-01,2025-03-07
118,37,2025-02-18,2025-02-24
119,35,2025-02-21,2025-02-26
120,62,2025-02-14,2025-02-19
121,67,2025-01-29,2025-01-31
122,33,2025-02-13,2025-02-20
123,94,2025-02-12,2025-02-13
124,49,2025-03-19,2025-03-21
125,2,2025-02-23,2025-02-26
126,46,2025-03-16,2025-03-22
127,95,2025-02-06,2025-02-09
128,37,2025-02-08,2025-02-11
129,94,2025-03-15,2025-03-20
130,78,2025-02-11,2025-02-18
131,81,2025-03-12,2025-03-17
132,68,2025-03-06,2025-03-08
133,23,2025-02-16,2025-02-21
134,68,2025-03-04,2025-03-10
135,12,2025-02-25,2025-02-26
136,95,2025-02-10,2025-02-14
137,41,2025-01-28,2025-01-31
138,76,2025-03-09,2025-03-15
139,52,2025-01-31,2025-02-05
140,25,2025-02-23,2025-02-27
141,8,2025-03-16,2025-03-19
142,74,2025-03-21,2025-03-26
143,65,2025-02-05,2025-02-11
144,30,2025-03-13,2025-03-16
145,70,2025-02-05,2025-02-10
146,58,2025-03-22,2025-03-25
147,24,2025-02-12,2025-02-17
148,16,2025-02-21,2025-02-26
149,7,2025-03-17,2025-03-19
150,86,2025-02-13,2025-02-19
151,57,2025-03-13,2025-03-19
152,64,2025-01-26,2025-02-01
153,75,2025-03-13,2025-03-15
154,42,2025-02-10,2025-02-17
155,26,2025-02-11,2025-02-16
156,17,2025-01-25,2025-01-31
157,25,2025-02-11,2025-02-12
158,64,2025-03-15,2025-03-19
159,62,2025-02-20,2025-02-27
160,57,2025-03-14,2025-03-19
161,52,2025-02-24,2025-03-01
162,21,2025-02-11,2025-02-18
163,70,2025-03-02,2025-03-03
164,32,2025-02-02,2025-02-07
165,12,2025-02-09,2025-02-13
166,11,2025-03-14,2025-03-17
167,8,2025-02-01,2025-02-07
168,75,2025-02-21,2025-02-27
169,64,2025-02-20,2025-02-24
170,89,2025-02-15,2025-02-19
171,99,2025-03-10,2025-03-11
172,6,2025-02-03,2025-02-07
173,89,2025-01-23,2025-01-29
174,62,2025-01-29,2025-02-01
175,83,2025-02-10,2025-02-13
176,11,2025-02-07,2025-02-08
177,97,2025-03-13,2025-03-14
178,64,2025-02-24,2025-03-03
179,100,2025-01-29,2025-02-01
180,91,2025-02-25,2025-02-26
181,13,2025-03-08,2025-03-13
182,30,2025-02-19,2025-02-24
183,57,2025-02-25,2025-03-02
184,87,2025-03-21,2025-03-24
185,60,2025-02-03,2025-02-04
186,79,2025-02-05,2025-02-09
187,49,2025-02-19,2025-02-21
188,96,2025-03-14,2025-03-15
189,92,2025-03-18,2025-03-22
190,44,2025-02-02,2025-02-08
191,91,2025-01-25,2025-02-01
192,61,2025-02-08,2025-02-15
193,89,2025-01-23,2025-01-24
194,89,2025-01-28,2025-01-31
195,76,2025-01-28,2025-02-01
196,24,2025-03-19,2025-03-21
197,82,2025-03-19,2025-03-20
198,62,2025-02-17,2025-02-24
199,68,2025-02-19,2025-02-25
200,17,2025-02-22,2025-02-23
201,82,2025-02-28,2025-03-06
202,90,2025-03-01,2025-03-02
203,66,2025-01-30,2025-02-04
204,94,2025-01-25,2025-01-27
205,57,2025-02-03,2025-02-09
206,6,2025-03-03,2025-03-06
207,65,2025-03-10,2025-03-12
208,57,2025-01-23,2025-01-30
209,61,2025-03-14,2025-03-18
210,56,2025-02-28,2025-03-05
211,79,2025-03-10,2025-03-11
212,51,2025-02-10,2025-02-12
213,45,2025-02-14,2025-02-19
214,28,2025-02-09,2025-02-10
215,96,2025-03-22,2025-03-24
216,86,2025-02-19,2025-02-21
217,54,2025-03-12,2025-03-19
218,20,2025-01-28,2025-01-30
219,3,2025-01-26,2025-01-27
220,54,2025-02-02,2025-02-07
221,85,2025-02-24,2025-02-26
222,34,2025-01-27,2025-01-31
223,38,2025-03-06,2025-03-12
224,76,2025-01-30,2025-01-31
225,85,2025-02-01,2025-02-07
226,74,2025-02-25,2025-03-04
227,14,2025-03-23,2025-03-26
228,86,2025-01-27,2025-02-02
229,93,2025-02-10,2025-02-14
230,83,2025-02-11,2025-02-18
231,73,2025-02-28,2025-03-03
232,39,2025-02-25,2025-03-03
233,80,2025-03-16,2025-03-22
234,64,2025-03-13,2025-03-16
235,64,2025-02-25,2025-02-26
236,93,2025-01-26,2025-01-27
237,50,2025-01-25,2025-01-27
238,99,2025-01-26,2025-01-29
239,49,2025-03-22,2025-03-23
240,14,2025-03-06,2025-03-13
241,22,2025-02-01,2025-02-04
242,38,2025-01-28,2025-01-31
243,23,2025-01-30,2025-02-04
244,65,2025-03-05,2025-03-10
245,94,2025-02-04,2025-02-08
246,3,2025-02-15,2025-02-16
247,18,2025-02-03,2025-02-07
248,55,2025-02-14,2025-02-17
249,10,2025-01-29,2025-02-03
250,93,2025-03-18,2025-03-20
251,72,2025-02-23,2025-02-27
252,81,2025-03-15,2025-03-16
253,73,2025-02-24,2025-03-01
254,11,2025-02-11,2025-02-12
255,44,2025-02-02,2025-02-07
256,27,2025-02-17,2025-02-24
257,12,2025-01-24,2025-01-30
258,88,2025-03-10,2025-03-17
259,75,2025-03-01,2025-03-02
260,23,2025-02-26,2025-03-05
261,28,2025-03-15,2025-03-22
262,9,2025-03-20,2025-03-23
263,27,2025-03-15,2025-03-20
264,71,2025-02-05,2025-02-11
265,63,2025-02-09,2025-02-16
266,15,2025-02-22,2025-03-01
267,73,2025-03-15,2025-03-17
268,82,2025-02-12,2025-02-14
269,2,2025-03-04,2025-03-06
270,26,2025-02-06,2025-02-12
271,63,2025-03-13,2025-03-16
272,33,2025-02-16,2025-02-21
273,50,2025-03-06,2025-03-13
274,14,2025-01-23,2025-01-25
275,88,2025-03-04,2025-03-07
276,79,2025-03-15,2025-03-19
277,26,2025-02-06,2025-02-08
278,41,2025-02-04,2025-02-07
279,91,2025-01-25,2025-01-31
280,40,2025-02-27,2025-03-02
281,74,2025-02-21,2025-02-24
282,16,2025-02-04,2025-02-06
283,43,2025-02-25,2025-03-04
284,65,2025-03-11,2025-03-12
285,4,2025-03-10,2025-03-14
286,33,2025-03-04,2025-03-05
287,21,2025-02-02,2025-02-05
288,87,2025-02-23,2025-02-24
289,58,2025-01-26,2025-02-02
290,20,2025-02-16,2025-02-21
291,75,2025-02-28,2025-03-06
292,54,2025-02-01,2025-02-05
293,19,2025-01-26,2025-02-02
294,72,2025-02-02,2025-02-06
295,14,2025-01-31,2025-02-04
296,21,2025-01-29,2025-02-02
297,83,2025-01-25,2025-01-30
298,95,2025-02-24,2025-02-25
299,36,2025-02-16,2025-02-20
300,66,2025-02-10,2025-02-11
301,50,2025-02-15,2025-02-17
302,26,2025-02-06,2025-02-09
303,77,2025-03-10,2025-03-11
304,95,2025-03-17,2025-03-22
305,45,2025-01-24,2025-01-28
306,84,2025-03-14,2025-03-21
307,55,2025-03-04,2025-03-11
308,5,2025-03-09,2025-03-10
309,4,2025-03-14,2025-03-15
310,59,2025-02-20,2025-02-24
311,31,2025-03-09,2025-03-14
312,16,2025-02-01,2025-02-08
313,34,2025-01-24,2025-01-31
314,50,2025-01-27,2025-02-01
315,16,2025-01-31,2025-02-02
316,83,2025-02-11,2025-02-15
317,32,2025-02-08,2025-02-15
318,79,2025-01-23,2025-01-26
319,32,2025-02-02,2025-02-05
320,79,2025-03-22,2025-03-27
321,57,2025-02-11,2025-02-15
322,61,2025-01-28,2025-02-03
323,84,2025-02-04,2025-02-08
324,54,2025-02-04,2025-02-11
325,19,2025-01-23,2025-01-24
326,21,2025-02-13,2025-02-16
327,7,2025-03-23,2025-03-24
328,23,2025-02-25,2025-02-28
329,1,2025-03-02,2025-03-07
330,24,2025-03-06,2025-03-10
331,26,2025-02-20,2025-02-27
332,35,2025-02-12,2025-02-14
333,81,2025-01-26,2025-01-31
334,79,2025-02-13,2025-02-20
335,16,2025-02-14,2025-02-19
336,90,2025-03-06,2025-03-07
337,24,2025-02-19,2025-02-20
338,74,2025-01-28,2025-02-04
339,95,2025-03-10,2025-03-12
340,41,2025-02-10,2025-02-14
341,12,2025-03-15,2025-03-17
342,51,2025-02-08,2025-02-12
343,16,2025-03-16,2025-03-19
344,5,2025-02-23,2025-02-24
345,48,2025-02-27,2025-03-01
346,62,2025-02-19,2025-02-21
347,50,2025-03-13,2025-03-19
348,9,2025-01-27,2025-02-02
349,77,2025-01-28,2025-02-01
350,75,2025-02-11,2025-02-17
351,5,2025-02-13,2025-02-16
352,74,2025-03-07,2025-03-13
353,65,2025-03-21,2025-03-28
354,83,2025-02-16,2025-02-17
355,98,2025-02-18,2025-02-21
356,16,2025-02-10,2025-02-16
357,71,2025-02-12,2025-02-14
358,81,2025-02-25,2025-02-28
359,69,2025-03-09,2025-03-11
360,22,2025-02-05,2025-02-09
361,99,2025-03-07,2025-03-09
362,67,2025-03-18,2025-03-25
363,39,2025-03-21,2025-03-28
364,95,2025-02-20,2025-02-26
365,85,2025-03-13,2025-03-20
366,5,2025-01-31,2025-02-04
367,54,2025-01-26,2025-01-29
368,88,2025-01-25,2025-02-01
369,35,2025-01-26,2025-01-27
370,51,2025-03-12,2025-03-18
371,51,2025-02-19,2025-02-21
372,81,2025-03-01,2025-03-03
373,30,2025-02-27,2025-02-28
374,43,2025-03-16,2025-03-23
375,37,2025-02-07,2025-02-10
376,37,2025-02-10,2025-02-12
377,74,2025-02-17,2025-02-18
378,74,2025-03-02,2025-03-08
379,89,2025-03-03,2025-03-04
380,21,2025-03-11,2025-03-15
381,54,2025-03-20,2025-03-27
382,66,2025-03-04,2025-03-05
383,27,2025-02-03,2025-02-09
384,6,2025-03-17,2025-03-20
385,6,2025-03-09,2025-03-14
386,55,2025-02-01,2025-02-02
387,30,2025-01-25,2025-01-29
388,75,2025-01-28,2025-01-30
389,98,2025-01-30,2025-01-31
390,65,2025-01-27,2025-01-28
391,96,2025-02-11,2025-02-17
392,10,2025-02-05,2025-02-12
393,24,2025-02-24,2025-03-03
394,42,2025-03-06,2025-03-11
395,49,2025-03-16,2025-03-22
396,49,2025-03-20,2025-03-21
397,75,2025-03-03,2025-03-08
398,29,2025-02-12,2025-02-16
399,73,2025-01-26,2025-01-30
400,90,2025-03-14,2025-03-17
401,74,2025-02-11,2025-02-17
402,1,2025-01-28,2025-02-02
403,94,2025-02-17,2025-02-24
404,52,2025-02-28,2025-03-02
405,5,2025-03-20,2025-03-22
406,16,2025-02-06,2025-02-09
407,67,2025-03-07,2025-03-09
408,39,2025-01-27,2025-02-02
409,70,2025-03-11,2025-03-13
410,96,2025-02-12,2025-02-15
411,29,2025-02-06,2025-02-13
412,50,2025-03-15,2025-03-19
413,39,2025-02-24,2025-02-25
414,75,2025-03-03,2025-03-07
415,82,2025-02-08,2025-02-15
416,2,2025-02-13,2025-02-17
417,89,2025-02-07,2025-02-14
418,90,2025-03-20,2025-03-23
419,91,2025-01-31,2025-02-06
420,19,2025-01-25,2025-01-28
421,69,2025-03-10,2025-03-14
422,52,2025-02-20,2025-02-23
423,24,2025-03-13,2025-03-16
424,1,2025-02-08,2025-02-14
425,58,2025-03-20,2025-03-27
426,90,2025-02-24,2025-03-02
427,12,2025-02-19,2025-02-26
428,99,2025-02-14,2025-02-21
429,24,2025-01-24,2025-01-30
430,65,2025-02-28,2025-03-04
431,20,2025-02-07,2025-02-13
432,12,2025-03-04,2025-03-08
433,66,2025-03-17,2025-03-21
434,59,2025-03-06,2025-03-07
435,59,2025-03-23,2025-03-25
436,56,2025-02-14,2025-02-19
437,77,2025-02-27,2025-03-03
438,38,2025-02-08,2025-02-15
439,3,2025-01-23,2025-01-27
440,2,2025-01-31,2025-02-05
441,63,2025-02-09,2025-02-16
442,78,2025-02-07,2025-02-12
443,47,2025-02-16,2025-02-19
444,48,2025-02-16,2025-02-21
445,50,2025-02-05,2025-02-10
446,33,2025-03-21,2025-03-23
447,49,2025-02-11,2025-02-18
448,50,2025-03-23,2025-03-26
449,79,2025-02-20,2025-02-24
450,85,2025-02-13,2025-02-14
451,18,2025-01-27,2025-02-03
452,82,2025-02-04,2025-02-07
453,26,2025-03-15,2025-03-22
454,29,2025-02-12,2025-02-16
455,45,2025-03-05,2025-03-07
456,6,2025-02-19,2025-02-24
457,51,2025-01-24,2025-01-27
458,87,2025-03-10,2025-03-13
459,48,2025-01-30,2025-02-03
460,99,2025-02-09,2025-02-14
461,27,2025-02-02,2025-02-08
462,62,2025-03-11,2025-03-17
463,60,2025-02-20,2025-02-22
464,43,2025-02-27,2025-03-06
465,74,2025-02-04,2025-02-05
466,37,2025-01-23,2025-01-28
467,95,2025-02-17,2025-02-19
468,76,2025-02-08,2025-02-15
469,20,2025-03-06,2025-03-10
470,6,2025-02-12,2025-02-18
471,82,2025-02-07,2025-02-10
472,17,2025-02-01,2025-02-07
473,24,2025-02-09,2025-02-11
474,80,2025-03-10,2025-03-12
475,66,2025-02-08,2025-02-11
476,93,2025-02-28,2025-03-01
477,64,2025-02-06,2025-02-11
478,97,2025-03-17,2025-03-21
479,10,2025-02-25,2025-03-01
480,54,2025-02-27,2025-03-06
481,74,2025-02-13,2025-02-14
482,73,2025-03-17,2025-03-24
483,63,2025-03-20,2025-03-22
484,81,2025-02-27,2025-03-03
485,78,2025-03-10,2025-03-13
486,14,2025-02-07,2025-02-14
487,28,2025-03-18,2025-03-21
488,28,2025-02-19,2025-02-26
489,79,2025-03-07,2025-03-08
490,74,2025-02-06,2025-02-07
491,60,2025-02-12,2025-02-13
492,19,2025-03-06,2025-03-11
493,12,2025-01-30,2025-02-05
494,35,2025-02-25,2025-03-03
495,4,2025-03-08,2025-03-13
496,22,2025-02-08,2025-02-11
497,72,2025-02-19,2025-02-22
498,44,2025-02-22,2025-03-01
499,91,2025-03-17,2025-03-21
500,16,2025-03-07,2025-03-13
