-- Part 2: Sample Data Generation for Hotel Operations Management System
USE hotel_management;

-- 1. Insert into addresses table
INSERT INTO addresses (address_id, street, city, state_province, postal_code, country) VALUES
(1, '123 Ocean View Drive', 'Miami', 'Florida', '33139', 'United States'),
(2, '456 Mountain Boulevard', 'Denver', 'Colorado', '80202', 'United States'),
(3, '789 Downtown Street', 'Toronto', 'Ontario', 'M5V 2H1', 'Canada'),
(4, '101 Park Avenue', 'New York', 'New York', '10022', 'United States'),
(5, '202 Harbourfront', 'Vancouver', 'British Columbia', 'V6C 3E1', 'Canada'),
(6, '303 Sunset Strip', 'Los Angeles', 'California', '90069', 'United States'),
(7, '404 Lakeshore Road', 'Chicago', 'Illinois', '60611', 'United States'),
(8, '505 Bay Street', 'San Francisco', 'California', '94133', 'United States'),
(9, '606 Champs-Élysées', 'Paris', 'Île-de-France', '75008', 'France'),
(10, '707 Oxford Street', 'London', 'England', 'W1D 1BS', 'United Kingdom');

-- 2. Insert into star_ratings table
INSERT INTO star_ratings (rating_id, rating_value, description) VALUES
(1, 1, 'Budget accommodation with basic amenities'),
(2, 2, 'Limited service but comfortable'),
(3, 3, 'Full service with good facilities'),
(4, 4, 'Upscale with excellent service and amenities'),
(5, 5, 'Luxury with exceptional service and facilities');

-- 3. Insert into hotel_chain table
INSERT INTO hotel_chain (chain_id, chain_name, headquarters_address_id, contact_email, contact_phone) VALUES
(1, 'Grand Hotels International', 1, 'info@grandhotels.com', '+1 305 555 0101'),
(2, 'Mountain View Resorts', 2, 'contact@mountainview.com', '+1 303 555 0202'),
(3, 'Urban Stay Hotels', 4, 'reservations@urbanstay.com', '+1 212 555 0303'),
(4, 'Coastal Retreats', 5, 'bookings@coastal.com', '+1 604 555 0404'),
(5, 'Luxury Stays Worldwide', 9, 'info@luxurystays.com', '+33 1 5555 0505');

-- 4. Insert into hotel table
INSERT INTO hotel (hotel_id, hotel_name, address_id, rating_id, contact_email, contact_phone, has_pool, has_gym, has_spa, has_restaurant) VALUES
(1, 'Grand Miami Beach', 1, 5, 'miami@grandhotels.com', '+1 305 555 0111', TRUE, TRUE, TRUE, TRUE),
(2, 'Mountain View Denver', 2, 4, 'denver@mountainview.com', '+1 303 555 0222', TRUE, TRUE, FALSE, TRUE),
(3, 'Urban Stay Toronto', 3, 3, 'toronto@urbanstay.com', '+1 416 555 0333', FALSE, TRUE, FALSE, TRUE),
(4, 'Grand New York', 4, 5, 'ny@grandhotels.com', '+1 212 555 0444', TRUE, TRUE, TRUE, TRUE),
(5, 'Coastal Vancouver', 5, 4, 'vancouver@coastal.com', '+1 604 555 0555', TRUE, FALSE, TRUE, TRUE),
(6, 'Urban Stay Chicago', 7, 3, 'chicago@urbanstay.com', '+1 312 555 0666', FALSE, TRUE, FALSE, TRUE),
(7, 'Luxury Paris', 9, 5, 'paris@luxurystays.com', '+33 1 5555 0777', TRUE, TRUE, TRUE, TRUE),
(8, 'Grand London', 10, 5, 'london@grandhotels.com', '+44 20 5555 0888', TRUE, TRUE, TRUE, TRUE),
(9, 'Mountain View Aspen', 2, 4, 'aspen@mountainview.com', '+1 970 555 0999', TRUE, TRUE, TRUE, TRUE),
(10, 'Coastal San Francisco', 8, 4, 'sf@coastal.com', '+1 415 555 1000', TRUE, TRUE, FALSE, TRUE);

-- 5. Insert into hotel_chain_has_hotel table
INSERT INTO hotel_chain_has_hotel (chain_id, hotel_id) VALUES
(1, 1), (1, 4), (1, 8),
(2, 2), (2, 9),
(3, 3), (3, 6),
(4, 5), (4, 10),
(5, 7);

-- 6. Insert into room_type table
INSERT INTO room_type (type_id, type_name, description, standard_capacity, max_capacity, base_price) VALUES
(1, 'Standard', 'Basic room with one queen bed', 1, 2, 99.99),
(2, 'Deluxe', 'Spacious room with one king bed', 2, 3, 149.99),
(3, 'Suite', 'Separate living area with king bed', 2, 4, 199.99),
(4, 'Executive Suite', 'Luxury suite with work area', 2, 3, 249.99),
(5, 'Presidential Suite', 'Top-tier luxury accommodation', 2, 4, 499.99),
(6, 'Family Room', 'Two queen beds for families', 4, 6, 179.99),
(7, 'Accessible Room', 'ADA compliant room', 1, 2, 99.99),
(8, 'Ocean View', 'Standard room with ocean view', 1, 2, 129.99),
(9, 'Mountain View', 'Standard room with mountain view', 1, 2, 119.99),
(10, 'Penthouse', 'Luxury top-floor accommodation', 2, 4, 599.99);

-- 7. Insert into rooms table
-- Generating 10 rooms per hotel (100 total) with varied types and floor numbers
INSERT INTO rooms (room_id, hotel_id, type_id, room_number, floor, availability_status) VALUES
-- Hotel 1 (Grand Miami Beach)
(1, 1, 5, 'PH1', 15, 'available'), (2, 1, 8, '101', 1, 'available'), (3, 1, 2, '102', 1, 'occupied'), 
(4, 1, 3, '201', 2, 'maintenance'), (5, 1, 4, '202', 2, 'available'), (6, 1, 6, '301', 3, 'available'), 
(7, 1, 7, '302', 3, 'available'), (8, 1, 1, '401', 4, 'occupied'), (9, 1, 9, '402', 4, 'available'), 
(10, 1, 10, 'PH2', 15, 'available'),

-- Hotel 2 (Mountain View Denver)
(11, 2, 9, '101', 1, 'available'), (12, 2, 2, '102', 1, 'occupied'), (13, 2, 3, '103', 1, 'available'), 
(14, 2, 4, '201', 2, 'available'), (15, 2, 5, '202', 2, 'available'), (16, 2, 6, '203', 2, 'occupied'), 
(17, 2, 7, '301', 3, 'available'), (18, 2, 1, '302', 3, 'available'), (19, 2, 8, '401', 4, 'maintenance'), 
(20, 2, 10, 'PH1', 5, 'available'),

-- Hotel 3 (Urban Stay Toronto)
(21, 3, 1, '101', 1, 'available'), (22, 3, 2, '102', 1, 'available'), (23, 3, 3, '201', 2, 'occupied'), 
(24, 3, 4, '202', 2, 'available'), (25, 3, 5, '301', 3, 'available'), (26, 3, 6, '302', 3, 'available'), 
(27, 3, 7, '401', 4, 'occupied'), (28, 3, 8, '402', 4, 'available'), (29, 3, 9, '501', 5, 'maintenance'), 
(30, 3, 10, '502', 5, 'available'),

-- Hotel 4 (Grand New York)
(31, 4, 5, 'PH1', 20, 'available'), (32, 4, 8, '101', 1, 'occupied'), (33, 4, 2, '102', 1, 'available'), 
(34, 4, 3, '201', 2, 'available'), (35, 4, 4, '202', 2, 'occupied'), (36, 4, 6, '301', 3, 'available'), 
(37, 4, 7, '302', 3, 'available'), (38, 4, 1, '401', 4, 'maintenance'), (39, 4, 9, '402', 4, 'available'), 
(40, 4, 10, 'PH2', 20, 'available'),

-- Hotel 5 (Coastal Vancouver)
(41, 5, 8, '101', 1, 'available'), (42, 5, 2, '102', 1, 'occupied'), (43, 5, 3, '103', 1, 'available'), 
(44, 5, 4, '201', 2, 'available'), (45, 5, 5, '202', 2, 'available'), (46, 5, 6, '203', 2, 'occupied'), 
(47, 5, 7, '301', 3, 'available'), (48, 5, 1, '302', 3, 'available'), (49, 5, 9, '401', 4, 'maintenance'), 
(50, 5, 10, 'PH1', 10, 'available'),

-- Hotel 6 (Urban Stay Chicago)
(51, 6, 1, '101', 1, 'available'), (52, 6, 2, '102', 1, 'available'), (53, 6, 3, '201', 2, 'occupied'), 
(54, 6, 4, '202', 2, 'available'), (55, 6, 5, '301', 3, 'available'), (56, 6, 6, '302', 3, 'available'), 
(57, 6, 7, '401', 4, 'occupied'), (58, 6, 8, '402', 4, 'available'), (59, 6, 9, '501', 5, 'maintenance'), 
(60, 6, 10, '502', 5, 'available'),

-- Hotel 7 (Luxury Paris)
(61, 7, 5, 'PH1', 8, 'available'), (62, 7, 8, '101', 1, 'occupied'), (63, 7, 2, '102', 1, 'available'), 
(64, 7, 3, '201', 2, 'available'), (65, 7, 4, '202', 2, 'occupied'), (66, 7, 6, '301', 3, 'available'), 
(67, 7, 7, '302', 3, 'available'), (68, 7, 1, '401', 4, 'maintenance'), (69, 7, 9, '402', 4, 'available'), 
(70, 7, 10, 'PH2', 8, 'available'),

-- Hotel 8 (Grand London)
(71, 8, 5, 'PH1', 12, 'available'), (72, 8, 8, '101', 1, 'occupied'), (73, 8, 2, '102', 1, 'available'), 
(74, 8, 3, '201', 2, 'available'), (75, 8, 4, '202', 2, 'occupied'), (76, 8, 6, '301', 3, 'available'), 
(77, 8, 7, '302', 3, 'available'), (78, 8, 1, '401', 4, 'maintenance'), (79, 8, 9, '402', 4, 'available'), 
(80, 8, 10, 'PH2', 12, 'available'),

-- Hotel 9 (Mountain View Aspen)
(81, 9, 9, '101', 1, 'available'), (82, 9, 2, '102', 1, 'occupied'), (83, 9, 3, '103', 1, 'available'), 
(84, 9, 4, '201', 2, 'available'), (85, 9, 5, '202', 2, 'available'), (86, 9, 6, '203', 2, 'occupied'), 
(87, 9, 7, '301', 3, 'available'), (88, 9, 1, '302', 3, 'available'), (89, 9, 8, '401', 4, 'maintenance'), 
(90, 9, 10, 'PH1', 6, 'available'),

-- Hotel 10 (Coastal San Francisco)
(91, 10, 8, '101', 1, 'available'), (92, 10, 2, '102', 1, 'occupied'), (93, 10, 3, '103', 1, 'available'), 
(94, 10, 4, '201', 2, 'available'), (95, 10, 5, '202', 2, 'available'), (96, 10, 6, '203', 2, 'occupied'), 
(97, 10, 7, '301', 3, 'available'), (98, 10, 1, '302', 3, 'available'), (99, 10, 9, '401', 4, 'maintenance'), 
(100, 10, 10, 'PH1', 10, 'available');

-- 8. Insert into guests table (50 guests)
INSERT INTO guests (guest_id, first_name, last_name, date_of_birth, email, phone, address_id, nationality, passport_number) VALUES
(1, 'John', 'Smith', '1980-05-15', 'john.smith@email.com', '+1 555 0101', 1, 'United States', 'US12345678'),
(2, 'Emily', 'Johnson', '1985-08-22', 'emily.j@email.com', '+1 555 0202', 2, 'United States', 'US23456789'),
(3, 'Michael', 'Williams', '1975-03-10', 'michael.w@email.com', '+1 555 0303', 3, 'Canada', 'CA34567890'),
(4, 'Sarah', 'Brown', '1990-11-05', 'sarah.b@email.com', '+1 555 0404', 4, 'United States', 'US45678901'),
(5, 'David', 'Jones', '1982-07-18', 'david.j@email.com', '+1 555 0505', 5, 'Canada', 'CA56789012'),
(6, 'Jessica', 'Garcia', '1988-09-30', 'jessica.g@email.com', '+1 555 0606', 6, 'United States', 'US67890123'),
(7, 'Robert', 'Miller', '1970-12-25', 'robert.m@email.com', '+1 555 0707', 7, 'United States', 'US78901234'),
(8, 'Jennifer', 'Davis', '1983-04-12', 'jennifer.d@email.com', '+1 555 0808', 8, 'United States', 'US89012345'),
(9, 'Thomas', 'Rodriguez', '1978-06-20', 'thomas.r@email.com', '+1 555 0909', 9, 'France', 'FR90123456'),
(10, 'Lisa', 'Martinez', '1987-01-07', 'lisa.m@email.com', '+1 555 1010', 10, 'United Kingdom', 'GB01234567'),
(11, 'William', 'Hernandez', '1973-02-14', 'william.h@email.com', '+1 555 1111', 1, 'United States', 'US12345679'),
(12, 'Amanda', 'Lopez', '1984-10-08', 'amanda.l@email.com', '+1 555 1212', 2, 'United States', 'US23456780'),
(13, 'James', 'Gonzalez', '1976-07-03', 'james.g@email.com', '+1 555 1313', 3, 'Canada', 'CA34567891'),
(14, 'Ashley', 'Wilson', '1992-05-19', 'ashley.w@email.com', '+1 555 1414', 4, 'United States', 'US45678902'),
(15, 'Daniel', 'Anderson', '1981-09-22', 'daniel.a@email.com', '+1 555 1515', 5, 'Canada', 'CA56789013'),
(16, 'Nicole', 'Thomas', '1989-11-11', 'nicole.t@email.com', '+1 555 1616', 6, 'United States', 'US67890124'),
(17, 'Matthew', 'Taylor', '1971-08-05', 'matthew.t@email.com', '+1 555 1717', 7, 'United States', 'US78901235'),
(18, 'Stephanie', 'Moore', '1986-03-28', 'stephanie.m@email.com', '+1 555 1818', 8, 'United States', 'US89012346'),
(19, 'Christopher', 'Jackson', '1979-12-15', 'christopher.j@email.com', '+1 555 1919', 9, 'France', 'FR90123457'),
(20, 'Elizabeth', 'White', '1988-04-30', 'elizabeth.w@email.com', '+1 555 2020', 10, 'United Kingdom', 'GB01234568'),
(21, 'Joshua', 'Harris', '1974-06-17', 'joshua.h@email.com', '+1 555 2121', 1, 'United States', 'US12345680'),
(22, 'Megan', 'Clark', '1983-01-25', 'megan.c@email.com', '+1 555 2222', 2, 'United States', 'US23456781'),
(23, 'Andrew', 'Lewis', '1977-10-10', 'andrew.l@email.com', '+1 555 2323', 3, 'Canada', 'CA34567892'),
(24, 'Rebecca', 'Robinson', '1991-07-08', 'rebecca.r@email.com', '+1 555 2424', 4, 'United States', 'US45678903'),
(25, 'Kevin', 'Walker', '1980-02-14', 'kevin.w@email.com', '+1 555 2525', 5, 'Canada', 'CA56789014'),
(26, 'Laura', 'Perez', '1987-05-20', 'laura.p@email.com', '+1 555 2626', 6, 'United States', 'US67890125'),
(27, 'Brian', 'Hall', '1972-09-03', 'brian.h@email.com', '+1 555 2727', 7, 'United States', 'US78901236'),
(28, 'Christina', 'Young', '1985-11-12', 'christina.y@email.com', '+1 555 2828', 8, 'United States', 'US89012347'),
(29, 'Timothy', 'Allen', '1978-08-07', 'timothy.a@email.com', '+1 555 2929', 9, 'France', 'FR90123458'),
(30, 'Rachel', 'King', '1989-03-01', 'rachel.k@email.com', '+1 555 3030', 10, 'United Kingdom', 'GB01234569'),
(31, 'Ryan', 'Wright', '1975-04-18', 'ryan.w@email.com', '+1 555 3131', 1, 'United States', 'US12345681'),
(32, 'Heather', 'Scott', '1984-12-22', 'heather.s@email.com', '+1 555 3232', 2, 'United States', 'US23456782'),
(33, 'Jason', 'Green', '1976-07-09', 'jason.g@email.com', '+1 555 3333', 3, 'Canada', 'CA34567893'),
(34, 'Amber', 'Baker', '1990-01-30', 'amber.b@email.com', '+1 555 3434', 4, 'United States', 'US45678904'),
(35, 'Eric', 'Adams', '1981-10-15', 'eric.a@email.com', '+1 555 3535', 5, 'Canada', 'CA56789015'),
(36, 'Danielle', 'Nelson', '1988-06-25', 'danielle.n@email.com', '+1 555 3636', 6, 'United States', 'US67890126'),
(37, 'Steven', 'Hill', '1973-02-08', 'steven.h@email.com', '+1 555 3737', 7, 'United States', 'US78901237'),
(38, 'Melissa', 'Ramirez', '1986-09-14', 'melissa.r@email.com', '+1 555 3838', 8, 'United States', 'US89012348'),
(39, 'Jeffrey', 'Campbell', '1979-05-27', 'jeffrey.c@email.com', '+1 555 3939', 9, 'France', 'FR90123459'),
(40, 'Lauren', 'Mitchell', '1987-11-03', 'lauren.m@email.com', '+1 555 4040', 10, 'United Kingdom', 'GB01234570'),
(41, 'Nicholas', 'Roberts', '1974-08-19', 'nicholas.r@email.com', '+1 555 4141', 1, 'United States', 'US12345682'),
(42, 'Kayla', 'Carter', '1983-03-11', 'kayla.c@email.com', '+1 555 4242', 2, 'United States', 'US23456783'),
(43, 'Brandon', 'Phillips', '1977-12-04', 'brandon.p@email.com', '+1 555 4343', 3, 'Canada', 'CA34567894'),
(44, 'Samantha', 'Evans', '1991-04-28', 'samantha.e@email.com', '+1 555 4444', 4, 'United States', 'US45678905'),
(45, 'Justin', 'Turner', '1980-07-16', 'justin.t@email.com', '+1 555 4545', 5, 'Canada', 'CA56789016'),
(46, 'Hannah', 'Parker', '1989-02-09', 'hannah.p@email.com', '+1 555 4646', 6, 'United States', 'US67890127'),
(47, 'Jonathan', 'Collins', '1972-10-23', 'jonathan.c@email.com', '+1 555 4747', 7, 'United States', 'US78901238'),
(48, 'Allison', 'Edwards', '1985-06-07', 'allison.e@email.com', '+1 555 4848', 8, 'United States', 'US89012349'),
(49, 'Benjamin', 'Stewart', '1978-01-31', 'benjamin.s@email.com', '+1 555 4949', 9, 'France', 'FR90123460'),
(50, 'Victoria', 'Flores', '1986-08-12', 'victoria.f@email.com', '+1 555 5050', 10, 'United Kingdom', 'GB01234571');

-- 9. Insert into department table
INSERT INTO department (department_id, department_name, description) VALUES
(1, 'Front Desk', 'Handles guest check-in/out and general inquiries'),
(2, 'Housekeeping', 'Responsible for room cleaning and maintenance'),
(3, 'Maintenance', 'Handles repairs and facility upkeep'),
(4, 'Food & Beverage', 'Manages restaurants, room service, and bars'),
(5, 'Sales & Marketing', 'Handles promotions, events, and group bookings'),
(6, 'Human Resources', 'Manages employee relations and hiring'),
(7, 'Accounting', 'Handles financial transactions and payroll'),
(8, 'Security', 'Ensures guest and employee safety'),
(9, 'Management', 'Oversees hotel operations'),
(10, 'Concierge', 'Assists guests with local information and reservations');

-- 10. Insert into employees table (100 employees - 10 per hotel)
INSERT INTO employees (employee_id, hotel_id, department_id, first_name, last_name, position, email, phone, hire_date, salary) VALUES
-- Hotel 1 Employees
(1, 1, 1, 'Olivia', 'Perez', 'Front Desk Manager', 'olivia.p@hotel1.com', '+1 305 555 1111', '2018-03-15', 45000),
(2, 1, 1, 'Ethan', 'Sanchez', 'Front Desk Agent', 'ethan.s@hotel1.com', '+1 305 555 1112', '2019-05-20', 32000),
(3, 1, 2, 'Ava', 'Ramirez', 'Housekeeping Supervisor', 'ava.r@hotel1.com', '+1 305 555 1113', '2017-06-10', 38000),
(4, 1, 2, 'Liam', 'Torres', 'Housekeeper', 'liam.t@hotel1.com', '+1 305 555 1114', '2020-02-15', 28000),
(5, 1, 3, 'Noah', 'Gomez', 'Maintenance Technician', 'noah.g@hotel1.com', '+1 305 555 1115', '2018-08-22', 35000),
(6, 1, 4, 'Emma', 'Diaz', 'Restaurant Manager', 'emma.d@hotel1.com', '+1 305 555 1116', '2016-04-05', 48000),
(7, 1, 5, 'Sophia', 'Reyes', 'Sales Manager', 'sophia.r@hotel1.com', '+1 305 555 1117', '2019-01-10', 52000),
(8, 1, 9, 'Jackson', 'Vasquez', 'General Manager', 'jackson.v@hotel1.com', '+1 305 555 1118', '2015-11-15', 85000),
(9, 1, 10, 'Isabella', 'Castillo', 'Concierge', 'isabella.c@hotel1.com', '+1 305 555 1119', '2018-07-30', 36000),
(10, 1, 8, 'Lucas', 'Mendoza', 'Security Officer', 'lucas.m@hotel1.com', '+1 305 555 1120', '2020-03-01', 34000),

-- Hotel 2 Employees
(11, 2, 1, 'Mia', 'Herrera', 'Front Desk Manager', 'mia.h@hotel2.com', '+1 303 555 2221', '2017-04-12', 44000),
(12, 2, 1, 'Aiden', 'Jimenez', 'Front Desk Agent', 'aiden.j@hotel2.com', '+1 303 555 2222', '2019-08-15', 31000),
(13, 2, 2, 'Charlotte', 'Ruiz', 'Housekeeping Supervisor', 'charlotte.r@hotel2.com', '+1 303 555 2223', '2018-02-20', 37000),
(14, 2, 2, 'Elijah', 'Alvarez', 'Housekeeper', 'elijah.a@hotel2.com', '+1 303 555 2224', '2020-01-10', 27000),
(15, 2, 3, 'Amelia', 'Moreno', 'Maintenance Technician', 'amelia.m@hotel2.com', '+1 303 555 2225', '2019-06-05', 34000),
(16, 2, 4, 'Benjamin', 'Munoz', 'Restaurant Manager', 'benjamin.m@hotel2.com', '+1 303 555 2226', '2017-11-18', 47000),
(17, 2, 5, 'Harper', 'Salazar', 'Sales Manager', 'harper.s@hotel2.com', '+1 303 555 2227', '2018-09-22', 51000),
(18, 2, 9, 'Mason', 'Ortega', 'General Manager', 'mason.o@hotel2.com', '+1 303 555 2228', '2016-05-15', 82000),
(19, 2, 10, 'Evelyn', 'Guerrero', 'Concierge', 'evelyn.g@hotel2.com', '+1 303 555 2229', '2019-03-10', 35000),
(20, 2, 8, 'Logan', 'Ramos', 'Security Officer', 'logan.r@hotel2.com', '+1 303 555 2230', '2020-04-05', 33000),

-- Hotel 3 Employees
(21, 3, 1, 'Abigail', 'Medina', 'Front Desk Manager', 'abigail.m@hotel3.com', '+1 416 555 3331', '2018-01-20', 43000),
(22, 3, 1, 'Caden', 'Vega', 'Front Desk Agent', 'caden.v@hotel3.com', '+1 416 555 3332', '2020-06-15', 30000),
(23, 3, 2, 'Emily', 'Castro', 'Housekeeping Supervisor', 'emily.c@hotel3.com', '+1 416 555 3333', '2017-09-12', 36000),
(24, 3, 2, 'Michael', 'Valdez', 'Housekeeper', 'michael.v@hotel3.com', '+1 416 555 3334', '2021-02-01', 26000),
(25, 3, 3, 'Madison', 'Rios', 'Maintenance Technician', 'madison.r@hotel3.com', '+1 416 555 3335', '2019-04-18', 33000),
(26, 3, 4, 'Alexander', 'Delgado', 'Restaurant Manager', 'alexander.d@hotel3.com', '+1 416 555 3336', '2018-11-05', 46000),
(27, 3, 5, 'Elizabeth', 'Contreras', 'Sales Manager', 'elizabeth.c@hotel3.com', '+1 416 555 3337', '2019-07-22', 50000),
(28, 3, 9, 'Ethan', 'Santos', 'General Manager', 'ethan.s@hotel3.com', '+1 416 555 3338', '2017-03-15', 80000),
(29, 3, 10, 'Chloe', 'Cruz', 'Concierge', 'chloe.c@hotel3.com', '+1 416 555 3339', '2020-01-10', 34000),
(30, 3, 8, 'Daniel', 'Navarro', 'Security Officer', 'daniel.n@hotel3.com', '+1 416 555 3340', '2021-03-01', 32000),

-- Hotel 4 Employees
(31, 4, 1, 'Avery', 'Molina', 'Front Desk Manager', 'avery.m@hotel4.com', '+1 212 555 4441', '2017-05-18', 46000),
(32, 4, 1, 'Matthew', 'Ortiz', 'Front Desk Agent', 'matthew.o@hotel4.com', '+1 212 555 4442', '2019-09-20', 33000),
(33, 4, 2, 'Ella', 'Silva', 'Housekeeping Supervisor', 'ella.s@hotel4.com', '+1 212 555 4443', '2018-04-15', 39000),
(34, 4, 2, 'David', 'Marquez', 'Housekeeper', 'david.m@hotel4.com', '+1 212 555 4444', '2020-03-10', 29000),
(35, 4, 3, 'Scarlett', 'Gutierrez', 'Maintenance Technician', 'scarlett.g@hotel4.com', '+1 212 555 4445', '2019-07-25', 36000),
(36, 4, 4, 'Joseph', 'Cortez', 'Restaurant Manager', 'joseph.c@hotel4.com', '+1 212 555 4446', '2017-12-08', 49000),
(37, 4, 5, 'Victoria', 'Leon', 'Sales Manager', 'victoria.l@hotel4.com', '+1 212 555 4447', '2018-10-12', 53000),
(38, 4, 9, 'Samuel', 'Herrera', 'General Manager', 'samuel.h@hotel4.com', '+1 212 555 4448', '2016-06-20', 87000),
(39, 4, 10, 'Grace', 'Flores', 'Concierge', 'grace.f@hotel4.com', '+1 212 555 4449', '2019-04-05', 37000),
(40, 4, 8, 'Andrew', 'Reyes', 'Security Officer', 'andrew.r@hotel4.com', '+1 212 555 4450', '2020-05-01', 35000),

-- Hotel 5 Employees
(41, 5, 1, 'Sofia', 'Aguilar', 'Front Desk Manager', 'sofia.a@hotel5.com', '+1 604 555 5551', '2018-02-14', 44000),
(42, 5, 1, 'Ryan', 'Chavez', 'Front Desk Agent', 'ryan.c@hotel5.com', '+1 604 555 5552', '2020-07-18', 31000),
(43, 5, 2, 'Aubrey', 'Vargas', 'Housekeeping Supervisor', 'aubrey.v@hotel5.com', '+1 604 555 5553', '2017-10-22', 37000),
(44, 5, 2, 'Nathan', 'Castaneda', 'Housekeeper', 'nathan.c@hotel5.com', '+1 604 555 5554', '2021-01-15', 27000),
(45, 5, 3, 'Zoey', 'Mendez', 'Maintenance Technician', 'zoey.m@hotel5.com', '+1 604 555 5555', '2019-05-30', 34000),
(46, 5, 4, 'Christopher', 'Pena', 'Restaurant Manager', 'christopher.p@hotel5.com', '+1 604 555 5556', '2018-11-12', 47000),
(47, 5, 5, 'Lily', 'Rivas', 'Sales Manager', 'lily.r@hotel5.com', '+1 604 555 5557', '2019-08-25', 51000),
(48, 5, 9, 'Joshua', 'Campos', 'General Manager', 'joshua.c@hotel5.com', '+1 604 555 5558', '2017-04-18', 83000),
(49, 5, 10, 'Hannah', 'Guzman', 'Concierge', 'hannah.g@hotel5.com', '+1 604 555 5559', '2020-02-10', 35000),
(50, 5, 8, 'Dylan', 'Velazquez', 'Security Officer', 'dylan.v@hotel5.com', '+1 604 555 5560', '2021-04-05', 33000),

-- Hotel 6 Employees
(51, 6, 1, 'Natalie', 'Franco', 'Front Desk Manager', 'natalie.f@hotel6.com', '+1 312 555 6661', '2017-06-22', 43000),
(52, 6, 1, 'Caleb', 'Solis', 'Front Desk Agent', 'caleb.s@hotel6.com', '+1 312 555 6662', '2019-10-15', 30000),
(53, 6, 2, 'Addison', 'Miranda', 'Housekeeping Supervisor', 'addison.m@hotel6.com', '+1 312 555 6663', '2018-05-20', 36000),
(54, 6, 2, 'Anthony', 'Romero', 'Housekeeper', 'anthony.r@hotel6.com', '+1 312 555 6664', '2020-04-10', 26000),
(55, 6, 3, 'Lillian', 'Mejia', 'Maintenance Technician', 'lillian.m@hotel6.com', '+1 312 555 6665', '2019-09-05', 33000),
(56, 6, 4, 'Gabriel', 'Hernandez', 'Restaurant Manager', 'gabriel.h@hotel6.com', '+1 312 555 6666', '2018-12-18', 46000),
(57, 6, 5, 'Aria', 'Luna', 'Sales Manager', 'aria.l@hotel6.com', '+1 312 555 6667', '2019-11-22', 50000),
(58, 6, 9, 'Christopher', 'Soto', 'General Manager', 'christopher.s@hotel6.com', '+1 312 555 6668', '2017-07-15', 81000),
(59, 6, 10, 'Savannah', 'Garza', 'Concierge', 'savannah.g@hotel6.com', '+1 312 555 6669', '2020-03-10', 34000),
(60, 6, 8, 'Isaac', 'Sandoval', 'Security Officer', 'isaac.s@hotel6.com', '+1 312 555 6670', '2021-05-01', 32000),

-- Hotel 7 Employees
(61, 7, 1, 'Audrey', 'Serrano', 'Front Desk Manager', 'audrey.s@hotel7.com', '+33 1 5555 7771', '2018-04-16', 50000),
(62, 7, 1, 'Julian', 'Rosales', 'Front Desk Agent', 'julian.r@hotel7.com', '+33 1 5555 7772', '2020-08-20', 37000),
(63, 7, 2, 'Bella', 'Ochoa', 'Housekeeping Supervisor', 'bella.o@hotel7.com', '+33 1 5555 7773', '2017-11-12', 42000),
(64, 7, 2, 'Christian', 'Valenzuela', 'Housekeeper', 'christian.v@hotel7.com', '+33 1 5555 7774', '2021-02-05', 32000),
(65, 7, 3, 'Claire', 'Gonzales', 'Maintenance Technician', 'claire.g@hotel7.com', '+33 1 5555 7775', '2019-06-28', 39000),
(66, 7, 4, 'Jonathan', 'Escobar', 'Restaurant Manager', 'jonathan.e@hotel7.com', '+33 1 5555 7776', '2018-01-10', 52000),
(67, 7, 5, 'Stella', 'Gallegos', 'Sales Manager', 'stella.g@hotel7.com', '+33 1 5555 7777', '2019-09-15', 56000),
(68, 7, 9, 'Dominic', 'Fuentes', 'General Manager', 'dominic.f@hotel7.com', '+33 1 5555 7778', '2016-08-22', 90000),
(69, 7, 10, 'Nora', 'Barrera', 'Concierge', 'nora.b@hotel7.com', '+33 1 5555 7779', '2020-04-10', 40000),
(70, 7, 8, 'Aaron', 'Acosta', 'Security Officer', 'aaron.a@hotel7.com', '+33 1 5555 7780', '2021-06-01', 38000),

-- Hotel 8 Employees
(71, 8, 1, 'Ellie', 'Padilla', 'Front Desk Manager', 'ellie.p@hotel8.com', '+44 20 5555 8881', '2017-07-18', 51000),
(72, 8, 1, 'Charles', 'Cervantes', 'Front Desk Agent', 'charles.c@hotel8.com', '+44 20 5555 8882', '2019-11-22', 38000),
(73, 8, 2, 'Naomi', 'Avila', 'Housekeeping Supervisor', 'naomi.a@hotel8.com', '+44 20 5555 8883', '2018-06-15', 43000),
(74, 8, 2, 'Thomas', 'Salinas', 'Housekeeper', 'thomas.s@hotel8.com', '+44 20 5555 8884', '2020-05-10', 33000),
(75, 8, 3, 'Maya', 'Suarez', 'Maintenance Technician', 'maya.s@hotel8.com', '+44 20 5555 8885', '2019-10-25', 40000),
(76, 8, 4, 'Josiah', 'Ibarra', 'Restaurant Manager', 'josiah.i@hotel8.com', '+44 20 5555 8886', '2018-02-08', 53000),
(77, 8, 5, 'Elena', 'Arellano', 'Sales Manager', 'elena.a@hotel8.com', '+44 20 5555 8887', '2019-12-12', 57000),
(78, 8, 9, 'Jeremiah', 'Trevino', 'General Manager', 'jeremiah.t@hotel8.com', '+44 20 5555 8888', '2016-09-20', 92000),
(79, 8, 10, 'Violet', 'Rocha', 'Concierge', 'violet.r@hotel8.com', '+44 20 5555 8889', '2020-05-05', 41000),
(80, 8, 8, 'Hunter', 'Rubio', 'Security Officer', 'hunter.r@hotel8.com', '+44 20 5555 8890', '2021-07-01', 39000),

-- Hotel 9 Employees
(81, 9, 1, 'Paisley', 'Aguirre', 'Front Desk Manager', 'paisley.a@hotel9.com', '+1 970 555 9991', '2018-05-14', 45000),
(82, 9, 1, 'Levi', 'Zuniga', 'Front Desk Agent', 'levi.z@hotel9.com', '+1 970 555 9992', '2020-09-18', 32000),
(83, 9, 2, 'Ariana', 'Villa', 'Housekeeping Supervisor', 'ariana.v@hotel9.com', '+1 970 555 9993', '2017-12-22', 38000),
(84, 9, 2, 'Gavin', 'Carrillo', 'Housekeeper', 'gavin.c@hotel9.com', '+1 970 555 9994', '2021-03-15', 28000),
(85, 9, 3, 'Lucy', 'Montes', 'Maintenance Technician', 'lucy.m@hotel9.com', '+1 970 555 9995', '2019-07-30', 35000),
(86, 9, 4, 'Isaiah', 'Rangel', 'Restaurant Manager', 'isaiah.r@hotel9.com', '+1 970 555 9996', '2018-01-12', 48000),
(87, 9, 5, 'Kinsley', 'Zavala', 'Sales Manager', 'kinsley.z@hotel9.com', '+1 970 555 9997', '2019-10-25', 52000),
(88, 9, 9, 'Ezekiel', 'Bravo', 'General Manager', 'ezekiel.b@hotel9.com', '+1 970 555 9998', '2017-05-18', 85000),
(89, 9, 10, 'Arianna', 'Maldonado', 'Concierge', 'arianna.m@hotel9.com', '+1 970 555 9999', '2020-03-10', 36000),
(90, 9, 8, 'Sawyer', 'Galvan', 'Security Officer', 'sawyer.g@hotel9.com', '+1 970 555 1000', '2021-08-05', 34000),

-- Hotel 10 Employees
(91, 10, 1, 'Skylar', 'Juarez', 'Front Desk Manager', 'skylar.j@hotel10.com', '+1 415 555 0001', '2017-08-22', 44000),
(92, 10, 1, 'Greyson', 'Huerta', 'Front Desk Agent', 'greyson.h@hotel10.com', '+1 415 555 0002', '2019-12-15', 31000),
(93, 10, 2, 'Aubree', 'Macias', 'Housekeeping Supervisor', 'aubree.m@hotel10.com', '+1 415 555 0003', '2018-07-20', 37000),
(94, 10, 2, 'Bryson', 'Villegas', 'Housekeeper', 'bryson.v@hotel10.com', '+1 415 555 0004', '2020-06-10', 27000),
(95, 10, 3, 'Katherine', 'Navarro', 'Maintenance Technician', 'katherine.n@hotel10.com', '+1 415 555 0005', '2019-11-05', 34000),
(96, 10, 4, 'Josue', 'Lucero', 'Restaurant Manager', 'josue.l@hotel10.com', '+1 415 555 0006', '2018-02-18', 47000),
(97, 10, 5, 'Sadie', 'Avalos', 'Sales Manager', 'sadie.a@hotel10.com', '+1 415 555 0007', '2020-01-22', 51000),
(98, 10, 9, 'Bryce', 'Sierra', 'General Manager', 'bryce.s@hotel10.com', '+1 415 555 0008', '2017-06-15', 84000),
(99, 10, 10, 'Alyssa', 'Trujillo', 'Concierge', 'alyssa.t@hotel10.com', '+1 415 555 0009', '2020-04-10', 35000),
(100, 10, 8, 'Parker', 'Pacheco', 'Security Officer', 'parker.p@hotel10.com', '+1 415 555 0010', '2021-09-01', 33000);

-- 11. Insert into discounts table
INSERT INTO discounts (discount_id, discount_name, discount_type, discount_value, start_date, end_date, applicable_room_types) VALUES
(1, 'Early Bird Special', 'Percentage', 15.00, '2023-01-01', '2023-12-31', '1,2,3,4,5,6,7,8,9,10'),
(2, 'Last Minute Deal', 'Percentage', 20.00, '2023-01-01', '2023-12-31', '1,2,3,4,5,6,7,8,9,10'),
(3, 'Senior Citizen', 'Percentage', 10.00, '2023-01-01', '2023-12-31', '1,2,3,4,5,6,7,8,9,10'),
(4, 'Military Discount', 'Fixed', 25.00, '2023-01-01', '2023-12-31', '1,2,3,4,5,6,7,8,9,10'),
(5, 'AAA Member', 'Percentage', 10.00, '2023-01-01', '2023-12-31', '1,2,3,4,5,6,7,8,9,10'),
(6, 'Government Rate', 'Fixed', 30.00, '2023-01-01', '2023-12-31', '1,2,3,4,5,6,7,8,9,10'),
(7, 'Weekday Special', 'Percentage', 15.00, '2023-01-01', '2023-12-31', '1,2,3,4,5,6,7,8,9,10'),
(8, 'Family Package', 'Fixed', 50.00, '2023-01-01', '2023-12-31', '6'),
(9, 'Honeymoon Package', 'Percentage', 25.00, '2023-01-01', '2023-12-31', '3,4,5,10'),
(10, 'Long Stay Discount', 'Percentage', 10.00, '2023-01-01', '2023-12-31', '1,2,3,4,5,6,7,8,9,10');

-- 12. Insert into room_rate_discount table
INSERT INTO room_rate_discount (discount_id, room_type_id) VALUES
(1, 1), (1, 2), (1, 3), (1, 4), (1, 5), (1, 6), (1, 7), (1, 8), (1, 9), (1, 10),
(2, 1), (2, 2), (2, 3), (2, 4), (2, 5), (2, 6), (2, 7), (2, 8), (2, 9), (2, 10),
(3, 1), (3, 2), (3, 3), (3, 4), (3, 5), (3, 6), (3, 7), (3, 8), (3, 9), (3, 10),
(4, 1), (4, 2), (4, 3), (4, 4), (4, 5), (4, 6), (4, 7), (4, 8), (4, 9), (4, 10),
(5, 1), (5, 2), (5, 3), (5, 4), (5, 5), (5, 6), (5, 7), (5, 8), (5, 9), (5, 10),
(6, 1), (6, 2), (6, 3), (6, 4), (6, 5), (6, 6), (6, 7), (6, 8), (6, 9), (6, 10),
(7, 1), (7, 2), (7, 3), (7, 4), (7, 5), (7, 6), (7, 7), (7, 8), (7, 9), (7, 10),
(8, 6),
(9, 3), (9, 4), (9, 5), (9, 10),
(10, 1), (10, 2), (10, 3), (10, 4), (10, 5), (10, 6), (10, 7), (10, 8), (10, 9), (10, 10);

-- 13. Insert into reservation_status table
INSERT INTO reservation_status (status_id, status_name, description) VALUES
(1, 'Confirmed', 'Reservation has been confirmed but not yet checked in'),
(2, 'Checked In', 'Guest has checked in and is currently staying'),
(3, 'Checked Out', 'Guest has checked out and stay is complete'),
(4, 'No Show', 'Guest did not arrive and did not cancel'),
(5, 'Cancelled', 'Reservation was cancelled by guest'),
(6, 'Pending', 'Reservation is being processed'),
(7, 'Modified', 'Reservation has been modified after creation');

-- 14. Insert into bookings table (200 bookings)
-- Generating bookings for the past year with various statuses
INSERT INTO bookings (booking_id, guest_id, employee_id, status_id, booking_date, check_in_date, check_out_date, total_amount, discount_id, special_requests) VALUES
-- Hotel 1 Bookings (20)
(1, 1, 1, 3, '2022-11-15 10:30:00', '2022-12-01', '2022-12-05', 599.96, 1, 'Early check-in requested'),
(2, 2, 2, 3, '2022-11-20 14:15:00', '2022-12-10', '2022-12-15', 1249.95, NULL, 'Anniversary celebration'),
(3, 3, 1, 3, '2022-12-05 09:45:00', '2022-12-20', '2022-12-25', 1499.95, 5, 'AAA member'),
(4, 4, 2, 3, '2022-12-10 16:20:00', '2023-01-05', '2023-01-10', 999.95, NULL, 'Business trip'),
(5, 5, 1, 3, '2023-01-02 11:10:00', '2023-01-15', '2023-01-20', 799.96, 7, 'Weekday special'),
(6, 6, 2, 3, '2023-01-15 13:25:00', '2023-02-01', '2023-02-07', 1799.94, NULL, 'Family vacation'),
(7, 7, 1, 3, '2023-01-20 15:30:00', '2023-02-10', '2023-02-15', 1249.95, 4, 'Military discount'),
(8, 8, 2, 3, '2023-02-05 10:45:00', '2023-02-20', '2023-02-25', 1499.95, NULL, 'Honeymoon'),
(9, 9, 1, 3, '2023-02-10 14:00:00', '2023-03-01', '2023-03-07', 1799.94, 9, 'Honeymoon package'),
(10, 10, 2, 3, '2023-02-15 12:15:00', '2023-03-10', '2023-03-15', 1249.95, NULL, 'Business meeting'),
(11, 11, 1, 3, '2023-03-01 09:30:00', '2023-03-15', '2023-03-20', 999.95, 10, 'Long stay'),
(12, 12, 2, 3, '2023-03-10 16:45:00', '2023-04-01', '2023-04-05', 799.96, NULL, 'Weekend getaway'),
(13, 13, 1, 3, '2023-03-15 11:00:00', '2023-04-10', '2023-04-15', 1249.95, 3, 'Senior citizen'),
(14, 14, 2, 3, '2023-04-01 14:15:00', '2023-04-20', '2023-04-25', 999.95, NULL, 'Family visit'),
(15, 15, 1, 3, '2023-04-10 10:30:00', '2023-05-01', '2023-05-07', 1799.94, 8, 'Family package'),
(16, 16, 2, 2, '2023-04-15 13:45:00', '2023-05-10', '2023-05-15', 1249.95, NULL, 'Business conference'),
(17, 17, 1, 1, '2023-05-01 15:00:00', '2023-05-20', '2023-05-25', 999.95, 6, 'Government rate'),
(18, 18, 2, 1, '2023-05-10 11:15:00', '2023-06-01', '2023-06-05', 799.96, NULL, 'Short stay'),
(19, 19, 1, 6, '2023-05-15 14:30:00', '2023-06-10', '2023-06-15', 1249.95, 2, 'Last minute deal'),
(20, 20, 2, 5, '2023-05-20 10:45:00', '2023-06-20', '2023-06-25', 999.95, NULL, 'Cancelled trip'),

-- Hotel 2 Bookings (20)
(21, 21, 11, 3, '2022-11-16 11:30:00', '2022-12-02', '2022-12-06', 599.96, 1, 'Early check-in requested'),
(22, 22, 12, 3, '2022-11-21 15:15:00', '2022-12-11', '2022-12-16', 1249.95, NULL, 'Anniversary celebration'),
(23, 23, 11, 3, '2022-12-06 10:45:00', '2022-12-21', '2022-12-26', 1499.95, 5, 'AAA member'),
(24, 24, 12, 3, '2022-12-11 17:20:00', '2023-01-06', '2023-01-11', 999.95, NULL, 'Business trip'),
(25, 25, 11, 3, '2023-01-03 12:10:00', '2023-01-16', '2023-01-21', 799.96, 7, 'Weekday special'),
(26, 26, 12, 3, '2023-01-16 14:25:00', '2023-02-02', '2023-02-08', 1799.94, NULL, 'Family vacation'),
(27, 27, 11, 3, '2023-01-21 16:30:00', '2023-02-11', '2023-02-16', 1249.95, 4, 'Military discount'),
(28, 28, 12, 3, '2023-02-06 11:45:00', '2023-02-21', '2023-02-26', 1499.95, NULL, 'Honeymoon'),
(29, 29, 11, 3, '2023-02-11 15:00:00', '2023-03-02', '2023-03-08', 1799.94, 9, 'Honeymoon package'),
(30, 30, 12, 3, '2023-02-16 13:15:00', '2023-03-11', '2023-03-16', 1249.95, NULL, 'Business meeting'),
(31, 31, 11, 3, '2023-03-02 10:30:00', '2023-03-16', '2023-03-21', 999.95, 10, 'Long stay'),
(32, 32, 12, 3, '2023-03-11 17:45:00', '2023-04-02', '2023-04-06', 799.96, NULL, 'Weekend getaway'),
(33, 33, 11, 3, '2023-03-16 12:00:00', '2023-04-11', '2023-04-16', 1249.95, 3, 'Senior citizen'),
(34, 34, 12, 3, '2023-04-02 15:15:00', '2023-04-21', '2023-04-26', 999.95, NULL, 'Family visit'),
(35, 35, 11, 3, '2023-04-11 11:30:00', '2023-05-02', '2023-05-08', 1799.94, 8, 'Family package'),
(36, 36, 12, 2, '2023-04-16 14:45:00', '2023-05-11', '2023-05-16', 1249.95, NULL, 'Business conference'),
(37, 37, 11, 1, '2023-05-02 16:00:00', '2023-05-21', '2023-05-26', 999.95, 6, 'Government rate'),
(38, 38, 12, 1, '2023-05-11 12:15:00', '2023-06-02', '2023-06-06', 799.96, NULL, 'Short stay'),
(39, 39, 11, 6, '2023-05-16 15:30:00', '2023-06-11', '2023-06-16', 1249.95, 2, 'Last minute deal'),
(40, 40, 12, 5, '2023-05-21 11:45:00', '2023-06-21', '2023-06-26', 999.95, NULL, 'Cancelled trip'),

-- Hotel 3 Bookings (20)
(41, 41, 21, 3, '2022-11-17 12:30:00', '2022-12-03', '2022-12-07', 599.96, 1, 'Early check-in requested'),
(42, 42, 22, 3, '2022-11-22 16:15:00', '2022-12-12', '2022-12-17', 1249.95, NULL, 'Anniversary celebration'),
(43, 43, 21, 3, '2022-12-07 11:45:00', '2022-12-22', '2022-12-27', 1499.95, 5, 'AAA member'),
(44, 44, 22, 3, '2022-12-12 18:20:00', '2023-01-07', '2023-01-12', 999.95, NULL, 'Business trip'),
(45, 45, 21, 3, '2023-01-04 13:10:00', '2023-01-17', '2023-01-22', 799.96, 7, 'Weekday special'),
(46, 46, 22, 3, '2023-01-17 15:25:00', '2023-02-03', '2023-02-09', 1799.94, NULL, 'Family vacation'),
(47, 47, 21, 3, '2023-01-22 17:30:00', '2023-02-12', '2023-02-17', 1249.95, 4, 'Military discount'),
(48, 48, 22, 3, '2023-02-07 12:45:00', '2023-02-22', '2023-02-27', 1499.95, NULL, 'Honeymoon'),
(49, 49, 21, 3, '2023-02-12 16:00:00', '2023-03-03', '2023-03-09', 1799.94, 9, 'Honeymoon package'),
(50, 50, 22, 3, '2023-02-17 14:15:00', '2023-03-12', '2023-03-17', 1249.95, NULL, 'Business meeting'),
(51, 1, 21, 3, '2023-03-03 11:30:00', '2023-03-17', '2023-03-22', 999.95, 10, 'Long stay'),
(52, 2, 22, 3, '2023-03-12 18:45:00', '2023-04-03', '2023-04-07', 799.96, NULL, 'Weekend getaway'),
(53, 3, 21, 3, '2023-03-17 13:00:00', '2023-04-12', '2023-04-17', 1249.95, 3, 'Senior citizen'),
(54, 4, 22, 3, '2023-04-03 16:15:00', '2023-04-22', '2023-04-27', 999.95, NULL, 'Family visit'),
(55, 5, 21, 3, '2023-04-12 12:30:00', '2023-05-03', '2023-05-09', 1799.94, 8, 'Family package'),
(56, 6, 22, 2, '2023-04-17 15:45:00', '2023-05-12', '2023-05-17', 1249.95, NULL, 'Business conference'),
(57, 7, 21, 1, '2023-05-03 17:00:00', '2023-05-22', '2023-05-27', 999.95, 6, 'Government rate'),
(58, 8, 22, 1, '2023-05-12 13:15:00', '2023-06-03', '2023-06-07', 799.96, NULL, 'Short stay'),
(59, 9, 21, 6, '2023-05-17 16:30:00', '2023-06-12', '2023-06-17', 1249.95, 2, 'Last minute deal'),
(60, 10, 22, 5, '2023-05-22 12:45:00', '2023-06-22', '2023-06-27', 999.95, NULL, 'Cancelled trip'),

-- Hotel 4 Bookings (20)
(61, 11, 31, 3, '2022-11-18 13:30:00', '2022-12-04', '2022-12-08', 599.96, 1, 'Early check-in requested'),
(62, 12, 32, 3, '2022-11-23 17:15:00', '2022-12-13', '2022-12-18', 1249.95, NULL, 'Anniversary celebration'),
(63, 13, 31, 3, '2022-12-08 12:45:00', '2022-12-23', '2022-12-28', 1499.95, 5, 'AAA member'),
(64, 14, 32, 3, '2022-12-13 19:20:00', '2023-01-08', '2023-01-13', 999.95, NULL, 'Business trip'),
(65, 15, 31, 3, '2023-01-05 14:10:00', '2023-01-18', '2023-01-23', 799.96, 7, 'Weekday special'),
(66, 16, 32, 3, '2023-01-18 16:25:00', '2023-02-04', '2023-02-10', 1799.94, NULL, 'Family vacation'),
(67, 17, 31, 3, '2023-01-23 18:30:00', '2023-02-13', '2023-02-18', 1249.95, 4, 'Military discount'),
(68, 18, 32, 3, '2023-02-08 13:45:00', '2023-02-23', '2023-02-28', 1499.95, NULL, 'Honeymoon'),
(69, 19, 31, 3, '2023-02-13 17:00:00', '2023-03-04', '2023-03-10', 1799.94, 9, 'Honeymoon package'),
(70, 20, 32, 3, '2023-02-18 15:15:00', '2023-03-13', '2023-03-18', 1249.95, NULL, 'Business meeting'),
(71, 21, 31, 3, '2023-03-04 12:30:00', '2023-03-18', '2023-03-23', 999.95, 10, 'Long stay'),
(72, 22, 32, 3, '2023-03-13 19:45:00', '2023-04-04', '2023-04-08', 799.96, NULL, 'Weekend getaway'),
(73, 23, 31, 3, '2023-03-18 14:00:00', '2023-04-13', '2023-04-18', 1249.95, 3, 'Senior citizen'),
(74, 24, 32, 3, '2023-04-04 17:15:00', '2023-04-23', '2023-04-28', 999.95, NULL, 'Family visit'),
(75, 25, 31, 3, '2023-04-13 13:30:00', '2023-05-04', '2023-05-10', 1799.94, 8, 'Family package'),
(76, 26, 32, 2, '2023-04-18 16:45:00', '2023-05-13', '2023-05-18', 1249.95, NULL, 'Business conference'),
(77, 27, 31, 1, '2023-05-04 18:00:00', '2023-05-23', '2023-05-28', 999.95, 6, 'Government rate'),
(78, 28, 32, 1, '2023-05-13 14:15:00', '2023-06-04', '2023-06-08', 799.96, NULL, 'Short stay'),
(79, 29, 31, 6, '2023-05-18 17:30:00', '2023-06-13', '2023-06-18', 1249.95, 2, 'Last minute deal'),
(80, 30, 32, 5, '2023-05-23 13:45:00', '2023-06-23', '2023-06-28', 999.95, NULL, 'Cancelled trip'),

-- Hotel 5 Bookings (20)
(81, 31, 41, 3, '2022-11-19 14:30:00', '2022-12-05', '2022-12-09', 599.96, 1, 'Early check-in requested'),
(82, 32, 42, 3, '2022-11-24 18:15:00', '2022-12-14', '2022-12-19', 1249.95, NULL, 'Anniversary celebration'),
(83, 33, 41, 3, '2022-12-09 13:45:00', '2022-12-24', '2022-12-29', 1499.95, 5, 'AAA member'),
(84, 34, 42, 3, '2022-12-14 20:20:00', '2023-01-09', '2023-01-14', 999.95, NULL, 'Business trip'),
(85, 35, 41, 3, '2023-01-06 15:10:00', '2023-01-19', '2023-01-24', 799.96, 7, 'Weekday special'),
(86, 36, 42, 3, '2023-01-19 17:25:00', '2023-02-05', '2023-02-11', 1799.94, NULL, 'Family vacation'),
(87, 37, 41, 3, '2023-01-24 19:30:00', '2023-02-14', '2023-02-19', 1249.95, 4, 'Military discount'),
(88, 38, 42, 3, '2023-02-09 14:45:00', '2023-02-24', '2023-02-29', 1499.95, NULL, 'Honeymoon'),
(89, 39, 41, 3, '2023-02-14 18:00:00', '2023-03-05', '2023-03-11', 1799.94, 9, 'Honeymoon package'),
(90, 40, 42, 3, '2023-02-19 16:15:00', '2023-03-14', '2023-03-19', 1249.95, NULL, 'Business meeting'),
(91, 41, 41, 3, '2023-03-05 13:30:00', '2023-03-19', '2023-03-24', 999.95, 10, 'Long stay'),
(92, 42, 42, 3, '2023-03-14 20:45:00', '2023-04-05', '2023-04-09', 799.96, NULL, 'Weekend getaway'),
(93, 43, 41, 3, '2023-03-19 15:00:00', '2023-04-14', '2023-04-19', 1249.95, 3, 'Senior citizen'),
(94, 44, 42, 3, '2023-04-05 18:15:00', '2023-04-24', '2023-04-29', 999.95, NULL, 'Family visit'),
(95, 45, 41, 3, '2023-04-14 14:30:00', '2023-05-05', '2023-05-11', 1799.94, 8, 'Family package'),
(96, 46, 42, 2, '2023-04-19 17:45:00', '2023-05-14', '2023-05-19', 1249.95, NULL, 'Business conference'),
(97, 47, 41, 1, '2023-05-05 19:00:00', '2023-05-24', '2023-05-29', 999.95, 6, 'Government rate'),
(98, 48, 42, 1, '2023-05-14 15:15:00', '2023-06-05', '2023-06-09', 799.96, NULL, 'Short stay'),
(99, 49, 41, 6, '2023-05-19 18:30:00', '2023-06-14', '2023-06-19', 1249.95, 2, 'Last minute deal'),
(100, 50, 42, 5, '2023-05-24 14:45:00', '2023-06-24', '2023-06-29', 999.95, NULL, 'Cancelled trip'),

-- Hotel 6 Bookings (20)
(101, 1, 51, 3, '2022-11-20 15:30:00', '2022-12-06', '2022-12-10', 599.96, 1, 'Early check-in requested'),
(102, 2, 52, 3, '2022-11-25 19:15:00', '2022-12-15', '2022-12-20', 1249.95, NULL, 'Anniversary celebration'),
(103, 3, 51, 3, '2022-12-10 14:45:00', '2022-12-25', '2022-12-30', 1499.95, 5, 'AAA member'),
(104, 4, 52, 3, '2022-12-15 21:20:00', '2023-01-10', '2023-01-15', 999.95, NULL, 'Business trip'),
(105, 5, 51, 3, '2023-01-07 16:10:00', '2023-01-20', '2023-01-25', 799.96, 7, 'Weekday special'),
(106, 6, 52, 3, '2023-01-20 18:25:00', '2023-02-06', '2023-02-12', 1799.94, NULL, 'Family vacation'),
(107, 7, 51, 3, '2023-01-25 20:30:00', '2023-02-15', '2023-02-20', 1249.95, 4, 'Military discount'),
(108, 8, 52, 3, '2023-02-10 15:45:00', '2023-02-25', '2023-03-02', 1499.95, NULL, 'Honeymoon'),
(109, 9, 51, 3, '2023-02-15 19:00:00', '2023-03-06', '2023-03-12', 1799.94, 9, 'Honeymoon package'),
(110, 10, 52, 3, '2023-02-20 17:15:00', '2023-03-15', '2023-03-20', 1249.95, NULL, 'Business meeting'),
(111, 11, 51, 3, '2023-03-06 14:30:00', '2023-03-20', '2023-03-25', 999.95, 10, 'Long stay'),
(112, 12, 52, 3, '2023-03-15 21:45:00', '2023-04-06', '2023-04-10', 799.96, NULL, 'Weekend getaway'),
(113, 13, 51, 3, '2023-03-20 16:00:00', '2023-04-15', '2023-04-20', 1249.95, 3, 'Senior citizen'),
(114, 14, 52, 3, '2023-04-06 19:15:00', '2023-04-25', '2023-04-30', 999.95, NULL, 'Family visit'),
(115, 15, 51, 3, '2023-04-15 15:30:00', '2023-05-06', '2023-05-12', 1799.94, 8, 'Family package'),
(116, 16, 52, 2, '2023-04-20 18:45:00', '2023-05-15', '2023-05-20', 1249.95, NULL, 'Business conference'),
(117, 17, 51, 1, '2023-05-06 20:00:00', '2023-05-25', '2023-05-30', 999.95, 6, 'Government rate'),
(118, 18, 52, 1, '2023-05-15 16:15:00', '2023-06-06', '2023-06-10', 799.96, NULL, 'Short stay'),
(119, 19, 51, 6, '2023-05-20 19:30:00', '2023-06-15', '2023-06-20', 1249.95, 2, 'Last minute deal'),
(120, 20, 52, 5, '2023-05-25 15:45:00', '2023-06-25', '2023-06-30', 999.95, NULL, 'Cancelled trip'),

-- Hotel 7 Bookings (20)
(121, 21, 61, 3, '2022-11-21 16:30:00', '2022-12-07', '2022-12-11', 599.96, 1, 'Early check-in requested'),
(122, 22, 62, 3, '2022-11-26 20:15:00', '2022-12-16', '2022-12-21', 1249.95, NULL, 'Anniversary celebration'),
(123, 23, 61, 3, '2022-12-11 15:45:00', '2022-12-26', '2022-12-31', 1499.95, 5, 'AAA member'),
(124, 24, 62, 3, '2022-12-16 22:20:00', '2023-01-11', '2023-01-16', 999.95, NULL, 'Business trip'),
(125, 25, 61, 3, '2023-01-08 17:10:00', '2023-01-21', '2023-01-26', 799.96, 7, 'Weekday special'),
(126, 26, 62, 3, '2023-01-21 19:25:00', '2023-02-07', '2023-02-13', 1799.94, NULL, 'Family vacation'),
(127, 27, 61, 3, '2023-01-26 21:30:00', '2023-02-16', '2023-02-21', 1249.95, 4, 'Military discount'),
(128, 28, 62, 3, '2023-02-11 16:45:00', '2023-02-26', '2023-03-03', 1499.95, NULL, 'Honeymoon'),
(129, 29, 61, 3, '2023-02-16 20:00:00', '2023-03-07', '2023-03-13', 1799.94, 9, 'Honeymoon package'),
(130, 30, 62, 3, '2023-02-21 18:15:00', '2023-03-16', '2023-03-21', 1249.95, NULL, 'Business meeting'),
(131, 31, 61, 3, '2023-03-07 15:30:00', '2023-03-21', '2023-03-26', 999.95, 10, 'Long stay'),
(132, 32, 62, 3, '2023-03-16 22:45:00', '2023-04-07', '2023-04-11', 799.96, NULL, 'Weekend getaway'),
(133, 33, 61, 3, '2023-03-21 17:00:00', '2023-04-16', '2023-04-21', 1249.95, 3, 'Senior citizen'),
(134, 34, 62, 3, '2023-04-07 20:15:00', '2023-04-26', '2023-05-01', 999.95, NULL, 'Family visit'),
(135, 35, 61, 3, '2023-04-16 16:30:00', '2023-05-07', '2023-05-13', 1799.94, 8, 'Family package'),
(136, 36, 62, 2, '2023-04-21 19:45:00', '2023-05-16', '2023-05-21', 1249.95, NULL, 'Business conference'),
(137, 37, 61, 1, '2023-05-07 21:00:00', '2023-05-26', '2023-05-31', 999.95, 6, 'Government rate'),
(138, 38, 62, 1, '2023-05-16 17:15:00', '2023-06-07', '2023-06-11', 799.96, NULL, 'Short stay'),
(139, 39, 61, 6, '2023-05-21 20:30:00', '2023-06-16', '2023-06-21', 1249.95, 2, 'Last minute deal'),
(140, 40, 62, 5, '2023-05-26 16:45:00', '2023-06-26', '2023-07-01', 999.95, NULL, 'Cancelled trip'),

-- Hotel 8 Bookings (20)
(141, 41, 71, 3, '2022-11-22 17:30:00', '2022-12-08', '2022-12-12', 599.96, 1, 'Early check-in requested'),
(142, 42, 72, 3, '2022-11-27 21:15:00', '2022-12-17', '2022-12-22', 1249.95, NULL, 'Anniversary celebration'),
(143, 43, 71, 3, '2022-12-12 16:45:00', '2022-12-27', '2023-01-01', 1499.95, 5, 'AAA member'),
(144, 44, 72, 3, '2022-12-17 23:20:00', '2023-01-12', '2023-01-17', 999.95, NULL, 'Business trip'),
(145, 45, 71, 3, '2023-01-09 18:10:00', '2023-01-22', '2023-01-27', 799.96, 7, 'Weekday special'),
(146, 46, 72, 3, '2023-01-22 20:25:00', '2023-02-08', '2023-02-14', 1799.94, NULL, 'Family vacation'),
(147, 47, 71, 3, '2023-01-27 22:30:00', '2023-02-17', '2023-02-22', 1249.95, 4, 'Military discount'),
(148, 48, 72, 3, '2023-02-12 17:45:00', '2023-02-27', '2023-03-04', 1499.95, NULL, 'Honeymoon'),
(149, 49, 71, 3, '2023-02-17 21:00:00', '2023-03-08', '2023-03-14', 1799.94, 9, 'Honeymoon package'),
(150, 50, 72, 3, '2023-02-22 19:15:00', '2023-03-17', '2023-03-22', 1249.95, NULL, 'Business meeting'),
(151, 1, 71, 3, '2023-03-08 16:30:00', '2023-03-22', '2023-03-27', 999.95, 10, 'Long stay'),
(152, 2, 72, 3, '2023-03-17 23:45:00', '2023-04-08', '2023-04-12', 799.96, NULL, 'Weekend getaway'),
(153, 3, 71, 3, '2023-03-22 18:00:00', '2023-04-17', '2023-04-22', 1249.95, 3, 'Senior citizen'),
(154, 4, 72, 3, '2023-04-08 21:15:00', '2023-04-27', '2023-05-02', 999.95, NULL, 'Family visit'),
(155, 5, 71, 3, '2023-04-17 17:30:00', '2023-05-08', '2023-05-14', 1799.94, 8, 'Family package'),
(156, 6, 72, 2, '2023-04-22 20:45:00', '2023-05-17', '2023-05-22', 1249.95, NULL, 'Business conference'),
(157, 7, 71, 1, '2023-05-08 22:00:00', '2023-05-27', '2023-06-01', 999.95, 6, 'Government rate'),
(158, 8, 72, 1, '2023-05-17 18:15:00', '2023-06-08', '2023-06-12', 799.96, NULL, 'Short stay'),
(159, 9, 71, 6, '2023-05-22 21:30:00', '2023-06-17', '2023-06-22', 1249.95, 2, 'Last minute deal'),
(160, 10, 72, 5, '2023-05-27 17:45:00', '2023-06-27', '2023-07-02', 999.95, NULL, 'Cancelled trip'),

-- Hotel 9 Bookings (20)
(161, 11, 81, 3, '2022-11-23 18:30:00', '2022-12-09', '2022-12-13', 599.96, 1, 'Early check-in requested'),
(162, 12, 82, 3, '2022-11-28 22:15:00', '2022-12-18', '2022-12-23', 1249.95, NULL, 'Anniversary celebration'),
(163, 13, 81, 3, '2022-12-13 17:45:00', '2022-12-28', '2023-01-02', 1499.95, 5, 'AAA member'),
(164, 14, 82, 3, '2022-12-18 00:20:00', '2023-01-13', '2023-01-18', 999.95, NULL, 'Business trip'),
(165, 15, 81, 3, '2023-01-10 19:10:00', '2023-01-23', '2023-01-28', 799.96, 7, 'Weekday special'),
(166, 16, 82, 3, '2023-01-23 21:25:00', '2023-02-09', '2023-02-15', 1799.94, NULL, 'Family vacation'),
(167, 17, 81, 3, '2023-01-28 23:30:00', '2023-02-18', '2023-02-23', 1249.95, 4, 'Military discount'),
(168, 18, 82, 3, '2023-02-13 18:45:00', '2023-02-28', '2023-03-05', 1499.95, NULL, 'Honeymoon'),
(169, 19, 81, 3, '2023-02-18 22:00:00', '2023-03-09', '2023-03-15', 1799.94, 9, 'Honeymoon package'),
(170, 20, 82, 3, '2023-02-23 20:15:00', '2023-03-18', '2023-03-23', 1249.95, NULL, 'Business meeting'),
(171, 21, 81, 3, '2023-03-09 17:30:00', '2023-03-23', '2023-03-28', 999.95, 10, 'Long stay'),
(172, 22, 82, 3, '2023-03-18 00:45:00', '2023-04-09', '2023-04-13', 799.96, NULL, 'Weekend getaway'),
(173, 23, 81, 3, '2023-03-23 19:00:00', '2023-04-18', '2023-04-23', 1249.95, 3, 'Senior citizen'),
(174, 24, 82, 3, '2023-04-09 22:15:00', '2023-04-28', '2023-05-03', 999.95, NULL, 'Family visit'),
(175, 25, 81, 3, '2023-04-18 18:30:00', '2023-05-09', '2023-05-15', 1799.94, 8, 'Family package'),
(176, 26, 82, 2, '2023-04-23 21:45:00', '2023-05-18', '2023-05-23', 1249.95, NULL, 'Business conference'),
(177, 27, 81, 1, '2023-05-09 23:00:00', '2023-05-28', '2023-06-02', 999.95, 6, 'Government rate'),
(178, 28, 82, 1, '2023-05-18 19:15:00', '2023-06-09', '2023-06-13', 799.96, NULL, 'Short stay'),
(179, 29, 81, 6, '2023-05-23 22:30:00', '2023-06-18', '2023-06-23', 1249.95, 2, 'Last minute deal'),
(180, 30, 82, 5, '2023-05-28 18:45:00', '2023-06-28', '2023-07-03', 999.95, NULL, 'Cancelled trip'),

-- Hotel 10 Bookings (20)
(181, 31, 91, 3, '2022-11-24 19:30:00', '2022-12-10', '2022-12-14', 599.96, 1, 'Early check-in requested'),
(182, 32, 92, 3, '2022-11-29 23:15:00', '2022-12-19', '2022-12-24', 1249.95, NULL, 'Anniversary celebration'),
(183, 33, 91, 3, '2022-12-14 18:45:00', '2022-12-29', '2023-01-03', 1499.95, 5, 'AAA member'),
(184, 34, 92, 3, '2022-12-19 01:20:00', '2023-01-14', '2023-01-19', 999.95, NULL, 'Business trip'),
(185, 35, 91, 3, '2023-01-11 20:10:00', '2023-01-24', '2023-01-29', 799.96, 7, 'Weekday special'),
(186, 36, 92, 3, '2023-01-24 22:25:00', '2023-02-10', '2023-02-16', 1799.94, NULL, 'Family vacation'),
(187, 37, 91, 3, '2023-01-29 00:30:00', '2023-02-19', '2023-02-24', 1249.95, 4, 'Military discount'),
(188, 38, 92, 3, '2023-02-14 19:45:00', '2023-03-01', '2023-03-06', 1499.95, NULL, 'Honeymoon'),
(189, 39, 91, 3, '2023-02-19 23:00:00', '2023-03-10', '2023-03-16', 1799.94, 9, 'Honeymoon package'),
(190, 40, 92, 3, '2023-02-24 21:15:00', '2023-03-19', '2023-03-24', 1249.95, NULL, 'Business meeting'),
(191, 41, 91, 3, '2023-03-10 18:30:00', '2023-03-24', '2023-03-29', 999.95, 10, 'Long stay'),
(192, 42, 92, 3, '2023-03-19 01:45:00', '2023-04-10', '2023-04-14', 799.96, NULL, 'Weekend getaway'),
(193, 43, 91, 3, '2023-03-24 20:00:00', '2023-04-19', '2023-04-24', 1249.95, 3, 'Senior citizen'),
(194, 44, 92, 3, '2023-04-10 23:15:00', '2023-04-29', '2023-05-04', 999.95, NULL, 'Family visit'),
(195, 45, 91, 3, '2023-04-19 19:30:00', '2023-05-10', '2023-05-16', 1799.94, 8, 'Family package'),
(196, 46, 92, 2, '2023-04-24 22:45:00', '2023-05-19', '2023-05-24', 1249.95, NULL, 'Business conference'),
(197, 47, 91, 1, '2023-05-10 00:00:00', '2023-05-29', '2023-06-03', 999.95, 6, 'Government rate'),
(198, 48, 92, 1, '2023-05-19 20:15:00', '2023-06-10', '2023-06-14', 799.96, NULL, 'Short stay'),
(199, 49, 91, 6, '2023-05-24 23:30:00', '2023-06-19', '2023-06-24', 1249.95, 2, 'Last minute deal'),
(200, 50, 92, 5, '2023-05-29 19:45:00', '2023-06-29', '2023-07-04', 999.95, NULL, 'Cancelled trip');

-- 15. Insert into rooms_booked table (200 entries - one per booking)
INSERT INTO rooms_booked (booking_id, room_id, rate_applied) VALUES
(1, 1, 599.99), (2, 2, 149.99), (3, 3, 149.99), (4, 4, 199.99), (5, 5, 249.99),
(6, 6, 179.99), (7, 7, 99.99), (8, 8, 99.99), (9, 9, 119.99), (10, 10, 599.99),
(11, 11, 119.99), (12, 12, 149.99), (13, 13, 199.99), (14, 14, 249.99), (15, 15, 499.99),
(16, 16, 179.99), (17, 17, 99.99), (18, 18, 99.99), (19, 19, 119.99), (20, 20, 599.99),
(21, 21, 99.99), (22, 22, 149.99), (23, 23, 199.99), (24, 24, 249.99), (25, 25, 499.99),
(26, 26, 179.99), (27, 27, 99.99), (28, 28, 129.99), (29, 29, 119.99), (30, 30, 599.99),
(31, 31, 599.99), (32, 32, 129.99), (33, 33, 149.99), (34, 34, 199.99), (35, 35, 249.99),
(36, 36, 179.99), (37, 37, 99.99), (38, 38, 99.99), (39, 39, 119.99), (40, 40, 599.99),
(41, 41, 129.99), (42, 42, 149.99), (43, 43, 199.99), (44, 44, 249.99), (45, 45, 499.99),
(46, 46, 179.99), (47, 47, 99.99), (48, 48, 99.99), (49, 49, 119.99), (50, 50, 599.99),
(51, 51, 99.99), (52, 52, 149.99), (53, 53, 199.99), (54, 54, 249.99), (55, 55, 499.99),
(56, 56, 179.99), (57, 57, 99.99), (58, 58, 129.99), (59, 59, 119.99), (60, 60, 599.99),
(61, 61, 599.99), (62, 62, 129.99), (63, 63, 149.99), (64, 64, 199.99), (65, 65, 249.99),
(66, 66, 179.99), (67, 67, 99.99), (68, 68, 99.99), (69, 69, 119.99), (70, 70, 599.99),
(71, 71, 599.99), (72, 72, 129.99), (73, 73, 149.99), (74, 74, 199.99), (75, 75, 249.99),
(76, 76, 179.99), (77, 77, 99.99), (78, 78, 99.99), (79, 79, 119.99), (80, 80, 599.99),
(81, 81, 119.99), (82, 82, 149.99), (83, 83, 199.99), (84, 84, 249.99), (85, 85, 499.99),
(86, 86, 179.99), (87, 87, 99.99), (88, 88, 99.99), (89, 89, 119.99), (90, 90, 599.99),
(91, 91, 129.99), (92, 92, 149.99), (93, 93, 199.99), (94, 94, 249.99), (95, 95, 499.99),
(96, 96, 179.99), (97, 97, 99.99), (98, 98, 99.99), (99, 99, 119.99), (100, 100, 599.99),
(101, 1, 599.99), (102, 2, 149.99), (103, 3, 149.99), (104, 4, 199.99), (105, 5, 249.99),
(106, 6, 179.99), (107, 7, 99.99), (108, 8, 99.99), (109, 9, 119.99), (110, 10, 599.99),
(111, 11, 119.99), (112, 12, 149.99), (113, 13, 199.99), (114, 14, 249.99), (115, 15, 499.99),
(116, 16, 179.99), (117, 17, 99.99), (118, 18, 99.99), (119, 19, 119.99), (120, 20, 599.99),
(121, 21, 99.99), (122, 22, 149.99), (123, 23, 199.99), (124, 24, 249.99), (125, 25, 499.99),
(126, 26, 179.99), (127, 27, 99.99), (128, 28, 129.99), (129, 29, 119.99), (130, 30, 599.99),
(131, 31, 599.99), (132, 32, 129.99), (133, 33, 149.99), (134, 34, 199.99), (135, 35, 249.99),
(136, 36, 179.99), (137, 37, 99.99), (138, 38, 99.99), (139, 39, 119.99), (140, 40, 599.99),
(141, 41, 129.99), (142, 42, 149.99), (143, 43, 199.99), (144, 44, 249.99), (145, 45, 499.99),
(146, 46, 179.99), (147, 47, 99.99), (148, 48, 99.99), (149, 49, 119.99), (150, 50, 599.99),
(151, 51, 99.99), (152, 52, 149.99), (153, 53, 199.99), (154, 54, 249.99), (155, 55, 499.99),
(156, 56, 179.99), (157, 57, 99.99), (158, 58, 129.99), (159, 59, 119.99), (160, 60, 599.99),
(161, 61, 599.99), (162, 62, 129.99), (163, 63, 149.99), (164, 64, 199.99), (165, 65, 249.99),
(166, 66, 179.99), (167, 67, 99.99), (168, 68, 99.99), (169, 69, 119.99), (170, 70, 599.99),
(171, 71, 599.99), (172, 72, 129.99), (173, 73, 149.99), (174, 74, 199.99), (175, 75, 249.99),
(176, 76, 179.99), (177, 77, 99.99), (178, 78, 99.99), (179, 79, 119.99), (180, 80, 599.99),
(181, 81, 119.99), (182, 82, 149.99), (183, 83, 199.99), (184, 84, 249.99), (185, 85, 499.99),
(186, 86, 179.99), (187, 87, 99.99), (188, 88, 99.99), (189, 89, 119.99), (190, 90, 599.99),
(191, 91, 129.99), (192, 92, 149.99), (193, 93, 199.99), (194, 94, 249.99), (195, 95, 499.99),
(196, 96, 179.99), (197, 97, 99.99), (198, 98, 99.99), (199, 99, 119.99), (200, 100, 599.99);

-- 16. Insert into hotel_services table
INSERT INTO hotel_services (service_id, service_name, description, price, availability) VALUES
(1, 'Room Service', '24-hour in-room dining service', 15.00, '24/7'),
(2, 'Spa Treatment', 'Full body massage and relaxation', 120.00, '09:00-21:00'),
(3, 'Laundry Service', 'Same-day laundry and dry cleaning', 25.00, '08:00-18:00'),
(4, 'Airport Transfer', 'Private car to/from airport', 75.00, '05:00-23:00'),
(5, 'Breakfast Buffet', 'Full breakfast buffet', 22.00, '06:30-10:30'),
(6, 'Valet Parking', 'Car valet service', 35.00, '24/7'),
(7, 'Business Center', 'Computer and printing services', 10.00, '07:00-19:00'),
(8, 'Gym Access', 'Fitness center access', 15.00, '05:00-23:00'),
(9, 'Swimming Pool', 'Pool access with towels provided', 20.00, '07:00-22:00'),
(10, 'Concierge Service', 'Personalized assistance with reservations and tickets', 0.00, '07:00-23:00'),
(11, 'Mini Bar Refill', 'Restocking of in-room mini bar', 0.00, '09:00-21:00'),
(12, 'Late Checkout', 'Extended checkout until 2pm', 50.00, 'Upon request'),
(13, 'Pet Accommodation', 'Pet-friendly room with amenities', 75.00, '24/7'),
(14, 'Babysitting', 'Childcare services', 30.00, '08:00-22:00'),
(15, 'Tour Booking', 'Local tours and excursions', 0.00, '07:00-21:00');

-- 17. Insert into hotel_services_used_by_guests table (300 entries)
INSERT INTO hotel_services_used_by_guests (usage_id, booking_id, service_id, service_date, quantity, total_price) VALUES
-- Hotel 1 Services
(1, 1, 1, '2022-12-01', 2, 30.00), (2, 1, 5, '2022-12-02', 2, 44.00), (3, 2, 2, '2022-12-11', 1, 120.00),
(4, 3, 3, '2022-12-21', 1, 25.00), (5, 4, 4, '2023-01-05', 1, 75.00), (6, 5, 6, '2023-01-15', 3, 105.00),
(7, 6, 7, '2023-02-02', 1, 10.00), (8, 7, 8, '2023-02-11', 4, 60.00), (9, 8, 9, '2023-02-21', 2, 40.00),
(10, 9, 10, '2023-03-02', 1, 0.00), (11, 10, 11, '2023-03-11', 1, 0.00), (12, 11, 12, '2023-03-16', 1, 50.00),
(13, 12, 13, '2023-04-02', 1, 75.00), (14, 13, 14, '2023-04-11', 1, 30.00), (15, 14, 15, '2023-04-21', 1, 0.00),
(16, 15, 1, '2023-05-02', 3, 45.00), (17, 16, 2, '2023-05-11', 1, 120.00), (18, 17, 3, '2023-05-21', 2, 50.00),
(19, 18, 4, '2023-06-02', 1, 75.00), (20, 19, 5, '2023-06-11', 2, 44.00),

-- Hotel 2 Services
(21, 21, 1, '2022-12-03', 1, 15.00), (22, 21, 5, '2022-12-04', 2, 44.00), (23, 22, 2, '2022-12-12', 1, 120.00),
(24, 23, 3, '2022-12-22', 1, 25.00), (25, 24, 4, '2023-01-07', 1, 75.00), (26, 25, 6, '2023-01-17', 2, 70.00),
(27, 26, 7, '2023-02-03', 1, 10.00), (28, 27, 8, '2023-02-12', 3, 45.00), (29, 28, 9, '2023-02-22', 1, 20.00),
(30, 29, 10, '2023-03-03', 1, 0.00), (31, 30, 11, '2023-03-12', 1, 0.00), (32, 31, 12, '2023-03-17', 1, 50.00),
(33, 32, 13, '2023-04-03', 1, 75.00), (34, 33, 14, '2023-04-12', 1, 30.00), (35, 34, 15, '2023-04-22', 1, 0.00),
(36, 35, 1, '2023-05-03', 2, 30.00), (37, 36, 2, '2023-05-12', 1, 120.00), (38, 37, 3, '2023-05-22', 1, 25.00),
(39, 38, 4, '2023-06-03', 1, 75.00), (40, 39, 5, '2023-06-12', 2, 44.00),

-- Hotel 3 Services
(41, 41, 1, '2022-12-05', 1, 15.00), (42, 41, 5, '2022-12-06', 2, 44.00), (43, 42, 2, '2022-12-13', 1, 120.00),
(44, 43, 3, '2022-12-23', 1, 25.00), (45, 44, 4, '2023-01-08', 1, 75.00), (46, 45, 6, '2023-01-18', 2, 70.00),
(47, 46, 7, '2023-02-04', 1, 10.00), (48, 47, 8, '2023-02-13', 3, 45.00), (49, 48, 9, '2023-02-23', 1, 20.00),
(50, 49, 10, '2023-03-04', 1, 0.00), (51, 50, 11, '2023-03-13', 1, 0.00), (52, 51, 12, '2023-03-18', 1, 50.00),
(53, 52, 13, '2023-04-04', 1, 75.00), (54, 53, 14, '2023-04-13', 1, 30.00), (55, 54, 15, '2023-04-23', 1, 0.00),
(56, 55, 1, '2023-05-04', 2, 30.00), (57, 56, 2, '2023-05-13', 1, 120.00), (58, 57, 3, '2023-05-23', 1, 25.00),
(59, 58, 4, '2023-06-04', 1, 75.00), (60, 59, 5, '2023-06-13', 2, 44.00),

-- Hotel 4 Services
(61, 61, 1, '2022-12-05', 1, 15.00), (62, 61, 5, '2022-12-06', 2, 44.00), (63, 62, 2, '2022-12-14', 1, 120.00),
(64, 63, 3, '2022-12-24', 1, 25.00), (65, 64, 4, '2023-01-09', 1, 75.00), (66, 65, 6, '2023-01-19', 2, 70.00),
(67, 66, 7, '2023-02-05', 1, 10.00), (68, 67, 8, '2023-02-14', 3, 45.00), (69, 68, 9, '2023-02-24', 1, 20.00),
(70, 69, 10, '2023-03-05', 1, 0.00), (71, 70, 11, '2023-03-14', 1, 0.00), (72, 71, 12, '2023-03-19', 1, 50.00),
(73, 72, 13, '2023-04-05', 1, 75.00), (74, 73, 14, '2023-04-14', 1, 30.00), (75, 74, 15, '2023-04-24', 1, 0.00),
(76, 75, 1, '2023-05-05', 2, 30.00), (77, 76, 2, '2023-05-14', 1, 120.00), (78, 77, 3, '2023-05-24', 1, 25.00),
(79, 78, 4, '2023-06-05', 1, 75.00), (80, 79, 5, '2023-06-14', 2, 44.00),

-- Hotel 5 Services
(81, 81, 1, '2022-12-06', 1, 15.00), (82, 81, 5, '2022-12-07', 2, 44.00), (83, 82, 2, '2022-12-15', 1, 120.00),
(84, 83, 3, '2022-12-25', 1, 25.00), (85, 84, 4, '2023-01-10', 1, 75.00), (86, 85, 6, '2023-01-20', 2, 70.00),
(87, 86, 7, '2023-02-06', 1, 10.00), (88, 87, 8, '2023-02-15', 3, 45.00), (89, 88, 9, '2023-02-25', 1, 20.00),
(90, 89, 10, '2023-03-06', 1, 0.00), (91, 90, 11, '2023-03-15', 1, 0.00), (92, 91, 12, '2023-03-20', 1, 50.00),
(93, 92, 13, '2023-04-06', 1, 75.00), (94, 93, 14, '2023-04-15', 1, 30.00), (95, 94, 15, '2023-04-25', 1, 0.00),
(96, 95, 1, '2023-05-06', 2, 30.00), (97, 96, 2, '2023-05-15', 1, 120.00), (98, 97, 3, '2023-05-25', 1, 25.00),
(99, 98, 4, '2023-06-06', 1, 75.00), (100, 99, 5, '2023-06-15', 2, 44.00),

-- Hotel 6 Services
(101, 101, 1, '2022-12-07', 1, 15.00), (102, 101, 5, '2022-12-08', 2, 44.00), (103, 102, 2, '2022-12-16', 1, 120.00),
(104, 103, 3, '2022-12-26', 1, 25.00), (105, 104, 4, '2023-01-11', 1, 75.00), (106, 105, 6, '2023-01-21', 2, 70.00),
(107, 106, 7, '2023-02-07', 1, 10.00), (108, 107, 8, '2023-02-16', 3, 45.00), (109, 108, 9, '2023-02-26', 1, 20.00),
(110, 109, 10, '2023-03-07', 1, 0.00), (111, 110, 11, '2023-03-16', 1, 0.00), (112, 111, 12, '2023-03-21', 1, 50.00),
(113, 112, 13, '2023-04-07', 1, 75.00), (114, 113, 14, '2023-04-16', 1, 30.00), (115, 114, 15, '2023-04-26', 1, 0.00),
(116, 115, 1, '2023-05-07', 2, 30.00), (117, 116, 2, '2023-05-16', 1, 120.00), (118, 117, 3, '2023-05-26', 1, 25.00),
(119, 118, 4, '2023-06-07', 1, 75.00), (120, 119, 5, '2023-06-16', 2, 44.00),

-- Hotel 7 Services
(121, 121, 1, '2022-12-08', 1, 15.00), (122, 121, 5, '2022-12-09', 2, 44.00), (123, 122, 2, '2022-12-17', 1, 120.00),
(124, 123, 3, '2022-12-27', 1, 25.00), (125, 124, 4, '2023-01-12', 1, 75.00), (126, 125, 6, '2023-01-22', 2, 70.00),
(127, 126, 7, '2023-02-08', 1, 10.00), (128, 127, 8, '2023-02-17', 3, 45.00), (129, 128, 9, '2023-02-27', 1, 20.00),
(130, 129, 10, '2023-03-08', 1, 0.00), (131, 130, 11, '2023-03-17', 1, 0.00), (132, 131, 12, '2023-03-22', 1, 50.00),
(133, 132, 13, '2023-04-08', 1, 75.00), (134, 133, 14, '2023-04-17', 1, 30.00), (135, 134, 15, '2023-04-27', 1, 0.00),
(136, 135, 1, '2023-05-08', 2, 30.00), (137, 136, 2, '2023-05-17', 1, 120.00), (138, 137, 3, '2023-05-27', 1, 25.00),
(139, 138, 4, '2023-06-08', 1, 75.00), (140, 139, 5, '2023-06-17', 2, 44.00),

-- Hotel 8 Services
(141, 141, 1, '2022-12-09', 1, 15.00), (142, 141, 5, '2022-12-10', 2, 44.00), (143, 142, 2, '2022-12-18', 1, 120.00),
(144, 143, 3, '2022-12-28', 1, 25.00), (145, 144, 4, '2023-01-13', 1, 75.00), (146, 145, 6, '2023-01-23', 2, 70.00),
(147, 146, 7, '2023-02-09', 1, 10.00), (148, 147, 8, '2023-02-18', 3, 45.00), (149, 148, 9, '2023-02-28', 1, 20.00),
(150, 149, 10, '2023-03-09', 1, 0.00), (151, 150, 11, '2023-03-18', 1, 0.00), (152, 151, 12, '2023-03-23', 1, 50.00),
(153, 152, 13, '2023-04-09', 1, 75.00), (154, 153, 14, '2023-04-18', 1, 30.00), (155, 154, 15, '2023-04-28', 1, 0.00),
(156, 155, 1, '2023-05-09', 2, 30.00), (157, 156, 2, '2023-05-18', 1, 120.00), (158, 157, 3, '2023-05-28', 1, 25.00),
(159, 158, 4, '2023-06-09', 1, 75.00), (160, 159, 5, '2023-06-18', 2, 44.00),

-- Hotel 9 Services
(161, 161, 1, '2022-12-10', 1, 15.00), (162, 161, 5, '2022-12-11', 2, 44.00), (163, 162, 2, '2022-12-19', 1, 120.00),
(164, 163, 3, '2022-12-29', 1, 25.00), (165, 164, 4, '2023-01-14', 1, 75.00), (166, 165, 6, '2023-01-24', 2, 70.00),
(167, 166, 7, '2023-02-10', 1, 10.00), (168, 167, 8, '2023-02-19', 3, 45.00), (169, 168, 9, '2023-03-01', 1, 20.00),
(170, 169, 10, '2023-03-10', 1, 0.00), (171, 170, 11, '2023-03-19', 1, 0.00), (172, 171, 12, '2023-03-24', 1, 50.00),
(173, 172, 13, '2023-04-10', 1, 75.00), (174, 173, 14, '2023-04-19', 1, 30.00), (175, 174, 15, '2023-04-29', 1, 0.00),
(176, 175, 1, '2023-05-10', 2, 30.00), (177, 176, 2, '2023-05-19', 1, 120.00), (178, 177, 3, '2023-05-29', 1, 25.00),
(179, 178, 4, '2023-06-10', 1, 75.00), (180, 179, 5, '2023-06-19', 2, 44.00),

-- Hotel 10 Services
(181, 181, 1, '2022-12-11', 1, 15.00), (182, 181, 5, '2022-12-12', 2, 44.00), (183, 182, 2, '2022-12-20', 1, 120.00),
(184, 183, 3, '2022-12-30', 1, 25.00), (185, 184, 4, '2023-01-15', 1, 75.00), (186, 185, 6, '2023-01-25', 2, 70.00),
(187, 186, 7, '2023-02-11', 1, 10.00), (188, 187, 8, '2023-02-20', 3, 45.00), (189, 188, 9, '2023-03-02', 1, 20.00),
(190, 189, 10, '2023-03-11', 1, 0.00), (191, 190, 11, '2023-03-20', 1, 0.00), (192, 191, 12, '2023-03-25', 1, 50.00),
(193, 192, 13, '2023-04-11', 1, 75.00), (194, 193, 14, '2023-04-20', 1, 30.00), (195, 194, 15, '2023-04-30', 1, 0.00),
(196, 195, 1, '2023-05-11', 2, 30.00), (197, 196, 2, '2023-05-20', 1, 120.00), (198, 197, 3, '2023-05-30', 1, 25.00),
(199, 198, 4, '2023-06-11', 1, 75.00), (200, 199, 5, '2023-06-20', 2, 44.00),

-- Additional services for various bookings
(201, 1, 2, '2022-12-02', 1, 120.00), (202, 2, 3, '2022-12-11', 1, 25.00), (203, 3, 4, '2022-12-21', 1, 75.00),
(204, 4, 5, '2023-01-06', 2, 44.00), (205, 5, 6, '2023-01-16', 1, 35.00), (206, 6, 7, '2023-02-03', 1, 10.00),
(207, 7, 8, '2023-02-12', 2, 30.00), (208, 8, 9, '2023-02-22', 1, 20.00), (209, 9, 10, '2023-03-03', 1, 0.00),
(210, 10, 11, '2023-03-12', 1, 0.00), (211, 11, 12, '2023-03-17', 1, 50.00), (212, 12, 13, '2023-04-03', 1, 75.00),
(213, 13, 14, '2023-04-12', 1, 30.00), (214, 14, 15, '2023-04-22', 1, 0.00), (215, 15, 1, '2023-05-03', 1, 15.00),
(216, 16, 2, '2023-05-12', 1, 120.00), (217, 17, 3, '2023-05-22', 1, 25.00), (218, 18, 4, '2023-06-03', 1, 75.00),
(219, 19, 5, '2023-06-12', 2, 44.00), (220, 20, 6, '2023-06-22', 1, 35.00), (221, 21, 7, '2022-12-04', 1, 10.00),
(222, 22, 8, '2022-12-13', 2, 30.00), (223, 23, 9, '2022-12-23', 1, 20.00), (224, 24, 10, '2023-01-08', 1, 0.00),
(225, 25, 11, '2023-01-18', 1, 0.00), (226, 26, 12, '2023-02-04', 1, 50.00), (227, 27, 13, '2023-02-13', 1, 75.00),
(228, 28, 14, '2023-02-23', 1, 30.00), (229, 29, 15, '2023-03-04', 1, 0.00), (230, 30, 1, '2023-03-13', 1, 15.00),
(231, 31, 2, '2023-03-18', 1, 120.00), (232, 32, 3, '2023-04-04', 1, 25.00), (233, 33, 4, '2023-04-13', 1, 75.00),
(234, 34, 5, '2023-04-23', 2, 44.00), (235, 35, 6, '2023-05-04', 1, 35.00), (236, 36, 7, '2023-05-13', 1, 10.00),
(237, 37, 8, '2023-05-23', 2, 30.00), (238, 38, 9, '2023-06-04', 1, 20.00), (239, 39, 10, '2023-06-13', 1, 0.00),
(240, 40, 11, '2023-06-22', 1, 0.00), (241, 41, 12, '2022-12-06', 1, 50.00), (242, 42, 13, '2022-12-14', 1, 75.00),
(243, 43, 14, '2022-12-24', 1, 30.00), (244, 44, 15, '2023-01-09', 1, 0.00), (245, 45, 1, '2023-01-19', 1, 15.00),
(246, 46, 2, '2023-02-05', 1, 120.00), (247, 47, 3, '2023-02-14', 1, 25.00), (248, 48, 4, '2023-02-24', 1, 75.00),
(249, 49, 5, '2023-03-05', 2, 44.00), (250, 50, 6, '2023-03-14', 1, 35.00), (251, 51, 7, '2023-03-19', 1, 10.00),
(252, 52, 8, '2023-04-05', 2, 30.00), (253, 53, 9, '2023-04-14', 1, 20.00), (254, 54, 10, '2023-04-24', 1, 0.00),
(255, 55, 11, '2023-05-05', 1, 0.00), (256, 56, 12, '2023-05-14', 1, 50.00), (257, 57, 13, '2023-05-24', 1, 75.00),
(258, 58, 14, '2023-06-05', 1, 30.00), (259, 59, 15, '2023-06-14', 1, 0.00), (260, 60, 1, '2023-06-23', 1, 15.00),
(261, 61, 2, '2022-12-07', 1, 120.00), (262, 62, 3, '2022-12-15', 1, 25.00), (263, 63, 4, '2022-12-25', 1, 75.00),
(264, 64, 5, '2023-01-10', 2, 44.00), (265, 65, 6, '2023-01-20', 1, 35.00), (266, 66, 7, '2023-02-06', 1, 10.00),
(267, 67, 8, '2023-02-15', 2, 30.00), (268, 68, 9, '2023-02-25', 1, 20.00), (269, 69, 10, '2023-03-06', 1, 0.00),
(270, 70, 11, '2023-03-15', 1, 0.00), (271, 71, 12, '2023-03-20', 1, 50.00), (272, 72, 13, '2023-04-06', 1, 75.00),
(273, 73, 14, '2023-04-15', 1, 30.00), (274, 74, 15, '2023-04-25', 1, 0.00), (275, 75, 1, '2023-05-06', 1, 15.00),
(276, 76, 2, '2023-05-15', 1, 120.00), (277, 77, 3, '2023-05-25', 1, 25.00), (278, 78, 4, '2023-06-06', 1, 75.00),
(279, 79, 5, '2023-06-15', 2, 44.00), (280, 80, 6, '2023-06-24', 1, 35.00), (281, 81, 7, '2022-12-08', 1, 10.00),
(282, 82, 8, '2022-12-16', 2, 30.00), (283, 83, 9, '2022-12-26', 1, 20.00), (284, 84, 10, '2023-01-11', 1, 0.00),
(285, 85, 11, '2023-01-21', 1, 0.00), (286, 86, 12, '2023-02-07', 1, 50.00), (287, 87, 13, '2023-02-16', 1, 75.00),
(288, 88, 14, '2023-02-26', 1, 30.00), (289, 89, 15, '2023-03-07', 1, 0.00), (290, 90, 1, '2023-03-16', 1, 15.00),
(291, 91, 2, '2023-03-21', 1, 120.00), (292, 92, 3, '2023-04-07', 1, 25.00), (293, 93, 4, '2023-04-16', 1, 75.00),
(294, 94, 5, '2023-04-26', 2, 44.00), (295, 95, 6, '2023-05-07', 1, 35.00), (296, 96, 7, '2023-05-16', 1, 10.00),
(297, 97, 8, '2023-05-26', 2, 30.00), (298, 98, 9, '2023-06-07', 1, 20.00), (299, 99, 10, '2023-06-16', 1, 0.00),
(300, 100, 11, '2023-06-25', 1, 0.00);

-- 18. Insert into invoice table (200 invoices - one per booking)
INSERT INTO invoice (invoice_id, booking_id, issue_date, due_date, amount, tax_amount, total_amount, payment_status, payment_method, payment_date) VALUES
(1, 1, '2022-12-05', '2022-12-15', 599.96, 60.00, 659.96, 'Paid', 'Credit Card', '2022-12-05'),
(2, 2, '2022-12-15', '2022-12-25', 1249.95, 125.00, 1374.95, 'Paid', 'Credit Card', '2022-12-15'),
(3, 3, '2022-12-25', '2023-01-04', 1499.95, 150.00, 1649.95, 'Paid', 'Credit Card', '2022-12-25'),
(4, 4, '2023-01-10', '2023-01-20', 999.95, 100.00, 1099.95, 'Paid', 'Credit Card', '2023-01-10'),
(5, 5, '2023-01-20', '2023-01-30', 799.96, 80.00, 879.96, 'Paid', 'Credit Card', '2023-01-20'),
(6, 6, '2023-02-07', '2023-02-17', 1799.94, 180.00, 1979.94, 'Paid', 'Credit Card', '2023-02-07'),
(7, 7, '2023-02-15', '2023-02-25', 1249.95, 125.00, 1374.95, 'Paid', 'Credit Card', '2023-02-15'),
(8, 8, '2023-02-25', '2023-03-07', 1499.95, 150.00, 1649.95, 'Paid', 'Credit Card', '2023-02-25'),
(9, 9, '2023-03-07', '2023-03-17', 1799.94, 180.00, 1979.94, 'Paid', 'Credit Card', '2023-03-07'),
(10, 10, '2023-03-15', '2023-03-25', 1249.95, 125.00, 1374.95, 'Paid', 'Credit Card', '2023-03-15'),
(11, 11, '2023-03-20', '2023-03-30', 999.95, 100.00, 1099.95, 'Paid', 'Credit Card', '2023-03-20'),
(12, 12, '2023-04-05', '2023-04-15', 799.96, 80.00, 879.96, 'Paid', 'Credit Card', '2023-04-05'),
(13, 13, '2023-04-15', '2023-04-25', 1249.95, 125.00, 1374.95, 'Paid', 'Credit Card', '2023-04-15'),
(14, 14, '2023-04-25', '2023-05-05', 999.95, 100.00, 1099.95, 'Paid', 'Credit Card', '2023-04-25'),
(15, 15, '2023-05-07', '2023-05-17', 1799.94, 180.00, 1979.94, 'Paid', 'Credit Card', '2023-05-07'),
(16, 16, '2023-05-15', '2023-05-25', 1249.95, 125.00, 1374.95, 'Paid', 'Credit Card', '2023-05-15'),
(17, 17, '2023-05-21', '2023-05-31', 999.95, 100.00, 1099.95, 'Paid', 'Credit Card', '2023-05-21'),
(18, 18, '2023-06-05', '2023-06-15', 799.96, 80.00, 879.96, 'Paid', 'Credit Card', '2023-06-05'),
(19, 19, '2023-06-15', '2023-06-25', 1249.95, 125.00, 1374.95, 'Paid', 'Credit Card', '2023-06-15'),
(20, 20, '2023-06-20', '2023-06-30', 999.95, 100.00, 1099.95, 'Cancelled', NULL, NULL),
(21, 21, '2022-12-06', '2022-12-16', 599.96, 60.00, 659.96, 'Paid', 'Credit Card', '2022-12-06'),
(22, 22, '2022-12-16', '2022-12-26', 1249.95, 125.00, 1374.95, 'Paid', 'Credit Card', '2022-12-16'),
(23, 23, '2022-12-26', '2023-01-05', 1499.95, 150.00, 1649.95, 'Paid', 'Credit Card', '2022-12-26'),
(24, 24, '2023-01-11', '2023-01-21', 999.95, 100.00, 1099.95, 'Paid', 'Credit Card', '2023-01-11'),
(25, 25, '2023-01-21', '2023-01-31', 799.96, 80.00, 879.96, 'Paid', 'Credit Card', '2023-01-21'),
(26, 26, '2023-02-08', '2023-02-18', 1799.94, 180.00, 1979.94, 'Paid', 'Credit Card', '2023-02-08'),
(27, 27, '2023-02-16', '2023-02-26', 1249.95, 125.00, 1374.95, 'Paid', 'Credit Card', '2023-02-16'),
(28, 28, '2023-02-26', '2023-03-08', 1499.95, 150.00, 1649.95, 'Paid', 'Credit Card', '2023-02-26'),
(29, 29, '2023-03-08', '2023-03-18', 1799.94, 180.00, 1979.94, 'Paid', 'Credit Card', '2023-03-08'),
(30, 30, '2023-03-16', '2023-03-26', 1249.95, 125.00, 1374.95, 'Paid', 'Credit Card', '2023-03-16'),
(31, 31, '2023-03-21', '2023-03-31', 999.95, 100.00, 1099.95, 'Paid', 'Credit Card', '2023-03-21'),
(32, 32, '2023-04-06', '2023-04-16', 799.96, 80.00, 879.96, 'Paid', 'Credit Card', '2023-04-06'),
(33, 33, '2023-04-16', '2023-04-26', 1249.95, 125.00, 1374.95, 'Paid', 'Credit Card', '2023-04-16'),
(34, 34, '2023-04-26', '2023-05-06', 999.95, 100.00, 1099.95, 'Paid', 'Credit Card', '2023-04-26'),
(35, 35, '2023-05-08', '2023-05-18', 1799.94, 180.00, 1979.94, 'Paid', 'Credit Card', '2023-05-08'),
(36, 36, '2023-05-16', '2023-05-26', 1249.95, 125.00, 1374.95, 'Paid', 'Credit Card', '2023-05-16'),
(37, 37, '2023-05-22', '2023-06-01', 999.95, 100.00, 1099.95, 'Paid', 'Credit Card', '2023-05-22'),
(38, 38, '2023-06-06', '2023-06-16', 799.96, 80.00, 879.96, 'Paid', 'Credit Card', '2023-06-06'),
(39, 39, '2023-06-16', '2023-06-26', 1249.95, 125.00, 1374.95, 'Paid', 'Credit Card', '2023-06-16'),
(40, 40, '2023-06-21', '2023-07-01', 999.95, 100.00, 1099.95, 'Cancelled', NULL, NULL),
(41, 41, '2022-12-07', '2022-12-17', 599.96, 60.00, 659.96, 'Paid', 'Credit Card', '2022-12-07'),
(42, 42, '2022-12-17', '2022-12-27', 1249.95, 125.00, 1374.95, 'Paid', 'Credit Card', '2022-12-17'),
(43, 43, '2022-12-27', '2023-01-06', 1499.95, 150.00, 1649.95, 'Paid', 'Credit Card', '2022-12-27'),
(44, 44, '2023-01-12', '2023-01-22', 999.95, 100.00, 1099.95, 'Paid', 'Credit Card', '2023-01-12'),
(45, 45, '2023-01-22', '2023-02-01', 799.96, 80.00, 879.96, 'Paid', 'Credit Card', '2023-01-22'),
(46, 46, '2023-02-09', '2023-02-19', 1799.94, 180.00, 1979.94, 'Paid', 'Credit Card', '2023-02-09'),
(47, 47, '2023-02-17', '2023-02-27', 1249.95, 125.00, 1374.95, 'Paid', 'Credit Card', '2023-02-17'),
(48, 48, '2023-02-27', '2023-03-09', 1499.95, 150.00, 1649.95, 'Paid', 'Credit Card', '2023-02-27'),
(49, 49, '2023-03-09', '2023-03-19', 1799.94, 180.00, 1979.94, 'Paid', 'Credit Card', '2023-03-09'),
(50, 50, '2023-03-17', '2023-03-27', 1249.95, 125.00, 1374.95, 'Paid', 'Credit Card', '2023-03-17'),
(51, 51, '2023-03-22', '2023-04-01', 999.95, 100.00, 1099.95, 'Paid', 'Credit Card', '2023-03-22'),
(52, 52, '2023-04-07', '2023-04-17', 799.96, 80.00, 879.96, 'Paid', 'Credit Card', '2023-04-07'),
(53, 53, '2023-04-17', '2023-04-27', 1249.95, 125.00, 1374.95, 'Paid', 'Credit Card', '2023-04-17'),
(54, 54, '2023-04-27', '2023-05-07', 999.95, 100.00, 1099.95, 'Paid', 'Credit Card', '2023-04-27'),
(55, 55, '2023-05-09', '2023-05-19', 1799.94, 180.00, 1979.94, 'Paid', 'Credit Card', '2023-05-09'),
(56, 56, '2023-05-17', '2023-05-27', 1249.95, 125.00, 1374.95, 'Paid', 'Credit Card', '2023-05-17'),
(57, 57, '2023-05-23', '2023-06-02', 999.95, 100.00, 1099.95, 'Paid', 'Credit Card', '2023-05-23'),
(58, 58, '2023-06-07', '2023-06-17', 799.96, 80.00, 879.96, 'Paid', 'Credit Card', '2023-06-07'),
(59, 59, '2023-06-17', '2023-06-27', 1249.95, 125.00, 1374.95, 'Paid', 'Credit Card', '2023-06-17'),
(60, 60, '2023-06-22', '2023-07-02', 999.95, 100.00, 1099.95, 'Cancelled', NULL, NULL),
(61, 61, '2022-12-08', '2022-12-18', 599.96, 60.00, 659.96, 'Paid', 'Credit Card', '2022-12-08'),
(62, 62, '2022-12-18', '2022-12-28', 1249.95, 125.00, 1374.95, 'Paid', 'Credit Card', '2022-12-18'),
(63, 63, '2022-12-28', '2023-01-07', 1499.95, 150.00, 1649.95, 'Paid', 'Credit Card', '2022-12-28'),
(64, 64, '2023-01-13', '2023-01-23', 999.95, 100.00, 1099.95, 'Paid', 'Credit Card', '2023-01-13'),
(65, 65, '2023-01-23', '2023-02-02', 799.96, 80.00, 879.96, 'Paid', 'Credit Card', '2023-01-23'),
(66, 66, '2023-02-10', '2023-02-20', 1799.94, 180.00, 1979.94, 'Paid', 'Credit Card', '2023-02-10'),
(67, 67, '2023-02-18', '2023-02-28', 1249.95, 125.00, 1374.95, 'Paid', 'Credit Card', '2023-02-18'),
(68, 68, '2023-02-28', '2023-03-10', 1499.95, 150.00, 1649.95, 'Paid', 'Credit Card', '2023-02-28'),
(69, 69, '2023-03-10', '2023-03-20', 1799.94, 180.00, 1979.94, 'Paid', 'Credit Card', '2023-03-10'),
(70, 70, '2023-03-18', '2023-03-28', 1249.95, 125.00, 1374.95, 'Paid', 'Credit Card', '2023-03-18'),
(71, 71, '2023-03-23', '2023-04-02', 999.95, 100.00, 1099.95, 'Paid', 'Credit Card', '2023-03-23'),
(72, 72, '2023-04-08', '2023-04-18', 799.96, 80.00, 879.96, 'Paid', 'Credit Card', '2023-04-08'),
(73, 73, '2023-04-18', '2023-04-28', 1249.95, 125.00, 1374.95, 'Paid', 'Credit Card', '2023-04-18'),
(74, 74, '2023-04-28', '2023-05-08', 999.95, 100.00, 1099.95, 'Paid', 'Credit Card', '2023-04-28'),
(75, 75, '2023-05-10', '2023-05-20', 1799.94, 180.00, 1979.94, 'Paid', 'Credit Card', '2023-05-10'),
(76, 76, '2023-05-18', '2023-05-28', 1249.95, 125.00, 1374.95, 'Paid', 'Credit Card', '2023-05-18'),
(77, 77, '2023-05-24', '2023-06-03', 999.95, 100.00, 1099.95, 'Paid', 'Credit Card', '2023-05-24'),
(78, 78, '2023-06-08', '2023-06-18', 799.96, 80.00, 879.96, 'Paid', 'Credit Card', '2023-06-08'),
(79, 79, '2023-06-18', '2023-06-28', 1249.95, 125.00, 1374.95, 'Paid', 'Credit Card', '2023-06-18'),
(80, 80, '2023-06-23', '2023-07-03', 999.95, 100.00, 1099.95, 'Cancelled', NULL, NULL),
(81, 81, '2022-12-09', '2022-12-19', 599.96, 60.00, 659.96, 'Paid', 'Credit Card', '2022-12-09'),
(82, 82, '2022-12-19', '2022-12-29', 1249.95, 125.00, 1374.95, 'Paid', 'Credit Card', '2022-12-19'),
(83, 83, '2022-12-29', '2023-01-08', 1499.95, 150.00, 1649.95, 'Paid', 'Credit Card', '2022-12-29'),
(84, 84, '2023-01-14', '2023-01-24', 999.95, 100.00, 1099.95, 'Paid', 'Credit Card', '2023-01-14'),
(85, 85, '2023-01-24', '2023-02-03', 799.96, 80.00, 879.96, 'Paid', 'Credit Card', '2023-01-24'),
(86, 86, '2023-02-11', '2023-02-21', 1799.94, 180.00, 1979.94, 'Paid', 'Credit Card', '2023-02-11'),
(87, 87, '2023-02-19', '2023-03-01', 1249.95, 125.00, 1374.95, 'Paid', 'Credit Card', '2023-02-19'),
(88, 88, '2023-03-01', '2023-03-11', 1499.95, 150.00, 1649.95, 'Paid', 'Credit Card', '2023-03-01'),
(89, 89, '2023-03-11', '2023-03-21', 1799.94, 180.00, 1979.94, 'Paid', 'Credit Card', '2023-03-11'),
(90, 90, '2023-03-19', '2023-03-29', 1249.95, 125.00, 1374.95, 'Paid', 'Credit Card', '2023-03-19'),
(91, 91, '2023-03-24', '2023-04-03', 999.95, 100.00, 1099.95, 'Paid', 'Credit Card', '2023-03-24'),
(92, 92, '2023-04-09', '2023-04-19', 799.96, 80.00, 879.96, 'Paid', 'Credit Card', '2023-04-09'),
(93, 93, '2023-04-19', '2023-04-29', 1249.95, 125.00, 1374.95, 'Paid', 'Credit Card', '2023-04-19'),
(94, 94, '2023-04-29', '2023-05-09', 999.95, 100.00, 1099.95, 'Paid', 'Credit Card', '2023-04-29'),
(95, 95, '2023-05-11', '2023-05-21', 1799.94, 180.00, 1979.94, 'Paid', 'Credit Card', '2023-05-11'),
(96, 96, '2023-05-19', '2023-05-29', 1249.95, 125.00, 1374.95, 'Paid', 'Credit Card', '2023-05-19'),
(97, 97, '2023-05-25', '2023-06-04', 999.95, 100.00, 1099.95, 'Paid', 'Credit Card', '2023-05-25'),
(98, 98, '2023-06-09', '2023-06-19', 799.96, 80.00, 879.96, 'Paid', 'Credit Card', '2023-06-09'),
(99, 99, '2023-06-19', '2023-06-29', 1249.95, 125.00, 1374.95, 'Paid', 'Credit Card', '2023-06-19'),
(100, 100, '2023-06-24', '2023-07-04', 999.95, 100.00, 1099.95, 'Cancelled', NULL, NULL),
(101, 101, '2022-12-10', '2022-12-20', 599.96, 60.00, 659.96, 'Paid', 'Credit Card', '2022-12-10'),
(102, 102, '2022-12-20', '2022-12-30', 1249.95, 125.00, 1374.95, 'Paid', 'Credit Card', '2022-12-20'),
(103, 103, '2022-12-30', '2023-01-09', 1499.95, 150.00, 1649.95, 'Paid', 'Credit Card', '2022-12-30'),
(104, 104, '2023-01-15', '2023-01-25', 999.95, 100.00, 1099.95, 'Paid', 'Credit Card', '2023-01-15'),
(105, 105, '2023-01-25', '2023-02-04', 799.96, 80.00, 879.96, 'Paid', 'Credit Card', '2023-01-25'),
(106, 106, '2023-02-12', '2023-02-22', 1799.94, 180.00, 1979.94, 'Paid', 'Credit Card', '2023-02-12'),
(107, 107, '2023-02-20', '2023-03-02', 1249.95, 125.00, 1374.95, 'Paid', 'Credit Card', '2023-02-20'),
(108, 108, '2023-03-02', '2023-03-12', 1499.95, 150.00, 1649.95, 'Paid', 'Credit Card', '2023-03-02'),
(109, 109, '2023-03-12', '2023-03-22', 1799.94, 180.00, 1979.94, 'Paid', 'Credit Card', '2023-03-12'),
(110, 110, '2023-03-20', '2023-03-30', 1249.95, 125.00, 1374.95, 'Paid', 'Credit Card', '2023-03-20'),
(111, 111, '2023-03-25', '2023-04-04', 999.95, 100.00, 1099.95, 'Paid', 'Credit Card', '2023-03-25'),
(112, 112, '2023-04-10', '2023-04-20', 799.96, 80.00, 879.96, 'Paid', 'Credit Card', '2023-04-10'),
(113, 113, '2023-04-20', '2023-04-30', 1249.95, 125.00, 1374.95, 'Paid', 'Credit Card', '2023-04-20'),
(114, 114, '2023-04-30', '2023-05-10', 999.95, 100.00, 1099.95, 'Paid', 'Credit Card', '2023-04-30'),
(115, 115, '2023-05-12', '2023-05-22', 1799.94, 180.00, 1979.94, 'Paid', 'Credit Card', '2023-05-12'),
(116, 116, '2023-05-20', '2023-05-30', 1249.95, 125.00, 1374.95, 'Paid', 'Credit Card', '2023-05-20'),
(117, 117, '2023-05-26', '2023-06-05', 999.95, 100.00, 1099.95, 'Paid', 'Credit Card', '2023-05-26'),
(118, 118, '2023-06-10', '2023-06-20', 799.96, 80.00, 879.96, 'Paid', 'Credit Card', '2023-06-10'),
(119, 119, '2023-06-20', '2023-06-30', 1249.95, 125.00, 1374.95, 'Paid', 'Credit Card', '2023-06-20'),
(120, 120, '2023-06-25', '2023-07-05', 999.95, 100.00, 1099.95, 'Cancelled', NULL, NULL),
(121, 121, '2022-12-11', '2022-12-21', 599.96, 60.00, 659.96, 'Paid', 'Credit Card', '2022-12-11'),
(122, 122, '2022-12-21', '2022-12-31', 1249.95, 125.00, 1374.95, 'Paid', 'Credit Card', '2022-12-21'),
(123, 123, '2022-12-31', '2023-01-10', 1499.95, 150.00, 1649.95, 'Paid', 'Credit Card', '2022-12-31'),
(124, 124, '2023-01-16', '2023-01-26', 999.95, 100.00, 1099.95, 'Paid', 'Credit Card', '2023-01-16'),
(125, 125, '2023-01-26', '2023-02-05', 799.96, 80.00, 879.96, 'Paid', 'Credit Card', '2023-01-26'),
(126, 126, '2023-02-13', '2023-02-23', 1799.94, 180.00, 1979.94, 'Paid', 'Credit Card', '2023-02-13'),
(127, 127, '2023-02-21', '2023-03-03', 1249.95, 125.00, 1374.95, 'Paid', 'Credit Card', '2023-02-21'),
(128, 128, '2023-03-03', '2023-03-13', 1499.95, 150.00, 1649.95, 'Paid', 'Credit Card', '2023-03-03'),
(129, 129, '2023-03-13', '2023-03-23', 1799.94, 180.00, 1979.94, 'Paid', 'Credit Card', '2023-03-13'),
(130, 130, '2023-03-21', '2023-03-31', 1249.95, 125.00, 1374.95, 'Paid', 'Credit Card', '2023-03-21'),
(131, 131, '2023-03-26', '2023-04-05', 999.95, 100.00, 1099.95, 'Paid', 'Credit Card', '2023-03-26'),
(132, 132, '2023-04-11', '2023-04-21', 799.96, 80.00, 879.96, 'Paid', 'Credit Card', '2023-04-11'),
(133, 133, '2023-04-21', '2023-05-01', 1249.95, 125.00, 1374.95, 'Paid', 'Credit Card', '2023-04-21'),
(134, 134, '2023-05-01', '2023-05-11', 999.95, 100.00, 1099.95, 'Paid', 'Credit Card', '2023-05-01'),
(135, 135, '2023-05-13', '2023-05-23', 1799.94, 180.00, 1979.94, 'Paid', 'Credit Card', '2023-05-13'),
(136, 136, '2023-05-21', '2023-05-31', 1249.95, 125.00, 1374.95, 'Paid', 'Credit Card', '2023-05-21'),
(137, 137, '2023-05-27', '2023-06-06', 999.95, 100.00, 1099.95, 'Paid', 'Credit Card', '2023-05-27'),
(138, 138, '2023-06-11', '2023-06-21', 799.96, 80.00, 879.96, 'Paid', 'Credit Card', '2023-06-11'),
(139, 139, '2023-06-21', '2023-07-01', 1249.95, 125.00, 1374.95, 'Paid', 'Credit Card', '2023-06-21'),
(140, 140, '2023-06-26', '2023-07-06', 999.95, 100.00, 1099.95, 'Cancelled', NULL, NULL),
(141, 141, '2022-12-12', '2022-12-22', 599.96, 60.00, 659.96, 'Paid', 'Credit Card', '2022-12-12'),
(142, 142, '2022-12-22', '2023-01-01', 1249.95, 125.00, 1374.95, 'Paid', 'Credit Card', '2022-12-22'),
(143, 143, '2023-01-01', '2023-01-11', 1499.95, 150.00, 1649.95, 'Paid', 'Credit Card', '2023-01-01'),
(144, 144, '2023-01-17', '2023-01-27', 999.95, 100.00, 1099.95, 'Paid', 'Credit Card', '2023-01-17'),
(145, 145, '2023-01-27', '2023-02-06', 799.96, 80.00, 879.96, 'Paid', 'Credit Card', '2023-01-27'),
(146, 146, '2023-02-14', '2023-02-24', 1799.94, 180.00, 1979.94, 'Paid', 'Credit Card', '2023-02-14'),
(147, 147, '2023-02-22', '2023-03-04', 1249.95, 125.00, 1374.95, 'Paid', 'Credit Card', '2023-02-22'),
(148, 148, '2023-03-04', '2023-03-14', 1499.95, 150.00, 1649.95, 'Paid', 'Credit Card', '2023-03-04'),
(149, 149, '2023-03-14', '2023-03-24', 1799.94, 180.00, 1979.94, 'Paid', 'Credit Card', '2023-03-14'),
(150, 150, '2023-03-22', '2023-04-01', 1249.95, 125.00, 1374.95, 'Paid', 'Credit Card', '2023-03-22'),
(151, 151, '2023-03-27', '2023-04-06', 999.95, 100.00, 1099.95, 'Paid', 'Credit Card', '2023-03-27'),
(152, 152, '2023-04-12', '2023-04-22', 799.96, 80.00, 879.96, 'Paid', 'Credit Card', '2023-04-12'),
(153, 153, '2023-04-22', '2023-05-02', 1249.95, 125.00, 1374.95, 'Paid', 'Credit Card', '2023-04-22'),
(154, 154, '2023-05-02', '2023-05-12', 999.95, 100.00, 1099.95, 'Paid', 'Credit Card', '2023-05-02'),
(155, 155, '2023-05-14', '2023-05-24', 1799.94, 180.00, 1979.94, 'Paid', 'Credit Card', '2023-05-14'),
(156, 156, '2023-05-22', '2023-06-01', 1249.95, 125.00, 1374.95, 'Paid', 'Credit Card', '2023-05-22'),
(157, 157, '2023-05-28', '2023-06-07', 999.95, 100.00, 1099.95, 'Paid', 'Credit Card', '2023-05-28'),
(158, 158, '2023-06-12', '2023-06-22', 799.96, 80.00, 879.96, 'Paid', 'Credit Card', '2023-06-12'),
(159, 159, '2023-06-22', '2023-07-02', 1249.95, 125.00, 1374.95, 'Paid', 'Credit Card', '2023-06-22'),
(160, 160, '2023-06-27', '2023-07-07', 999.95, 100.00, 1099.95, 'Cancelled', NULL, NULL),
(161, 161, '2022-12-13', '2022-12-23', 599.96, 60.00, 659.96, 'Paid', 'Credit Card', '2022-12-13'),
(162, 162, '2022-12-23', '2023-01-02', 1249.95, 125.00, 1374.95, 'Paid', 'Credit Card', '2022-12-23'),
(163, 163, '2023-01-02', '2023-01-12', 1499.95, 150.00, 1649.95, 'Paid', 'Credit Card', '2023-01-02'),
(164, 164, '2023-01-18', '2023-01-28', 999.95, 100.00, 1099.95, 'Paid', 'Credit Card', '2023-01-18'),
(165, 165, '2023-01-28', '2023-02-07', 799.96, 80.00, 879.96, 'Paid', 'Credit Card', '2023-01-28'),
(166, 166, '2023-02-15', '2023-02-25', 1799.94, 180.00, 1979.94, 'Paid', 'Credit Card', '2023-02-15'),
(167, 167, '2023-02-23', '2023-03-05', 1249.95, 125.00, 1374.95, 'Paid', 'Credit Card', '2023-02-23'),
(168, 168, '2023-03-05', '2023-03-15', 1499.95, 150.00, 1649.95, 'Paid', 'Credit Card', '2023-03-05'),
(169, 169, '2023-03-15', '2023-03-25', 1799.94, 180.00, 1979.94, 'Paid', 'Credit Card', '2023-03-15'),
(170, 170, '2023-03-23', '2023-04-02', 1249.95, 125.00, 1374.95, 'Paid', 'Credit Card', '2023-03-23'),
(171, 171, '2023-03-28', '2023-04-07', 999.95, 100.00, 1099.95, 'Paid', 'Credit Card', '2023-03-28'),
(172, 172, '2023-04-13', '2023-04-23', 799.96, 80.00, 879.96, 'Paid', 'Credit Card', '2023-04-13'),
(173, 173, '2023-04-23', '2023-05-03', 1249.95, 125.00, 1374.95, 'Paid', 'Credit Card', '2023-04-23'),
(174, 174, '2023-05-03', '2023-05-13', 999.95, 100.00, 1099.95, 'Paid', 'Credit Card', '2023-05-03'),
(175, 175, '2023-05-15', '2023-05-25', 1799.94, 180.00, 1979.94, 'Paid', 'Credit Card', '2023-05-15'),
(176, 176, '2023-05-23', '2023-06-02', 1249.95, 125.00, 1374.95, 'Paid', 'Credit Card', '2023-05-23'),
(177, 177, '2023-05-29', '2023-06-08', 999.95, 100.00, 1099.95, 'Paid', 'Credit Card', '2023-05-29'),
(178, 178, '2023-06-13', '2023-06-23', 799.96, 80.00, 879.96, 'Paid', 'Credit Card', '2023-06-13'),
(179, 179, '2023-06-23', '2023-07-03', 1249.95, 125.00, 1374.95, 'Paid', 'Credit Card', '2023-06-23'),
(180, 180, '2023-06-28', '2023-07-08', 999.95, 100.00, 1099.95, 'Cancelled', NULL, NULL),
(181, 181, '2022-12-14', '2022-12-24', 599.96, 60.00, 659.96, 'Paid', 'Credit Card', '2022-12-14'),
(182, 182, '2022-12-24', '2023-01-03', 1249.95, 125.00, 1374.95, 'Paid', 'Credit Card', '2022-12-24'),
(183, 183, '2023-01-03', '2023-01-13', 1499.95, 150.00, 1649.95, 'Paid', 'Credit Card', '2023-01-03'),
(184, 184, '2023-01-19', '2023-01-29', 999.95, 100.00, 1099.95, 'Paid', 'Credit Card', '2023-01-19'),
(185, 185, '2023-01-29', '2023-02-08', 799.96, 80.00, 879.96, 'Paid', 'Credit Card', '2023-01-29'),
(186, 186, '2023-02-16', '2023-02-26', 1799.94, 180.00, 1979.94, 'Paid', 'Credit Card', '2023-02-16'),
(187, 187, '2023-02-24', '2023-03-06', 1249.95, 125.00, 1374.95, 'Paid', 'Credit Card', '2023-02-24'),
(188, 188, '2023-03-06', '2023-03-16', 1499.95, 150.00, 1649.95, 'Paid', 'Credit Card', '2023-03-06'),
(189, 189, '2023-03-16', '2023-03-26', 1799.94, 180.00, 1979.94, 'Paid', 'Credit Card', '2023-03-16'),
(190, 190, '2023-03-24', '2023-04-03', 1249.95, 125.00, 1374.95, 'Paid', 'Credit Card', '2023-03-24'),
(191, 191, '2023-03-29', '2023-04-08', 999.95, 100.00, 1099.95, 'Paid', 'Credit Card', '2023-03-29'),
(192, 192, '2023-04-14', '2023-04-24', 799.96, 80.00, 879.96, 'Paid', 'Credit Card', '2023-04-14'),
(193, 193, '2023-04-24', '2023-05-04', 1249.95, 125.00, 1374.95, 'Paid', 'Credit Card', '2023-04-24'),
(194, 194, '2023-05-04', '2023-05-14', 999.95, 100.00, 1099.95, 'Paid', 'Credit Card', '2023-05-04'),
(195, 195, '2023-05-16', '2023-05-26', 1799.94, 180.00, 1979.94, 'Paid', 'Credit Card', '2023-05-16'),
(196, 196, '2023-05-24', '2023-06-03', 1249.95, 125.00, 1374.95, 'Paid', 'Credit Card', '2023-05-24'),
(197, 197, '2023-05-30', '2023-06-09', 999.95, 100.00, 1099.95, 'Paid', 'Credit Card', '2023-05-30'),
(198, 198, '2023-06-14', '2023-06-24', 799.96, 80.00, 879.96, 'Paid', 'Credit Card', '2023-06-14'),
(199, 199, '2023-06-24', '2023-07-04', 1249.95, 125.00, 1374.95, 'Paid', 'Credit Card', '2023-06-24'),
(200, 200, '2023-06-29', '2023-07-09', 999.95, 100.00, 1099.95, 'Cancelled', NULL, NULL);

-- 19. Insert into feedback table (100 entries)
INSERT INTO feedback (feedback_id, booking_id, rating, comments, feedback_date) VALUES
(1, 1, 5, 'Excellent service and beautiful room!', '2022-12-05'),
(2, 2, 4, 'Great stay overall, but room service was slow.', '2022-12-15'),
(3, 3, 5, 'Perfect anniversary getaway!', '2022-12-25'),
(4, 4, 3, 'Room was clean but noisy from street.', '2023-01-10'),
(5, 5, 4, 'Comfortable bed and good location.', '2023-01-20'),
(6, 6, 5, 'Family loved the pool and kids activities.', '2023-02-07'),
(7, 7, 2, 'Air conditioning didn\'t work properly.', '2023-02-15'),
(8, 8, 5, 'Romantic suite with amazing views!', '2023-02-25'),
(9, 9, 4, 'Great spa services but expensive.', '2023-03-07'),
(10, 10, 3, 'Average business hotel, nothing special.', '2023-03-15'),
(11, 11, 5, 'Will definitely stay here again!', '2023-03-20'),
(12, 12, 4, 'Good value for the price.', '2023-04-05'),
(13, 13, 5, 'Friendly staff and clean facilities.', '2023-04-15'),
(14, 14, 1, 'Room was not cleaned properly during stay.', '2023-04-25'),
(15, 15, 5, 'Perfect family vacation spot!', '2023-05-07'),
(16, 16, 4, 'Convenient location for conference.', '2023-05-15'),
(17, 17, 3, 'Decent hotel but overpriced.', '2023-05-21'),
(18, 18, 5, 'Beautiful room and excellent service!', '2023-06-05'),
(19, 19, 4, 'Good experience overall.', '2023-06-15'),
(20, 21, 5, 'Amazing mountain views from the room!', '2022-12-06'),
(21, 22, 4, 'Comfortable stay with minor issues.', '2022-12-16'),
(22, 23, 5, 'Perfect for our needs!', '2022-12-26'),
(23, 24, 3, 'Average business hotel.', '2023-01-11'),
(24, 25, 4, 'Good value for money.', '2023-01-21'),
(25, 26, 5, 'Kids loved the pool!', '2023-02-08'),
(26, 27, 2, 'Problems with room cleanliness.', '2023-02-16'),
(27, 28, 5, 'Excellent honeymoon suite!', '2023-02-26'),
(28, 29, 4, 'Great but breakfast could be better.', '2023-03-08'),
(29, 30, 3, 'Standard business hotel.', '2023-03-16'),
(30, 31, 5, 'Perfect in every way!', '2023-03-21'),
(31, 32, 4, 'Good weekend getaway.', '2023-04-06'),
(32, 33, 5, 'Very satisfied with our stay.', '2023-04-16'),
(33, 34, 1, 'Unacceptable room condition.', '2023-04-26'),
(34, 35, 5, 'Family had a wonderful time!', '2023-05-08'),
(35, 36, 4, 'Convenient for our meetings.', '2023-05-16'),
(36, 37, 3, 'Average experience.', '2023-05-22'),
(37, 38, 5, 'Lovely room and great service!', '2023-06-06'),
(38, 39, 4, 'Enjoyed our stay.', '2023-06-16'),
(39, 41, 5, 'Beautiful city views!', '2022-12-07'),
(40, 42, 4, 'Good but not exceptional.', '2022-12-17'),
(41, 43, 5, 'Perfect business trip hotel.', '2022-12-27'),
(42, 44, 3, 'Needs better soundproofing.', '2023-01-12'),
(43, 45, 4, 'Comfortable and clean.', '2023-01-22'),
(44, 46, 5, 'Great family amenities!', '2023-02-09'),
(45, 47, 2, 'Maintenance issues in room.', '2023-02-17'),
(46, 48, 5, 'Romantic and peaceful!', '2023-02-27'),
(47, 49, 4, 'Good but pricey.', '2023-03-09'),
(48, 50, 3, 'Standard hotel experience.', '2023-03-17'),
(49, 51, 5, 'Would definitely return!', '2023-03-22'),
(50, 52, 4, 'Nice weekend stay.', '2023-04-07'),
(51, 53, 5, 'Excellent service throughout.', '2023-04-17'),
(52, 54, 1, 'Room not ready at check-in.', '2023-04-27'),
(53, 55, 5, 'Family had a blast!', '2023-05-09'),
(54, 56, 4, 'Good conference facilities.', '2023-05-17'),
(55, 57, 3, 'Average for the price.', '2023-05-23'),
(56, 58, 5, 'Beautiful and comfortable!', '2023-06-07'),
(57, 59, 4, 'Pleasant stay overall.', '2023-06-17'),
(58, 61, 5, 'Luxurious experience!', '2022-12-08'),
(59, 62, 4, 'Very good but not perfect.', '2022-12-18'),
(60, 63, 5, 'Perfect for our needs.', '2022-12-28'),
(61, 64, 3, 'Average business stay.', '2023-01-13'),
(62, 65, 4, 'Good value overall.', '2023-01-23'),
(63, 66, 5, 'Kids loved every minute!', '2023-02-10'),
(64, 67, 2, 'Housekeeping issues.', '2023-02-18'),
(65, 68, 5, 'Amazing anniversary stay!', '2023-02-28'),
(66, 69, 4, 'Great but breakfast crowded.', '2023-03-10'),
(67, 70, 3, 'Standard business hotel.', '2023-03-18'),
(68, 71, 5, 'Perfect in every aspect!', '2023-03-23'),
(69, 72, 4, 'Nice short stay.', '2023-04-08'),
(70, 73, 5, 'Very pleased with everything.', '2023-04-18'),
(71, 74, 1, 'Room not as advertised.', '2023-04-28'),
(72, 75, 5, 'Family vacation was perfect!', '2023-05-10'),
(73, 76, 4, 'Convenient for our event.', '2023-05-18'),
(74, 77, 3, 'Expected better for the price.', '2023-05-24'),
(75, 78, 5, 'Exceptional service!', '2023-06-08'),
(76, 79, 4, 'Enjoyed our time here.', '2023-06-18'),
(77, 81, 5, 'Stunning ocean views!', '2022-12-09'),
(78, 82, 4, 'Good but minor issues.', '2022-12-19'),
(79, 83, 5, 'Perfect business trip.', '2022-12-29'),
(80, 84, 3, 'Noisy hallway at night.', '2023-01-14'),
(81, 85, 4, 'Comfortable and clean room.', '2023-01-24'),
(82, 86, 5, 'Kids had so much fun!', '2023-02-11'),
(83, 87, 2, 'Bathroom needed cleaning.', '2023-02-19'),
(84, 88, 5, 'Romantic and beautiful!', '2023-03-01'),
(85, 89, 4, 'Good but expensive.', '2023-03-11'),
(86, 90, 3, 'Standard hotel experience.', '2023-03-19'),
(87, 91, 5, 'Can\'t wait to come back!', '2023-03-24'),
(88, 92, 4, 'Nice getaway weekend.', '2023-04-09'),
(89, 93, 5, 'Everything was excellent.', '2023-04-19'),
(90, 94, 1, 'Unacceptable room condition.', '2023-04-29'),
(91, 95, 5, 'Family loved it!', '2023-05-11'),
(92, 96, 4, 'Good for our conference.', '2023-05-19'),
(93, 97, 3, 'Average for the price.', '2023-05-25'),
(94, 98, 5, 'Beautiful and relaxing!', '2023-06-09'),
(95, 99, 4, 'Nice stay overall.', '2023-06-19'),
(96, 101, 5, 'Amazing city views!', '2022-12-10'),
(97, 102, 4, 'Very good with minor flaws.', '2022-12-20'),
(98, 103, 5, 'Perfect business stay.', '2022-12-30'),
(99, 104, 3, 'Average experience.', '2023-01-15'),
(100, 105, 4, 'Good value for money.', '2023-01-25');

-- 20. Insert into maintenance table (50 entries)
INSERT INTO maintenance (maintenance_id, room_id, employee_id, maintenance_type, description, request_date, completion_date, status, cost) VALUES
(1, 4, 5, 'Repair', 'Fix leaking faucet in bathroom', '2022-12-02', '2022-12-02', 'Completed', 75.00),
(2, 19, 15, 'Electrical', 'Replace faulty light switch', '2022-12-12', '2022-12-12', 'Completed', 60.00),
(3, 38, 25, 'HVAC', 'AC unit not cooling properly', '2023-01-06', '2023-01-07', 'Completed', 150.00),
(4, 59, 35, 'Plumbing', 'Clogged shower drain', '2023-01-20', '2023-01-20', 'Completed', 85.00),
(5, 68, 45, 'Furniture', 'Replace broken desk chair', '2023-02-10', '2023-02-10', 'Completed', 120.00),
(6, 78, 55, 'Appliance', 'Mini fridge not cooling', '2023-02-22', '2023-02-23', 'Completed', 200.00),
(7, 89, 65, 'Painting', 'Touch up wall scratches', '2023-03-15', '2023-03-15', 'Completed', 90.00),
(8, 99, 75, 'Electrical', 'Replace burned out bulbs', '2023-04-05', '2023-04-05', 'Completed', 40.00),
(9, 49, 85, 'Plumbing', 'Fix slow draining sink', '2023-04-18', '2023-04-18', 'Completed', 75.00),
(10, 29, 95, 'HVAC', 'Thermostat not working', '2023-05-10', '2023-05-10', 'Completed', 125.00),
(11, 8, 5, 'Furniture', 'Repair loose bed frame', '2022-12-15', '2022-12-15', 'Completed', 65.00),
(12, 17, 15, 'Appliance', 'TV remote not working', '2023-01-05', '2023-01-05', 'Completed', 30.00),
(13, 28, 25, 'Plumbing', 'Toilet running continuously', '2023-01-25', '2023-01-25', 'Completed', 85.00),
(14, 39, 35, 'Electrical', 'Outlet not working', '2023-02-14', '2023-02-14', 'Completed', 60.00),
(15, 48, 45, 'HVAC', 'Heater not warming room', '2023-03-05', '2023-03-06', 'Completed', 150.00),
(16, 58, 55, 'Furniture', 'Replace damaged nightstand', '2023-03-20', '2023-03-20', 'Completed', 110.00),
(17, 69, 65, 'Appliance', 'Coffee maker not working', '2023-04-10', '2023-04-10', 'Completed', 50.00),
(18, 79, 75, 'Painting', 'Repaint door with scratches', '2023-04-25', '2023-04-25', 'Completed', 75.00),
(19, 88, 85, 'Electrical', 'Replace flickering light', '2023-05-15', '2023-05-15', 'Completed', 45.00),
(20, 98, 95, 'Plumbing', 'Fix dripping shower head', '2023-06-01', '2023-06-01', 'Completed', 65.00),
(21, 7, 5, 'HVAC', 'AC filter replacement', '2022-12-20', '2022-12-20', 'Completed', 40.00),
(22, 18, 15, 'Furniture', 'Tighten loose cabinet handles', '2023-01-10', '2023-01-10', 'Completed', 30.00),
(23, 27, 25, 'Appliance', 'Safe not opening', '2023-01-30', '2023-01-30', 'Completed', 90.00),
(24, 37, 35, 'Plumbing', 'Low water pressure in sink', '2023-02-20', '2023-02-20', 'Completed', 75.00),
(25, 47, 45, 'Electrical', 'Replace damaged power strip', '2023-03-12', '2023-03-12', 'Completed', 25.00),
(26, 57, 55, 'HVAC', 'Clean air vents', '2023-03-28', '2023-03-28', 'Completed', 60.00),
(27, 67, 65, 'Furniture', 'Repair closet door', '2023-04-15', '2023-04-15', 'Completed', 85.00),
(28, 77, 75, 'Appliance', 'Replace microwave', '2023-05-05', '2023-05-05', 'Completed', 150.00),
(29, 87, 85, 'Painting', 'Touch up baseboards', '2023-05-20', '2023-05-20', 'Completed', 65.00),
(30, 97, 95, 'Electrical', 'Install new dimmer switch', '2023-06-10', '2023-06-10', 'Completed', 75.00),
(31, 6, 5, 'Plumbing', 'Replace shower curtain rod', '2022-12-25', '2022-12-25', 'Completed', 45.00),
(32, 16, 15, 'HVAC', 'Thermostat calibration', '2023-01-15', '2023-01-15', 'Completed', 60.00),
(33, 26, 25, 'Furniture', 'Repair drawer slides', '2023-02-05', '2023-02-05', 'Completed', 50.00),
(34, 36, 35, 'Appliance', 'Replace iron', '2023-02-25', '2023-02-25', 'Completed', 40.00),
(35, 46, 45, 'Plumbing', 'Fix loose toilet seat', '2023-03-18', '2023-03-18', 'Completed', 30.00),
(36, 56, 55, 'Electrical', 'Replace faulty smoke detector', '2023-04-08', '2023-04-08', 'Completed', 55.00),
(37, 66, 65, 'HVAC', 'Clean condenser coils', '2023-04-22', '2023-04-22', 'Completed', 85.00),
(38, 76, 75, 'Furniture', 'Replace mattress', '2023-05-12', '2023-05-13', 'Completed', 300.00),
(39, 86, 85, 'Appliance', 'Repair hair dryer', '2023-05-28', '2023-05-28', 'Completed', 45.00),
(40, 96, 95, 'Painting', 'Repaint ceiling stains', '2023-06-15', '2023-06-15', 'Completed', 120.00),
(41, 5, 5, 'Electrical', 'Install USB outlets', '2022-12-30', '2022-12-30', 'Completed', 125.00),
(42, 15, 15, 'Plumbing', 'Replace sink stopper', '2023-01-20', '2023-01-20', 'Completed', 35.00),
(43, 25, 25, 'HVAC', 'Replace air filter', '2023-02-10', '2023-02-10', 'Completed', 25.00),
(44, 35, 35, 'Furniture', 'Repair desk drawer', '2023-03-02', '2023-03-02', 'Completed', 45.00),
(45, 45, 45, 'Appliance', 'Replace clock radio', '2023-03-22', '2023-03-22', 'Completed', 50.00),
(46, 55, 55, 'Plumbing', 'Fix slow bathtub drain', '2023-04-12', '2023-04-12', 'Completed', 75.00),
(47, 65, 65, 'Electrical', 'Replace broken lamp', '2023-04-28', '2023-04-28', 'Completed', 40.00),
(48, 75, 75, 'HVAC', 'Repair ductwork', '2023-05-18', '2023-05-19', 'Completed', 200.00),
(49, 85, 85, 'Furniture', 'Replace office chair', '2023-06-05', '2023-06-05', 'Completed', 150.00),
(50, 95, 95, 'Appliance', 'Replace refrigerator', '2023-06-20', '2023-06-21', 'Completed', 500.00);

-- 21. Insert into employee_salary table (100 entries - one per employee)
INSERT INTO employee_salary (salary_id, employee_id, base_salary, bonus, tax_deductions, insurance_deductions, payment_date, payment_method) VALUES
(1, 1, 45000.00, 2000.00, 4500.00, 1200.00, '2023-01-31', 'Direct Deposit'),
(2, 2, 32000.00, 500.00, 3200.00, 800.00, '2023-01-31', 'Direct Deposit'),
(3, 3, 38000.00, 1000.00, 3800.00, 950.00, '2023-01-31', 'Direct Deposit'),
(4, 4, 28000.00, 300.00, 2800.00, 700.00, '2023-01-31', 'Direct Deposit'),
(5, 5, 35000.00, 800.00, 3500.00, 875.00, '2023-01-31', 'Direct Deposit'),
(6, 6, 48000.00, 2500.00, 4800.00, 1200.00, '2023-01-31', 'Direct Deposit'),
(7, 7, 52000.00, 3000.00, 5200.00, 1300.00, '2023-01-31', 'Direct Deposit'),
(8, 8, 85000.00, 5000.00, 8500.00, 2125.00, '2023-01-31', 'Direct Deposit'),
(9, 9, 36000.00, 1000.00, 3600.00, 900.00, '2023-01-31', 'Direct Deposit'),
(10, 10, 34000.00, 800.00, 3400.00, 850.00, '2023-01-31', 'Direct Deposit'),
(11, 11, 44000.00, 1800.00, 4400.00, 1100.00, '2023-01-31', 'Direct Deposit'),
(12, 12, 31000.00, 400.00, 3100.00, 775.00, '2023-01-31', 'Direct Deposit'),
(13, 13, 37000.00, 900.00, 3700.00, 925.00, '2023-01-31', 'Direct Deposit'),
(14, 14, 27000.00, 200.00, 2700.00, 675.00, '2023-01-31', 'Direct Deposit'),
(15, 15, 34000.00, 700.00, 3400.00, 850.00, '2023-01-31', 'Direct Deposit'),
(16, 16, 47000.00, 2200.00, 4700.00, 1175.00, '2023-01-31', 'Direct Deposit'),
(17, 17, 51000.00, 2800.00, 5100.00, 1275.00, '2023-01-31', 'Direct Deposit'),
(18, 18, 82000.00, 4500.00, 8200.00, 2050.00, '2023-01-31', 'Direct Deposit'),
(19, 19, 35000.00, 900.00, 3500.00, 875.00, '2023-01-31', 'Direct Deposit'),
(20, 20, 33000.00, 700.00, 3300.00, 825.00, '2023-01-31', 'Direct Deposit'),
(21, 21, 43000.00, 1700.00, 4300.00, 1075.00, '2023-01-31', 'Direct Deposit'),
(22, 22, 30000.00, 300.00, 3000.00, 750.00, '2023-01-31', 'Direct Deposit'),
(23, 23, 36000.00, 800.00, 3600.00, 900.00, '2023-01-31', 'Direct Deposit'),
(24, 24, 26000.00, 100.00, 2600.00, 650.00, '2023-01-31', 'Direct Deposit'),
(25, 25, 33000.00, 600.00, 3300.00, 825.00, '2023-01-31', 'Direct Deposit'),
(26, 26, 46000.00, 2100.00, 4600.00, 1150.00, '2023-01-31', 'Direct Deposit'),
(27, 27, 50000.00, 2700.00, 5000.00, 1250.00, '2023-01-31', 'Direct Deposit'),
(28, 28, 80000.00, 4300.00, 8000.00, 2000.00, '2023-01-31', 'Direct Deposit'),
(29, 29, 34000.00, 800.00, 3400.00, 850.00, '2023-01-31', 'Direct Deposit'),
(30, 30, 32000.00, 600.00, 3200.00, 800.00, '2023-01-31', 'Direct Deposit'),
(31, 31, 46000.00, 1900.00, 4600.00, 1150.00, '2023-01-31', 'Direct Deposit'),
(32, 32, 33000.00, 500.00, 3300.00, 825.00, '2023-01-31', 'Direct Deposit'),
(33, 33, 39000.00, 1100.00, 3900.00, 975.00, '2023-01-31', 'Direct Deposit'),
(34, 34, 29000.00, 400.00, 2900.00, 725.00, '2023-01-31', 'Direct Deposit'),
(35, 35, 36000.00, 900.00, 3600.00, 900.00, '2023-01-31', 'Direct Deposit'),
(36, 36, 49000.00, 2600.00, 4900.00, 1225.00, '2023-01-31', 'Direct Deposit'),
(37, 37, 53000.00, 3100.00, 5300.00, 1325.00, '2023-01-31', 'Direct Deposit'),
(38, 38, 87000.00, 5200.00, 8700.00, 2175.00, '2023-01-31', 'Direct Deposit'),
(39, 39, 37000.00, 1100.00, 3700.00, 925.00, '2023-01-31', 'Direct Deposit'),
(40, 40, 35000.00, 900.00, 3500.00, 875.00, '2023-01-31', 'Direct Deposit'),
(41, 41, 44000.00, 1800.00, 4400.00, 1100.00, '2023-01-31', 'Direct Deposit'),
(42, 42, 31000.00, 400.00, 3100.00, 775.00, '2023-01-31', 'Direct Deposit'),
(43, 43, 37000.00, 900.00, 3700.00, 925.00, '2023-01-31', 'Direct Deposit'),
(44, 44, 27000.00, 200.00, 2700.00, 675.00, '2023-01-31', 'Direct Deposit'),
(45, 45, 34000.00, 700.00, 3400.00, 850.00, '2023-01-31', 'Direct Deposit'),
(46, 46, 47000.00, 2200.00, 4700.00, 1175.00, '2023-01-31', 'Direct Deposit'),
(47, 47, 51000.00, 2800.00, 5100.00, 1275.00, '2023-01-31', 'Direct Deposit'),
(48, 48, 83000.00, 4600.00, 8300.00, 2075.00, '2023-01-31', 'Direct Deposit'),
(49, 49, 35000.00, 900.00, 3500.00, 875.00, '2023-01-31', 'Direct Deposit'),
(50, 50, 33000.00, 700.00, 3300.00, 825.00, '2023-01-31', 'Direct Deposit'),
(51, 51, 43000.00, 1700.00, 4300.00, 1075.00, '2023-01-31', 'Direct Deposit'),
(52, 52, 30000.00, 300.00, 3000.00, 750.00, '2023-01-31', 'Direct Deposit'),
(53, 53, 36000.00, 800.00, 3600.00, 900.00, '2023-01-31', 'Direct Deposit'),
(54, 54, 26000.00, 100.00, 2600.00, 650.00, '2023-01-31', 'Direct Deposit'),
(55, 55, 33000.00, 600.00, 3300.00, 825.00, '2023-01-31', 'Direct Deposit'),
(56, 56, 46000.00, 2100.00, 4600.00, 1150.00, '2023-01-31', 'Direct Deposit'),
(57, 57, 50000.00, 2700.00, 5000.00, 1250.00, '2023-01-31', 'Direct Deposit'),
(58, 58, 81000.00, 4400.00, 8100.00, 2025.00, '2023-01-31', 'Direct Deposit'),
(59, 59, 34000.00, 800.00, 3400.00, 850.00, '2023-01-31', 'Direct Deposit'),
(60, 60, 32000.00, 600.00, 3200.00, 800.00, '2023-01-31', 'Direct Deposit'),
(61, 61, 50000.00, 2200.00, 5000.00, 1250.00, '2023-01-31', 'Direct Deposit'),
(62, 62, 37000.00, 600.00, 3700.00, 925.00, '2023-01-31', 'Direct Deposit'),
(63, 63, 42000.00, 1200.00, 4200.00, 1050.00, '2023-01-31', 'Direct Deposit'),
(64, 64, 32000.00, 300.00, 3200.00, 800.00, '2023-01-31', 'Direct Deposit'),
(65, 65, 39000.00, 900.00, 3900.00, 975.00, '2023-01-31', 'Direct Deposit'),
(66, 66, 52000.00, 2700.00, 5200.00, 1300.00, '2023-01-31', 'Direct Deposit'),
(67, 67, 56000.00, 3200.00, 5600.00, 1400.00, '2023-01-31', 'Direct Deposit'),
(68, 68, 90000.00, 5500.00, 9000.00, 2250.00, '2023-01-31', 'Direct Deposit'),
(69, 69, 40000.00, 1300.00, 4000.00, 1000.00, '2023-01-31', 'Direct Deposit'),
(70, 70, 38000.00, 1100.00, 3800.00, 950.00, '2023-01-31', 'Direct Deposit'),
(71, 71, 51000.00, 2300.00, 5100.00, 1275.00, '2023-01-31', 'Direct Deposit'),
(72, 72, 38000.00, 700.00, 3800.00, 950.00, '2023-01-31', 'Direct Deposit'),
(73, 73, 43000.00, 1300.00, 4300.00, 1075.00, '2023-01-31', 'Direct Deposit'),
(74, 74, 33000.00, 400.00, 3300.00, 825.00, '2023-01-31', 'Direct Deposit'),
(75, 75, 40000.00, 1000.00, 4000.00, 1000.00, '2023-01-31', 'Direct Deposit'),
(76, 76, 53000.00, 2800.00, 5300.00, 1325.00, '2023-01-31', 'Direct Deposit'),
(77, 77, 57000.00, 3300.00, 5700.00, 1425.00, '2023-01-31', 'Direct Deposit'),
(78, 78, 92000.00, 5800.00, 9200.00, 2300.00, '2023-01-31', 'Direct Deposit'),
(79, 79, 41000.00, 1400.00, 4100.00, 1025.00, '2023-01-31', 'Direct Deposit'),
(80, 80, 39000.00, 1200.00, 3900.00, 975.00, '2023-01-31', 'Direct Deposit'),
(81, 81, 45000.00, 2000.00, 4500.00, 1125.00, '2023-01-31', 'Direct Deposit'),
(82, 82, 32000.00, 500.00, 3200.00, 800.00, '2023-01-31', 'Direct Deposit'),
(83, 83, 38000.00, 1000.00, 3800.00, 950.00, '2023-01-31', 'Direct Deposit'),
(84, 84, 28000.00, 300.00, 2800.00, 700.00, '2023-01-31', 'Direct Deposit'),
(85, 85, 35000.00, 800.00, 3500.00, 875.00, '2023-01-31', 'Direct Deposit'),
(86, 86, 48000.00, 2500.00, 4800.00, 1200.00, '2023-01-31', 'Direct Deposit'),
(87, 87, 52000.00, 2900.00, 5200.00, 1300.00, '2023-01-31', 'Direct Deposit'),
(88, 88, 85000.00, 4900.00, 8500.00, 2125.00, '2023-01-31', 'Direct Deposit'),
(89, 89, 36000.00, 1000.00, 3600.00, 900.00, '2023-01-31', 'Direct Deposit'),
(90, 90, 34000.00, 800.00, 3400.00, 850.00, '2023-01-31', 'Direct Deposit'),
(91, 91, 44000.00, 1800.00, 4400.00, 1100.00, '2023-01-31', 'Direct Deposit'),
(92, 92, 31000.00, 400.00, 3100.00, 775.00, '2023-01-31', 'Direct Deposit'),
(93, 93, 37000.00, 900.00, 3700.00, 925.00, '2023-01-31', 'Direct Deposit'),
(94, 94, 27000.00, 200.00, 2700.00, 675.00, '2023-01-31', 'Direct Deposit'),
(95, 95, 34000.00, 700.00, 3400.00, 850.00, '2023-01-31', 'Direct Deposit'),
(96, 96, 47000.00, 2200.00, 4700.00, 1175.00, '2023-01-31', 'Direct Deposit'),
(97, 97, 51000.00, 2800.00, 5100.00, 1275.00, '2023-01-31', 'Direct Deposit'),
(98, 98, 84000.00, 4700.00, 8400.00, 2100.00, '2023-01-31', 'Direct Deposit'),
(99, 99, 35000.00, 900.00, 3500.00, 875.00, '2023-01-31', 'Direct Deposit'),
(100, 100, 33000.00, 700.00, 3300.00, 825.00, '2023-01-31', 'Direct Deposit');